[Licensing::Module] Trying to connect to existing licensing client channel...
Built from '6000.4/staging' branch; Version is '6000.4.4f1 (360f97ecca93) revision 3542935'; Using compiler version '194234433'; Build Type 'Release'
[Licensing::IpcConnector] Successfully connected to: "LicenseClient-Мария" at "2026-05-01T18:39:18.1710373Z"
OS: 'Windows 11  (10.0.26200) Professional' Language: 'ru' Physical Memory: 16104 MB
BatchMode: 1, IsHumanControllingUs: 0, StartBugReporterOnCrash: 0, Is64bit: 1
System  architecture: x64
Process architecture: x64
Date: 2026-05-01T18:39:18Z

COMMAND LINE ARGUMENTS:
C:\Program Files\Unity\Hub\Editor\6000.4.4f1\Editor\Unity.exe
-adb2
-batchMode
-noUpm
-name
AssetImportWorker0
-projectPath
C:/Users/NEO/My project
-logFile
Logs/AssetImportWorker0.log
-srvPort
53659
-licensingIpc
LicenseClient-Мария
-force-d3d12
-job-worker-count
7
-background-job-worker-count
8
-gc-helper-count
1
-name
AssetImport
Successfully changed project path to: C:/Users/NEO/My project
C:/Users/NEO/My project
[UnityMemory] Configuration Parameters - Can be set up in boot.config
    "memorysetup-temp-allocator-size-gi-baking-worker=262144"
    "memorysetup-temp-allocator-size-gi-baking-worker=262144"
    "memorysetup-temp-allocator-size-gi-baking-worker=262144"
    "memorysetup-temp-allocator-size-gi-baking-worker=262144"
    "memorysetup-temp-allocator-size-gi-baking-worker=262144"
    "memorysetup-temp-allocator-size-nav-mesh-worker=65536"
    "memorysetup-temp-allocator-size-audio-worker=65536"
    "memorysetup-temp-allocator-size-cloud-worker=32768"
    "memorysetup-temp-allocator-size-gfx=262144"
    "memorysetup-temp-allocator-size-preload-manager=33554432"
    "memorysetup-temp-allocator-size-job-worker=262144"
    "memorysetup-temp-allocator-size-background-worker=32768"
    "memorysetup-allocator-temp-initial-block-size-main=262144"
    "memorysetup-allocator-temp-initial-block-size-worker=262144"
    "memorysetup-bucket-allocator-granularity=16"
    "memorysetup-bucket-allocator-bucket-count=8"
    "memorysetup-bucket-allocator-block-size=33554432"
    "memorysetup-bucket-allocator-block-count=8"
    "memorysetup-main-allocator-block-size=16777216"
    "memorysetup-thread-allocator-block-size=16777216"
    "memorysetup-gfx-main-allocator-block-size=16777216"
    "memorysetup-gfx-thread-allocator-block-size=16777216"
    "memorysetup-cache-allocator-block-size=4194304"
    "memorysetup-typetree-allocator-block-size=2097152"
    "memorysetup-profiler-bucket-allocator-granularity=16"
    "memorysetup-profiler-bucket-allocator-bucket-count=8"
    "memorysetup-profiler-bucket-allocator-block-size=33554432"
    "memorysetup-profiler-bucket-allocator-block-count=8"
    "memorysetup-profiler-allocator-block-size=16777216"
    "memorysetup-profiler-editor-allocator-block-size=1048576"
    "memorysetup-temp-allocator-size-main=16777216"
    "memorysetup-job-temp-allocator-block-size=2097152"
    "memorysetup-job-temp-allocator-block-size-background=1048576"
    "memorysetup-job-temp-allocator-reduction-small-platforms=262144"
Player connection [6024]  Target information:

Player connection [6024]  * "[IP] 192.168.56.1 [Port] 0 [Flags] 2 [Guid] 955576280 [EditorId] 955576280 [Version] 1048832 [Id] WindowsEditor(7,DESKTOP-Q3RF0MG) [Debug] 1 [PackageName] WindowsEditor [ProjectName] Editor" 

Player connection [6024]  * "[IP] 26.131.254.69 [Port] 0 [Flags] 2 [Guid] 955576280 [EditorId] 955576280 [Version] 1048832 [Id] WindowsEditor(7,DESKTOP-Q3RF0MG) [Debug] 1 [PackageName] WindowsEditor [ProjectName] Editor" 

Player connection [6024]  * "[IP] 172.23.192.1 [Port] 0 [Flags] 2 [Guid] 955576280 [EditorId] 955576280 [Version] 1048832 [Id] WindowsEditor(7,DESKTOP-Q3RF0MG) [Debug] 1 [PackageName] WindowsEditor [ProjectName] Editor" 

Player connection [6024]  * "[IP] 192.168.0.101 [Port] 0 [Flags] 2 [Guid] 955576280 [EditorId] 955576280 [Version] 1048832 [Id] WindowsEditor(7,DESKTOP-Q3RF0MG) [Debug] 1 [PackageName] WindowsEditor [ProjectName] Editor" 

Player connection [6024] Host joined multi-casting on [225.0.0.222:54997]...
Player connection [6024] Host joined alternative multi-casting on [225.0.0.222:34997]...
JobSystem: Creating JobQueue using job-worker-count value 7
Input System module state changed to: Initialized.
[Physics::Module] Initialized fallback backend.
[Physics::Module] Id: 0xdecafbad
Library Redirect Path: Library/
[Physics::Module] Selected backend.
[Physics::Module] Name: PhysX
[Physics::Module] Id: 0xf2b8ea05
[Physics::Module] SDK Version: 4.1.2
[Physics::Module] Integration Version: 1.0.0
[Physics::Module] Threading Mode: Multi-Threaded
Refreshing native plugins compatible for Editor in 3.20 ms, found 5 plugins.
Initialize engine version: 6000.4.4f1 (360f97ecca93)
[Subsystems] Discovering subsystems at path C:/Program Files/Unity/Hub/Editor/6000.4.4f1/Editor/Data/Resources/UnitySubsystems
[Subsystems] Discovering subsystems at path C:/Users/NEO/My project/Assets
Forcing GfxDevice: Direct3D 12
GfxDevice: creating device client; kGfxThreadingModeNonThreaded
d3d12: failed to query info queue interface (0x80004002).
Direct3D:
    Version:         Direct3D 12 [level 12.2]
    Renderer:        NVIDIA GeForce RTX 3050 6GB Laptop GPU (ID=0x25ac)
    Vendor:          NVIDIA
    VRAM:            6016 MB
    App VRAM Budget: 5248 MB
    Driver:          31.0.15.3652
Initialize mono
Mono path[0] = 'C:/Program Files/Unity/Hub/Editor/6000.4.4f1/Editor/Data/Managed'
Mono path[1] = 'C:/Program Files/Unity/Hub/Editor/6000.4.4f1/Editor/Data/MonoBleedingEdge/lib/mono/unityjit-win32'
Mono config path = 'C:/Program Files/Unity/Hub/Editor/6000.4.4f1/Editor/Data/MonoBleedingEdge/etc'
Using monoOptions --debugger-agent=transport=dt_socket,embedding=1,server=y,suspend=n,address=127.0.0.1:56304
CodeReloadManager initialized
Begin MonoManager ReloadAssembly
Registering precompiled unity dll's ...
Register platform support module: C:/Program Files/Unity/Hub/Editor/6000.4.4f1/Editor/Data/PlaybackEngines/WebGLSupport/UnityEditor.WebGL.Extensions.dll
Register platform support module: C:/Program Files/Unity/Hub/Editor/6000.4.4f1/Editor/Data/PlaybackEngines/WindowsStandaloneSupport/UnityEditor.WindowsStandalone.Extensions.dll
Registered in 0.001322 seconds.
Native extension for WindowsStandalone target not found
Native extension for WebGL target not found
Package Manager log level set to [2]
[Package Manager] Failed to launch server process. Reason: Unity was launched with the -noUpm command-line argument
[Package Manager] Unable to send message (not connected to server process).
[Package Manager] Cannot connect to Unity Package Manager local server
ScheduleIndexationOnStartup MainProcess:False IndexOnStartup:True
Mono: successfully reloaded assembly
- Finished resetting the current domain, in  0.320 seconds
Domain Reload Profiling: 676ms
	BeginReloadAssembly (102ms)
	RebuildCommonClasses (30ms)
	RebuildNativeTypeToScriptingClass (10ms)
	initialDomainReloadingComplete (48ms)
	LoadAllAssembliesAndSetupDomain (164ms)
		LoadAssemblies (101ms)
		AnalyzeDomain (156ms)
			TypeCache.Refresh (155ms)
				TypeCache.ScanAssembly (143ms)
	FinalizeReload (321ms)
		SetupLoadedEditorAssemblies (0ms)
			InitializePlatformSupportModulesInManaged (36ms)
			BeforeProcessingInitializeOnLoad (70ms)
			ProcessInitializeOnLoadAttributes (85ms)
			ProcessInitializeOnLoadMethodAttributes (70ms)
========================================================================
Worker process is ready to serve import requests
Import Worker Mode flag is 0x00
Begin MonoManager ReloadAssembly
[Licensing::Module] Licensing is not yet initialized.
[Licensing::Client] Error: HandshakeResponse reported an error:
	ResponseCode: 505
	ResponseStatus: Unsupported protocol version '1.18.1'.
[Licensing::Module] Error: Failed to handshake to channel: "LicenseClient-Мария"
[Licensing::IpcConnector] LicenseClient-Мария channel disconnected successfully.
[Licensing::IpcConnector] Successfully connected to: "LicenseClient-Мария-6000.4.4" at "2026-05-01T18:39:19.8620549Z"
[Licensing::Client] Handshaking with LicensingClient:
  Version:                 1.18.1+9fbee8e
  Session Id:              2898aaf312e447288be348fc33388d56
  Correlation Id:          23520b1f1c6ccc221cabb94aa2e0ced8
  External correlation Id: 2827799240499856817
  Machine Id:              IG70BjtbNRefmsLILAADr5A33Ls=
[Licensing::Module] Successfully connected to LicensingClient on channel: "LicenseClient-Мария-6000.4.4" (connect: 0.00s, validation: 0.00s, handshake: 1.92s)
[Licensing::IpcConnector] Successfully connected to: "LicenseClient-Мария-6000.4.4-notifications" at "2026-05-01T18:39:21.7816221Z"
[Licensing::Module] Licensing Background thread has ended after 3.61s
[Licensing::Module] Licensing is initialized (took 1.93s).
[Licensing::Client] Successfully resolved entitlement details
[Licensing::Module] License group:
  Id: 9072385489012-UnityPersXXXX
  Product: Unity Personal
  Type: Assigned
  Expiration: Unlimited
Assembly Assembly-CSharp-Editor-firstpass.dll at Library/ScriptAssemblies/Assembly-CSharp-Editor-firstpass.dll not valid. Loading of assembly skipped.
Assembly Assembly-CSharp-Editor.dll at Library/ScriptAssemblies/Assembly-CSharp-Editor.dll not valid. Loading of assembly skipped.
Assembly Assembly-CSharp-firstpass.dll at Library/ScriptAssemblies/Assembly-CSharp-firstpass.dll not valid. Loading of assembly skipped.
Assembly DocCodeExamples.dll at Library/ScriptAssemblies/DocCodeExamples.dll not valid. Loading of assembly skipped.
Assembly TestNewCustomAssembly.dll at Library/ScriptAssemblies/TestNewCustomAssembly.dll not valid. Loading of assembly skipped.
Assembly Unity.2D.Animation.EditorTests.dll at Library/ScriptAssemblies/Unity.2D.Animation.EditorTests.dll not valid. Loading of assembly skipped.
Assembly Unity.2D.Aseprite.EditorTests.dll at Library/ScriptAssemblies/Unity.2D.Aseprite.EditorTests.dll not valid. Loading of assembly skipped.
Assembly Unity.2D.Common.EditorTests.dll at Library/ScriptAssemblies/Unity.2D.Common.EditorTests.dll not valid. Loading of assembly skipped.
Assembly Unity.2D.Psdimporter.EditorTests.dll at Library/ScriptAssemblies/Unity.2D.Psdimporter.EditorTests.dll not valid. Loading of assembly skipped.
Assembly Unity.2D.Sprite.Package.EditorTests.dll at Library/ScriptAssemblies/Unity.2D.Sprite.Package.EditorTests.dll not valid. Loading of assembly skipped.
Assembly Unity.2D.SpriteShape.EditorTests.dll at Library/ScriptAssemblies/Unity.2D.SpriteShape.EditorTests.dll not valid. Loading of assembly skipped.
Assembly Unity.2D.Tilemap.Package.EditorTests.dll at Library/ScriptAssemblies/Unity.2D.Tilemap.Package.EditorTests.dll not valid. Loading of assembly skipped.
Assembly Unity.Collections.BurstCompatibilityGen.dll at Library/ScriptAssemblies/Unity.Collections.BurstCompatibilityGen.dll not valid. Loading of assembly skipped.
Assembly Unity.Collections.DocCodeSamples.dll at Library/ScriptAssemblies/Unity.Collections.DocCodeSamples.dll not valid. Loading of assembly skipped.
Assembly Unity.Collections.PerformanceTests.dll at Library/ScriptAssemblies/Unity.Collections.PerformanceTests.dll not valid. Loading of assembly skipped.
Assembly Unity.Collections.Tests.dll at Library/ScriptAssemblies/Unity.Collections.Tests.dll not valid. Loading of assembly skipped.
Assembly Unity.Collections.Tests.Playmode.dll at Library/ScriptAssemblies/Unity.Collections.Tests.Playmode.dll not valid. Loading of assembly skipped.
Assembly Unity.InputSystem.IntegrationTests.dll at Library/ScriptAssemblies/Unity.InputSystem.IntegrationTests.dll not valid. Loading of assembly skipped.
Assembly Unity.Mathematics.Tests.dll at Library/ScriptAssemblies/Unity.Mathematics.Tests.dll not valid. Loading of assembly skipped.
Assembly Unity.Multiplayer.Center.Editor.Tests.dll at Library/ScriptAssemblies/Unity.Multiplayer.Center.Editor.Tests.dll not valid. Loading of assembly skipped.
Assembly Unity.Multiplayer.Center.Tests.dll at Library/ScriptAssemblies/Unity.Multiplayer.Center.Tests.dll not valid. Loading of assembly skipped.
Assembly Unity.Nuget.Mono-Cecil.dll at Library/ScriptAssemblies/Unity.Nuget.Mono-Cecil.dll not valid. Loading of assembly skipped.
Assembly Unity.PathTracing.Editor.Tests.dll at Library/ScriptAssemblies/Unity.PathTracing.Editor.Tests.dll not valid. Loading of assembly skipped.
Assembly Unity.PathTracing.Runtime.Tests.dll at Library/ScriptAssemblies/Unity.PathTracing.Runtime.Tests.dll not valid. Loading of assembly skipped.
Assembly Unity.RenderPipelines.Core.Editor.Tests.dll at Library/ScriptAssemblies/Unity.RenderPipelines.Core.Editor.Tests.dll not valid. Loading of assembly skipped.
Assembly Unity.RenderPipelines.Core.Runtime.Tests.dll at Library/ScriptAssemblies/Unity.RenderPipelines.Core.Runtime.Tests.dll not valid. Loading of assembly skipped.
Assembly Unity.RenderPipelines.Universal.Config.Editor.Tests.dll at Library/ScriptAssemblies/Unity.RenderPipelines.Universal.Config.Editor.Tests.dll not valid. Loading of assembly skipped.
Assembly Unity.RenderPipelines.Universal.Editor.Tests.dll at Library/ScriptAssemblies/Unity.RenderPipelines.Universal.Editor.Tests.dll not valid. Loading of assembly skipped.
Assembly Unity.RenderPipelines.Universal.Runtime.Tests.dll at Library/ScriptAssemblies/Unity.RenderPipelines.Universal.Runtime.Tests.dll not valid. Loading of assembly skipped.
Assembly Unity.Searcher.EditorTests.dll at Library/ScriptAssemblies/Unity.Searcher.EditorTests.dll not valid. Loading of assembly skipped.
Assembly Unity.ShaderGraph.Editor.Tests.dll at Library/ScriptAssemblies/Unity.ShaderGraph.Editor.Tests.dll not valid. Loading of assembly skipped.
Assembly Unity.TextMeshPro.Editor.Tests.dll at Library/ScriptAssemblies/Unity.TextMeshPro.Editor.Tests.dll not valid. Loading of assembly skipped.
Assembly Unity.TextMeshPro.Tests.dll at Library/ScriptAssemblies/Unity.TextMeshPro.Tests.dll not valid. Loading of assembly skipped.
Assembly Unity.UnifiedRayTracing.Editor.Tests.dll at Library/ScriptAssemblies/Unity.UnifiedRayTracing.Editor.Tests.dll not valid. Loading of assembly skipped.
Assembly UnityEditor.UI.Common.Tests.dll at Library/ScriptAssemblies/UnityEditor.UI.Common.Tests.dll not valid. Loading of assembly skipped.
Assembly UnityEditor.UI.EditorTests.dll at Library/ScriptAssemblies/UnityEditor.UI.EditorTests.dll not valid. Loading of assembly skipped.
Assembly UnityEngine.UI.Tests.dll at Library/ScriptAssemblies/UnityEngine.UI.Tests.dll not valid. Loading of assembly skipped.
Native extension for WindowsStandalone target not found
Native extension for WebGL target not found
[Package Manager] Failed to launch server process. Reason: Unity was launched with the -noUpm command-line argument
[Package Manager] Unable to send message (not connected to server process).
[Package Manager] Cannot connect to Unity Package Manager local server
[Package Manager] Failed to launch server process. Reason: Unity was launched with the -noUpm command-line argument
[Package Manager] Unable to send message (not connected to server process).
[Package Manager] Cannot connect to Unity Package Manager local server
ScheduleIndexationOnStartup MainProcess:False IndexOnStartup:True
Mono: successfully reloaded assembly
- Finished resetting the current domain, in  0.785 seconds
Domain Reload Profiling: 3589ms
	BeginReloadAssembly (2122ms)
		DisableScriptedObjects (7ms)
		CreateAndSetChildDomain (31ms)
	RebuildCommonClasses (43ms)
	RebuildNativeTypeToScriptingClass (12ms)
	initialDomainReloadingComplete (67ms)
	LoadAllAssembliesAndSetupDomain (559ms)
		LoadAssemblies (366ms)
		AnalyzeDomain (287ms)
			TypeCache.Refresh (200ms)
				TypeCache.ScanAssembly (184ms)
			BuildScriptInfoCaches (74ms)
			ResolveRequiredComponents (11ms)
	FinalizeReload (786ms)
		SetupLoadedEditorAssemblies (0ms)
			BeforeProcessingInitializeOnLoad (147ms)
			ProcessInitializeOnLoadAttributes (329ms)
			ProcessInitializeOnLoadMethodAttributes (132ms)
			AfterProcessingInitializeOnLoad (4ms)
		AwakeInstancesAfterBackupRestoration (7ms)
Launched and connected shader compiler UnityShaderCompiler.exe after 0.02 seconds
Refreshing native plugins compatible for Editor in 2.30 ms, found 5 plugins.
Unloading 24 Unused Serialized files (Serialized files now loaded: 0)
Unloading 7302 unused Assets / (5.8 MB). Loaded Objects now: 8143.
Memory consumption went from 169.6 MB to 163.8 MB.
Total: 8.402300 ms (FindLiveObjects: 0.708100 ms CreateObjectMapping: 0.626700 ms MarkObjects: 4.548900 ms  DeleteObjects: 2.516300 ms)

========================================================================
Received Import Request.
  Time since last request: 509860.214753 seconds.
  path: Assets/New Folder/Без имени.jpg
  importAddress: Guid(e5d491724df98ad47a6f89ef466af68d) Importer(815301076,1909f56bfc062723c751e8b465ee728b)
Start importing Assets/New Folder/Без имени.jpg using Guid(e5d491724df98ad47a6f89ef466af68d) Importer(815301076,1909f56bfc062723c751e8b465ee728b) (PreviewImporter) -> (Import Result ID: '4b29aa0d2c1306f7d68f3c31a4957059') in 0.1013932 seconds [static and dynamic dependencies]. Details - ImportResultOutputID=050613d8a63f2bb406a83bb9eaeb5610 DependenciesID=13c619ebee8eb47988759606122689c1 StaticDependenciesID=63d1b014680760c5828815ee86b339bf 
Number of updated asset objects reloaded before import = 0Number of asset objects unloaded after import = 3

========================================================================
Received Import Request.
  Time since last request: 4.053188 seconds.
  path: Assets/New Folder/Без имени.jpg
  importAddress: Guid(e5d491724df98ad47a6f89ef466af68d) Importer(2089858483,b0f066a214c2f5e87bad3c948f4d605d)
Start importing Assets/New Folder/Без имени.jpg using Guid(e5d491724df98ad47a6f89ef466af68d) Importer(2089858483,b0f066a214c2f5e87bad3c948f4d605d) (ScriptedImporter) -> (Import Result ID: '3d8f219a724d78611961d2942c83c218') in 0.1085025 seconds [static and dynamic dependencies]. Details - ImportResultOutputID=cffb8e529e8ee48a05b3c6eeaf2eb20d DependenciesID=aaf869065db359b9a19f241df1317576 StaticDependenciesID=efe2306871b20c038a0ceb4e82d22a48 
Number of updated asset objects reloaded before import = 0Number of asset objects unloaded after import = 3

========================================================================
Received Prepare
Begin MonoManager ReloadAssembly
[Licensing::Client] Successfully resolved entitlement details
Assembly Assembly-CSharp-Editor-firstpass.dll at Library/ScriptAssemblies/Assembly-CSharp-Editor-firstpass.dll not valid. Loading of assembly skipped.
Assembly Assembly-CSharp-Editor.dll at Library/ScriptAssemblies/Assembly-CSharp-Editor.dll not valid. Loading of assembly skipped.
Assembly Assembly-CSharp-firstpass.dll at Library/ScriptAssemblies/Assembly-CSharp-firstpass.dll not valid. Loading of assembly skipped.
Assembly DocCodeExamples.dll at Library/ScriptAssemblies/DocCodeExamples.dll not valid. Loading of assembly skipped.
Assembly TestNewCustomAssembly.dll at Library/ScriptAssemblies/TestNewCustomAssembly.dll not valid. Loading of assembly skipped.
Assembly Unity.2D.Animation.EditorTests.dll at Library/ScriptAssemblies/Unity.2D.Animation.EditorTests.dll not valid. Loading of assembly skipped.
Assembly Unity.2D.Aseprite.EditorTests.dll at Library/ScriptAssemblies/Unity.2D.Aseprite.EditorTests.dll not valid. Loading of assembly skipped.
Assembly Unity.2D.Common.EditorTests.dll at Library/ScriptAssemblies/Unity.2D.Common.EditorTests.dll not valid. Loading of assembly skipped.
Assembly Unity.2D.Psdimporter.EditorTests.dll at Library/ScriptAssemblies/Unity.2D.Psdimporter.EditorTests.dll not valid. Loading of assembly skipped.
Assembly Unity.2D.Sprite.Package.EditorTests.dll at Library/ScriptAssemblies/Unity.2D.Sprite.Package.EditorTests.dll not valid. Loading of assembly skipped.
Assembly Unity.2D.SpriteShape.EditorTests.dll at Library/ScriptAssemblies/Unity.2D.SpriteShape.EditorTests.dll not valid. Loading of assembly skipped.
Assembly Unity.2D.Tilemap.Package.EditorTests.dll at Library/ScriptAssemblies/Unity.2D.Tilemap.Package.EditorTests.dll not valid. Loading of assembly skipped.
Assembly Unity.Collections.BurstCompatibilityGen.dll at Library/ScriptAssemblies/Unity.Collections.BurstCompatibilityGen.dll not valid. Loading of assembly skipped.
Assembly Unity.Collections.DocCodeSamples.dll at Library/ScriptAssemblies/Unity.Collections.DocCodeSamples.dll not valid. Loading of assembly skipped.
Assembly Unity.Collections.PerformanceTests.dll at Library/ScriptAssemblies/Unity.Collections.PerformanceTests.dll not valid. Loading of assembly skipped.
Assembly Unity.Collections.Tests.dll at Library/ScriptAssemblies/Unity.Collections.Tests.dll not valid. Loading of assembly skipped.
Assembly Unity.Collections.Tests.Playmode.dll at Library/ScriptAssemblies/Unity.Collections.Tests.Playmode.dll not valid. Loading of assembly skipped.
Assembly Unity.InputSystem.IntegrationTests.dll at Library/ScriptAssemblies/Unity.InputSystem.IntegrationTests.dll not valid. Loading of assembly skipped.
Assembly Unity.Mathematics.Tests.dll at Library/ScriptAssemblies/Unity.Mathematics.Tests.dll not valid. Loading of assembly skipped.
Assembly Unity.Multiplayer.Center.Editor.Tests.dll at Library/ScriptAssemblies/Unity.Multiplayer.Center.Editor.Tests.dll not valid. Loading of assembly skipped.
Assembly Unity.Multiplayer.Center.Tests.dll at Library/ScriptAssemblies/Unity.Multiplayer.Center.Tests.dll not valid. Loading of assembly skipped.
Assembly Unity.Nuget.Mono-Cecil.dll at Library/ScriptAssemblies/Unity.Nuget.Mono-Cecil.dll not valid. Loading of assembly skipped.
Assembly Unity.PathTracing.Editor.Tests.dll at Library/ScriptAssemblies/Unity.PathTracing.Editor.Tests.dll not valid. Loading of assembly skipped.
Assembly Unity.PathTracing.Runtime.Tests.dll at Library/ScriptAssemblies/Unity.PathTracing.Runtime.Tests.dll not valid. Loading of assembly skipped.
Assembly Unity.RenderPipelines.Core.Editor.Tests.dll at Library/ScriptAssemblies/Unity.RenderPipelines.Core.Editor.Tests.dll not valid. Loading of assembly skipped.
Assembly Unity.RenderPipelines.Core.Runtime.Tests.dll at Library/ScriptAssemblies/Unity.RenderPipelines.Core.Runtime.Tests.dll not valid. Loading of assembly skipped.
Assembly Unity.RenderPipelines.Universal.Config.Editor.Tests.dll at Library/ScriptAssemblies/Unity.RenderPipelines.Universal.Config.Editor.Tests.dll not valid. Loading of assembly skipped.
Assembly Unity.RenderPipelines.Universal.Editor.Tests.dll at Library/ScriptAssemblies/Unity.RenderPipelines.Universal.Editor.Tests.dll not valid. Loading of assembly skipped.
Assembly Unity.RenderPipelines.Universal.Runtime.Tests.dll at Library/ScriptAssemblies/Unity.RenderPipelines.Universal.Runtime.Tests.dll not valid. Loading of assembly skipped.
Assembly Unity.Searcher.EditorTests.dll at Library/ScriptAssemblies/Unity.Searcher.EditorTests.dll not valid. Loading of assembly skipped.
Assembly Unity.ShaderGraph.Editor.Tests.dll at Library/ScriptAssemblies/Unity.ShaderGraph.Editor.Tests.dll not valid. Loading of assembly skipped.
Assembly Unity.TextMeshPro.Editor.Tests.dll at Library/ScriptAssemblies/Unity.TextMeshPro.Editor.Tests.dll not valid. Loading of assembly skipped.
Assembly Unity.TextMeshPro.Tests.dll at Library/ScriptAssemblies/Unity.TextMeshPro.Tests.dll not valid. Loading of assembly skipped.
Assembly Unity.UnifiedRayTracing.Editor.Tests.dll at Library/ScriptAssemblies/Unity.UnifiedRayTracing.Editor.Tests.dll not valid. Loading of assembly skipped.
Assembly UnityEditor.UI.Common.Tests.dll at Library/ScriptAssemblies/UnityEditor.UI.Common.Tests.dll not valid. Loading of assembly skipped.
Assembly UnityEditor.UI.EditorTests.dll at Library/ScriptAssemblies/UnityEditor.UI.EditorTests.dll not valid. Loading of assembly skipped.
Assembly UnityEngine.UI.Tests.dll at Library/ScriptAssemblies/UnityEngine.UI.Tests.dll not valid. Loading of assembly skipped.
Native extension for WindowsStandalone target not found
Native extension for WebGL target not found
[Package Manager] Failed to launch server process. Reason: Unity was launched with the -noUpm command-line argument
[Package Manager] Unable to send message (not connected to server process).
[Package Manager] Cannot connect to Unity Package Manager local server
[Package Manager] Failed to launch server process. Reason: Unity was launched with the -noUpm command-line argument
[Package Manager] Unable to send message (not connected to server process).
[Package Manager] Cannot connect to Unity Package Manager local server
ScheduleIndexationOnStartup MainProcess:False IndexOnStartup:True
Mono: successfully reloaded assembly
- Finished resetting the current domain, in  0.600 seconds
Domain Reload Profiling: 1298ms
	BeginReloadAssembly (202ms)
		DisableScriptedObjects (10ms)
		CreateAndSetChildDomain (55ms)
	RebuildCommonClasses (31ms)
	RebuildNativeTypeToScriptingClass (11ms)
	initialDomainReloadingComplete (54ms)
	LoadAllAssembliesAndSetupDomain (398ms)
		LoadAssemblies (295ms)
		AnalyzeDomain (178ms)
			TypeCache.Refresh (8ms)
			BuildScriptInfoCaches (159ms)
			ResolveRequiredComponents (10ms)
	FinalizeReload (601ms)
		SetupLoadedEditorAssemblies (0ms)
			BeforeProcessingInitializeOnLoad (127ms)
			ProcessInitializeOnLoadAttributes (245ms)
			ProcessInitializeOnLoadMethodAttributes (66ms)
			AfterProcessingInitializeOnLoad (4ms)
		AwakeInstancesAfterBackupRestoration (11ms)
Unloading 24 Unused Serialized files (Serialized files now loaded: 0)
Unloading 7300 unused Assets / (6.0 MB). Loaded Objects now: 8154.
Memory consumption went from 171.5 MB to 165.5 MB.
Total: 7.513200 ms (FindLiveObjects: 0.582200 ms CreateObjectMapping: 0.527900 ms MarkObjects: 4.202100 ms  DeleteObjects: 2.199900 ms)

Prepare: number of updated asset objects reloaded= 0
========================================================================
Received Prepare
Begin MonoManager ReloadAssembly
Assembly Assembly-CSharp-Editor-firstpass.dll at Library/ScriptAssemblies/Assembly-CSharp-Editor-firstpass.dll not valid. Loading of assembly skipped.
Assembly Assembly-CSharp-Editor.dll at Library/ScriptAssemblies/Assembly-CSharp-Editor.dll not valid. Loading of assembly skipped.
Assembly Assembly-CSharp-firstpass.dll at Library/ScriptAssemblies/Assembly-CSharp-firstpass.dll not valid. Loading of assembly skipped.
Assembly DocCodeExamples.dll at Library/ScriptAssemblies/DocCodeExamples.dll not valid. Loading of assembly skipped.
Assembly TestNewCustomAssembly.dll at Library/ScriptAssemblies/TestNewCustomAssembly.dll not valid. Loading of assembly skipped.
Assembly Unity.2D.Animation.EditorTests.dll at Library/ScriptAssemblies/Unity.2D.Animation.EditorTests.dll not valid. Loading of assembly skipped.
Assembly Unity.2D.Aseprite.EditorTests.dll at Library/ScriptAssemblies/Unity.2D.Aseprite.EditorTests.dll not valid. Loading of assembly skipped.
Assembly Unity.2D.Common.EditorTests.dll at Library/ScriptAssemblies/Unity.2D.Common.EditorTests.dll not valid. Loading of assembly skipped.
Assembly Unity.2D.Psdimporter.EditorTests.dll at Library/ScriptAssemblies/Unity.2D.Psdimporter.EditorTests.dll not valid. Loading of assembly skipped.
Assembly Unity.2D.Sprite.Package.EditorTests.dll at Library/ScriptAssemblies/Unity.2D.Sprite.Package.EditorTests.dll not valid. Loading of assembly skipped.
Assembly Unity.2D.SpriteShape.EditorTests.dll at Library/ScriptAssemblies/Unity.2D.SpriteShape.EditorTests.dll not valid. Loading of assembly skipped.
Assembly Unity.2D.Tilemap.Package.EditorTests.dll at Library/ScriptAssemblies/Unity.2D.Tilemap.Package.EditorTests.dll not valid. Loading of assembly skipped.
Assembly Unity.Collections.BurstCompatibilityGen.dll at Library/ScriptAssemblies/Unity.Collections.BurstCompatibilityGen.dll not valid. Loading of assembly skipped.
Assembly Unity.Collections.DocCodeSamples.dll at Library/ScriptAssemblies/Unity.Collections.DocCodeSamples.dll not valid. Loading of assembly skipped.
Assembly Unity.Collections.PerformanceTests.dll at Library/ScriptAssemblies/Unity.Collections.PerformanceTests.dll not valid. Loading of assembly skipped.
Assembly Unity.Collections.Tests.dll at Library/ScriptAssemblies/Unity.Collections.Tests.dll not valid. Loading of assembly skipped.
Assembly Unity.Collections.Tests.Playmode.dll at Library/ScriptAssemblies/Unity.Collections.Tests.Playmode.dll not valid. Loading of assembly skipped.
Assembly Unity.InputSystem.IntegrationTests.dll at Library/ScriptAssemblies/Unity.InputSystem.IntegrationTests.dll not valid. Loading of assembly skipped.
Assembly Unity.Mathematics.Tests.dll at Library/ScriptAssemblies/Unity.Mathematics.Tests.dll not valid. Loading of assembly skipped.
Assembly Unity.Multiplayer.Center.Editor.Tests.dll at Library/ScriptAssemblies/Unity.Multiplayer.Center.Editor.Tests.dll not valid. Loading of assembly skipped.
Assembly Unity.Multiplayer.Center.Tests.dll at Library/ScriptAssemblies/Unity.Multiplayer.Center.Tests.dll not valid. Loading of assembly skipped.
Assembly Unity.Nuget.Mono-Cecil.dll at Library/ScriptAssemblies/Unity.Nuget.Mono-Cecil.dll not valid. Loading of assembly skipped.
Assembly Unity.PathTracing.Editor.Tests.dll at Library/ScriptAssemblies/Unity.PathTracing.Editor.Tests.dll not valid. Loading of assembly skipped.
Assembly Unity.PathTracing.Runtime.Tests.dll at Library/ScriptAssemblies/Unity.PathTracing.Runtime.Tests.dll not valid. Loading of assembly skipped.
Assembly Unity.RenderPipelines.Core.Editor.Tests.dll at Library/ScriptAssemblies/Unity.RenderPipelines.Core.Editor.Tests.dll not valid. Loading of assembly skipped.
Assembly Unity.RenderPipelines.Core.Runtime.Tests.dll at Library/ScriptAssemblies/Unity.RenderPipelines.Core.Runtime.Tests.dll not valid. Loading of assembly skipped.
Assembly Unity.RenderPipelines.Universal.Config.Editor.Tests.dll at Library/ScriptAssemblies/Unity.RenderPipelines.Universal.Config.Editor.Tests.dll not valid. Loading of assembly skipped.
Assembly Unity.RenderPipelines.Universal.Editor.Tests.dll at Library/ScriptAssemblies/Unity.RenderPipelines.Universal.Editor.Tests.dll not valid. Loading of assembly skipped.
Assembly Unity.RenderPipelines.Universal.Runtime.Tests.dll at Library/ScriptAssemblies/Unity.RenderPipelines.Universal.Runtime.Tests.dll not valid. Loading of assembly skipped.
Assembly Unity.Searcher.EditorTests.dll at Library/ScriptAssemblies/Unity.Searcher.EditorTests.dll not valid. Loading of assembly skipped.
Assembly Unity.ShaderGraph.Editor.Tests.dll at Library/ScriptAssemblies/Unity.ShaderGraph.Editor.Tests.dll not valid. Loading of assembly skipped.
Assembly Unity.TextMeshPro.Editor.Tests.dll at Library/ScriptAssemblies/Unity.TextMeshPro.Editor.Tests.dll not valid. Loading of assembly skipped.
Assembly Unity.TextMeshPro.Tests.dll at Library/ScriptAssemblies/Unity.TextMeshPro.Tests.dll not valid. Loading of assembly skipped.
Assembly Unity.UnifiedRayTracing.Editor.Tests.dll at Library/ScriptAssemblies/Unity.UnifiedRayTracing.Editor.Tests.dll not valid. Loading of assembly skipped.
Assembly UnityEditor.UI.Common.Tests.dll at Library/ScriptAssemblies/UnityEditor.UI.Common.Tests.dll not valid. Loading of assembly skipped.
Assembly UnityEditor.UI.EditorTests.dll at Library/ScriptAssemblies/UnityEditor.UI.EditorTests.dll not valid. Loading of assembly skipped.
Assembly UnityEngine.UI.Tests.dll at Library/ScriptAssemblies/UnityEngine.UI.Tests.dll not valid. Loading of assembly skipped.
Native extension for WindowsStandalone target not found
Native extension for WebGL target not found
[Package Manager] Failed to launch server process. Reason: Unity was launched with the -noUpm command-line argument
[Package Manager] Unable to send message (not connected to server process).
[Package Manager] Cannot connect to Unity Package Manager local server
[Package Manager] Failed to launch server process. Reason: Unity was launched with the -noUpm command-line argument
[Package Manager] Unable to send message (not connected to server process).
[Package Manager] Cannot connect to Unity Package Manager local server
ScheduleIndexationOnStartup MainProcess:False IndexOnStartup:True
Mono: successfully reloaded assembly
- Finished resetting the current domain, in  0.667 seconds
Domain Reload Profiling: 1363ms
	BeginReloadAssembly (190ms)
		DisableScriptedObjects (11ms)
		CreateAndSetChildDomain (48ms)
	RebuildCommonClasses (32ms)
	RebuildNativeTypeToScriptingClass (10ms)
	initialDomainReloadingComplete (51ms)
	LoadAllAssembliesAndSetupDomain (412ms)
		LoadAssemblies (296ms)
		AnalyzeDomain (189ms)
			TypeCache.Refresh (8ms)
			BuildScriptInfoCaches (171ms)
			ResolveRequiredComponents (9ms)
	FinalizeReload (668ms)
		SetupLoadedEditorAssemblies (0ms)
			BeforeProcessingInitializeOnLoad (138ms)
			ProcessInitializeOnLoadAttributes (274ms)
			ProcessInitializeOnLoadMethodAttributes (81ms)
			AfterProcessingInitializeOnLoad (5ms)
		AwakeInstancesAfterBackupRestoration (13ms)
Unloading 24 Unused Serialized files (Serialized files now loaded: 0)
Unloading 7300 unused Assets / (5.5 MB). Loaded Objects now: 8157.
Memory consumption went from 174.6 MB to 169.1 MB.
Total: 7.969700 ms (FindLiveObjects: 0.622800 ms CreateObjectMapping: 0.572500 ms MarkObjects: 4.317100 ms  DeleteObjects: 2.455700 ms)

Prepare: number of updated asset objects reloaded= 0
========================================================================
Received Prepare
Begin MonoManager ReloadAssembly
[Licensing::Client] Successfully resolved entitlement details
Assembly Assembly-CSharp-Editor-firstpass.dll at Library/ScriptAssemblies/Assembly-CSharp-Editor-firstpass.dll not valid. Loading of assembly skipped.
Assembly Assembly-CSharp-Editor.dll at Library/ScriptAssemblies/Assembly-CSharp-Editor.dll not valid. Loading of assembly skipped.
Assembly Assembly-CSharp-firstpass.dll at Library/ScriptAssemblies/Assembly-CSharp-firstpass.dll not valid. Loading of assembly skipped.
Assembly DocCodeExamples.dll at Library/ScriptAssemblies/DocCodeExamples.dll not valid. Loading of assembly skipped.
Assembly TestNewCustomAssembly.dll at Library/ScriptAssemblies/TestNewCustomAssembly.dll not valid. Loading of assembly skipped.
Assembly Unity.2D.Animation.EditorTests.dll at Library/ScriptAssemblies/Unity.2D.Animation.EditorTests.dll not valid. Loading of assembly skipped.
Assembly Unity.2D.Aseprite.EditorTests.dll at Library/ScriptAssemblies/Unity.2D.Aseprite.EditorTests.dll not valid. Loading of assembly skipped.
Assembly Unity.2D.Common.EditorTests.dll at Library/ScriptAssemblies/Unity.2D.Common.EditorTests.dll not valid. Loading of assembly skipped.
Assembly Unity.2D.Psdimporter.EditorTests.dll at Library/ScriptAssemblies/Unity.2D.Psdimporter.EditorTests.dll not valid. Loading of assembly skipped.
Assembly Unity.2D.Sprite.Package.EditorTests.dll at Library/ScriptAssemblies/Unity.2D.Sprite.Package.EditorTests.dll not valid. Loading of assembly skipped.
Assembly Unity.2D.SpriteShape.EditorTests.dll at Library/ScriptAssemblies/Unity.2D.SpriteShape.EditorTests.dll not valid. Loading of assembly skipped.
Assembly Unity.2D.Tilemap.Package.EditorTests.dll at Library/ScriptAssemblies/Unity.2D.Tilemap.Package.EditorTests.dll not valid. Loading of assembly skipped.
Assembly Unity.Collections.BurstCompatibilityGen.dll at Library/ScriptAssemblies/Unity.Collections.BurstCompatibilityGen.dll not valid. Loading of assembly skipped.
Assembly Unity.Collections.DocCodeSamples.dll at Library/ScriptAssemblies/Unity.Collections.DocCodeSamples.dll not valid. Loading of assembly skipped.
Assembly Unity.Collections.PerformanceTests.dll at Library/ScriptAssemblies/Unity.Collections.PerformanceTests.dll not valid. Loading of assembly skipped.
Assembly Unity.Collections.Tests.dll at Library/ScriptAssemblies/Unity.Collections.Tests.dll not valid. Loading of assembly skipped.
Assembly Unity.Collections.Tests.Playmode.dll at Library/ScriptAssemblies/Unity.Collections.Tests.Playmode.dll not valid. Loading of assembly skipped.
Assembly Unity.InputSystem.IntegrationTests.dll at Library/ScriptAssemblies/Unity.InputSystem.IntegrationTests.dll not valid. Loading of assembly skipped.
Assembly Unity.Mathematics.Tests.dll at Library/ScriptAssemblies/Unity.Mathematics.Tests.dll not valid. Loading of assembly skipped.
Assembly Unity.Multiplayer.Center.Editor.Tests.dll at Library/ScriptAssemblies/Unity.Multiplayer.Center.Editor.Tests.dll not valid. Loading of assembly skipped.
Assembly Unity.Multiplayer.Center.Tests.dll at Library/ScriptAssemblies/Unity.Multiplayer.Center.Tests.dll not valid. Loading of assembly skipped.
Assembly Unity.Nuget.Mono-Cecil.dll at Library/ScriptAssemblies/Unity.Nuget.Mono-Cecil.dll not valid. Loading of assembly skipped.
Assembly Unity.PathTracing.Editor.Tests.dll at Library/ScriptAssemblies/Unity.PathTracing.Editor.Tests.dll not valid. Loading of assembly skipped.
Assembly Unity.PathTracing.Runtime.Tests.dll at Library/ScriptAssemblies/Unity.PathTracing.Runtime.Tests.dll not valid. Loading of assembly skipped.
Assembly Unity.RenderPipelines.Core.Editor.Tests.dll at Library/ScriptAssemblies/Unity.RenderPipelines.Core.Editor.Tests.dll not valid. Loading of assembly skipped.
Assembly Unity.RenderPipelines.Core.Runtime.Tests.dll at Library/ScriptAssemblies/Unity.RenderPipelines.Core.Runtime.Tests.dll not valid. Loading of assembly skipped.
Assembly Unity.RenderPipelines.Universal.Config.Editor.Tests.dll at Library/ScriptAssemblies/Unity.RenderPipelines.Universal.Config.Editor.Tests.dll not valid. Loading of assembly skipped.
Assembly Unity.RenderPipelines.Universal.Editor.Tests.dll at Library/ScriptAssemblies/Unity.RenderPipelines.Universal.Editor.Tests.dll not valid. Loading of assembly skipped.
Assembly Unity.RenderPipelines.Universal.Runtime.Tests.dll at Library/ScriptAssemblies/Unity.RenderPipelines.Universal.Runtime.Tests.dll not valid. Loading of assembly skipped.
Assembly Unity.Searcher.EditorTests.dll at Library/ScriptAssemblies/Unity.Searcher.EditorTests.dll not valid. Loading of assembly skipped.
Assembly Unity.ShaderGraph.Editor.Tests.dll at Library/ScriptAssemblies/Unity.ShaderGraph.Editor.Tests.dll not valid. Loading of assembly skipped.
Assembly Unity.TextMeshPro.Editor.Tests.dll at Library/ScriptAssemblies/Unity.TextMeshPro.Editor.Tests.dll not valid. Loading of assembly skipped.
Assembly Unity.TextMeshPro.Tests.dll at Library/ScriptAssemblies/Unity.TextMeshPro.Tests.dll not valid. Loading of assembly skipped.
Assembly Unity.UnifiedRayTracing.Editor.Tests.dll at Library/ScriptAssemblies/Unity.UnifiedRayTracing.Editor.Tests.dll not valid. Loading of assembly skipped.
Assembly UnityEditor.UI.Common.Tests.dll at Library/ScriptAssemblies/UnityEditor.UI.Common.Tests.dll not valid. Loading of assembly skipped.
Assembly UnityEditor.UI.EditorTests.dll at Library/ScriptAssemblies/UnityEditor.UI.EditorTests.dll not valid. Loading of assembly skipped.
Assembly UnityEngine.UI.Tests.dll at Library/ScriptAssemblies/UnityEngine.UI.Tests.dll not valid. Loading of assembly skipped.
Native extension for WindowsStandalone target not found
Native extension for WebGL target not found
[Package Manager] Failed to launch server process. Reason: Unity was launched with the -noUpm command-line argument
[Package Manager] Unable to send message (not connected to server process).
[Package Manager] Cannot connect to Unity Package Manager local server
[Package Manager] Failed to launch server process. Reason: Unity was launched with the -noUpm command-line argument
[Package Manager] Unable to send message (not connected to server process).
[Package Manager] Cannot connect to Unity Package Manager local server
ScheduleIndexationOnStartup MainProcess:False IndexOnStartup:True
Mono: successfully reloaded assembly
- Finished resetting the current domain, in  0.609 seconds
Domain Reload Profiling: 1276ms
	BeginReloadAssembly (191ms)
		DisableScriptedObjects (12ms)
		CreateAndSetChildDomain (46ms)
	RebuildCommonClasses (31ms)
	RebuildNativeTypeToScriptingClass (10ms)
	initialDomainReloadingComplete (48ms)
	LoadAllAssembliesAndSetupDomain (386ms)
		LoadAssemblies (285ms)
		AnalyzeDomain (172ms)
			TypeCache.Refresh (7ms)
			BuildScriptInfoCaches (154ms)
			ResolveRequiredComponents (9ms)
	FinalizeReload (609ms)
		SetupLoadedEditorAssemblies (0ms)
			BeforeProcessingInitializeOnLoad (135ms)
			ProcessInitializeOnLoadAttributes (238ms)
			ProcessInitializeOnLoadMethodAttributes (68ms)
			AfterProcessingInitializeOnLoad (4ms)
		AwakeInstancesAfterBackupRestoration (12ms)
Unloading 24 Unused Serialized files (Serialized files now loaded: 0)
Unloading 7300 unused Assets / (5.0 MB). Loaded Objects now: 8160.
Memory consumption went from 177.8 MB to 172.7 MB.
Total: 8.057200 ms (FindLiveObjects: 0.630700 ms CreateObjectMapping: 0.537600 ms MarkObjects: 4.605300 ms  DeleteObjects: 2.280900 ms)

Prepare: number of updated asset objects reloaded= 0
========================================================================
Received Prepare
Begin MonoManager ReloadAssembly
[Licensing::Client] Successfully resolved entitlement details
Assembly Assembly-CSharp-Editor-firstpass.dll at Library/ScriptAssemblies/Assembly-CSharp-Editor-firstpass.dll not valid. Loading of assembly skipped.
Assembly Assembly-CSharp-Editor.dll at Library/ScriptAssemblies/Assembly-CSharp-Editor.dll not valid. Loading of assembly skipped.
Assembly Assembly-CSharp-firstpass.dll at Library/ScriptAssemblies/Assembly-CSharp-firstpass.dll not valid. Loading of assembly skipped.
Assembly DocCodeExamples.dll at Library/ScriptAssemblies/DocCodeExamples.dll not valid. Loading of assembly skipped.
Assembly TestNewCustomAssembly.dll at Library/ScriptAssemblies/TestNewCustomAssembly.dll not valid. Loading of assembly skipped.
Assembly Unity.2D.Animation.EditorTests.dll at Library/ScriptAssemblies/Unity.2D.Animation.EditorTests.dll not valid. Loading of assembly skipped.
Assembly Unity.2D.Aseprite.EditorTests.dll at Library/ScriptAssemblies/Unity.2D.Aseprite.EditorTests.dll not valid. Loading of assembly skipped.
Assembly Unity.2D.Common.EditorTests.dll at Library/ScriptAssemblies/Unity.2D.Common.EditorTests.dll not valid. Loading of assembly skipped.
Assembly Unity.2D.Psdimporter.EditorTests.dll at Library/ScriptAssemblies/Unity.2D.Psdimporter.EditorTests.dll not valid. Loading of assembly skipped.
Assembly Unity.2D.Sprite.Package.EditorTests.dll at Library/ScriptAssemblies/Unity.2D.Sprite.Package.EditorTests.dll not valid. Loading of assembly skipped.
Assembly Unity.2D.SpriteShape.EditorTests.dll at Library/ScriptAssemblies/Unity.2D.SpriteShape.EditorTests.dll not valid. Loading of assembly skipped.
Assembly Unity.2D.Tilemap.Package.EditorTests.dll at Library/ScriptAssemblies/Unity.2D.Tilemap.Package.EditorTests.dll not valid. Loading of assembly skipped.
Assembly Unity.Collections.BurstCompatibilityGen.dll at Library/ScriptAssemblies/Unity.Collections.BurstCompatibilityGen.dll not valid. Loading of assembly skipped.
Assembly Unity.Collections.DocCodeSamples.dll at Library/ScriptAssemblies/Unity.Collections.DocCodeSamples.dll not valid. Loading of assembly skipped.
Assembly Unity.Collections.PerformanceTests.dll at Library/ScriptAssemblies/Unity.Collections.PerformanceTests.dll not valid. Loading of assembly skipped.
Assembly Unity.Collections.Tests.dll at Library/ScriptAssemblies/Unity.Collections.Tests.dll not valid. Loading of assembly skipped.
Assembly Unity.Collections.Tests.Playmode.dll at Library/ScriptAssemblies/Unity.Collections.Tests.Playmode.dll not valid. Loading of assembly skipped.
Assembly Unity.InputSystem.IntegrationTests.dll at Library/ScriptAssemblies/Unity.InputSystem.IntegrationTests.dll not valid. Loading of assembly skipped.
Assembly Unity.Mathematics.Tests.dll at Library/ScriptAssemblies/Unity.Mathematics.Tests.dll not valid. Loading of assembly skipped.
Assembly Unity.Multiplayer.Center.Editor.Tests.dll at Library/ScriptAssemblies/Unity.Multiplayer.Center.Editor.Tests.dll not valid. Loading of assembly skipped.
Assembly Unity.Multiplayer.Center.Tests.dll at Library/ScriptAssemblies/Unity.Multiplayer.Center.Tests.dll not valid. Loading of assembly skipped.
Assembly Unity.Nuget.Mono-Cecil.dll at Library/ScriptAssemblies/Unity.Nuget.Mono-Cecil.dll not valid. Loading of assembly skipped.
Assembly Unity.PathTracing.Editor.Tests.dll at Library/ScriptAssemblies/Unity.PathTracing.Editor.Tests.dll not valid. Loading of assembly skipped.
Assembly Unity.PathTracing.Runtime.Tests.dll at Library/ScriptAssemblies/Unity.PathTracing.Runtime.Tests.dll not valid. Loading of assembly skipped.
Assembly Unity.RenderPipelines.Core.Editor.Tests.dll at Library/ScriptAssemblies/Unity.RenderPipelines.Core.Editor.Tests.dll not valid. Loading of assembly skipped.
Assembly Unity.RenderPipelines.Core.Runtime.Tests.dll at Library/ScriptAssemblies/Unity.RenderPipelines.Core.Runtime.Tests.dll not valid. Loading of assembly skipped.
Assembly Unity.RenderPipelines.Universal.Config.Editor.Tests.dll at Library/ScriptAssemblies/Unity.RenderPipelines.Universal.Config.Editor.Tests.dll not valid. Loading of assembly skipped.
Assembly Unity.RenderPipelines.Universal.Editor.Tests.dll at Library/ScriptAssemblies/Unity.RenderPipelines.Universal.Editor.Tests.dll not valid. Loading of assembly skipped.
Assembly Unity.RenderPipelines.Universal.Runtime.Tests.dll at Library/ScriptAssemblies/Unity.RenderPipelines.Universal.Runtime.Tests.dll not valid. Loading of assembly skipped.
Assembly Unity.Searcher.EditorTests.dll at Library/ScriptAssemblies/Unity.Searcher.EditorTests.dll not valid. Loading of assembly skipped.
Assembly Unity.ShaderGraph.Editor.Tests.dll at Library/ScriptAssemblies/Unity.ShaderGraph.Editor.Tests.dll not valid. Loading of assembly skipped.
Assembly Unity.TextMeshPro.Editor.Tests.dll at Library/ScriptAssemblies/Unity.TextMeshPro.Editor.Tests.dll not valid. Loading of assembly skipped.
Assembly Unity.TextMeshPro.Tests.dll at Library/ScriptAssemblies/Unity.TextMeshPro.Tests.dll not valid. Loading of assembly skipped.
Assembly Unity.UnifiedRayTracing.Editor.Tests.dll at Library/ScriptAssemblies/Unity.UnifiedRayTracing.Editor.Tests.dll not valid. Loading of assembly skipped.
Assembly UnityEditor.UI.Common.Tests.dll at Library/ScriptAssemblies/UnityEditor.UI.Common.Tests.dll not valid. Loading of assembly skipped.
Assembly UnityEditor.UI.EditorTests.dll at Library/ScriptAssemblies/UnityEditor.UI.EditorTests.dll not valid. Loading of assembly skipped.
Assembly UnityEngine.UI.Tests.dll at Library/ScriptAssemblies/UnityEngine.UI.Tests.dll not valid. Loading of assembly skipped.
Native extension for WindowsStandalone target not found
Native extension for WebGL target not found
[Package Manager] Failed to launch server process. Reason: Unity was launched with the -noUpm command-line argument
[Package Manager] Unable to send message (not connected to server process).
[Package Manager] Cannot connect to Unity Package Manager local server
[Package Manager] Failed to launch server process. Reason: Unity was launched with the -noUpm command-line argument
[Package Manager] Unable to send message (not connected to server process).
[Package Manager] Cannot connect to Unity Package Manager local server
ScheduleIndexationOnStartup MainProcess:False IndexOnStartup:True
Mono: successfully reloaded assembly
- Finished resetting the current domain, in  0.653 seconds
Domain Reload Profiling: 1348ms
	BeginReloadAssembly (193ms)
		DisableScriptedObjects (12ms)
		CreateAndSetChildDomain (46ms)
	RebuildCommonClasses (33ms)
	RebuildNativeTypeToScriptingClass (12ms)
	initialDomainReloadingComplete (45ms)
	LoadAllAssembliesAndSetupDomain (411ms)
		LoadAssemblies (298ms)
		AnalyzeDomain (186ms)
			TypeCache.Refresh (8ms)
			BuildScriptInfoCaches (168ms)
			ResolveRequiredComponents (10ms)
	FinalizeReload (654ms)
		SetupLoadedEditorAssemblies (0ms)
			BeforeProcessingInitializeOnLoad (138ms)
			ProcessInitializeOnLoadAttributes (269ms)
			ProcessInitializeOnLoadMethodAttributes (78ms)
			AfterProcessingInitializeOnLoad (4ms)
		AwakeInstancesAfterBackupRestoration (13ms)
Refreshing native plugins compatible for Editor in 2.08 ms, found 5 plugins.
Unloading 24 Unused Serialized files (Serialized files now loaded: 0)
Unloading 7300 unused Assets / (5.9 MB). Loaded Objects now: 8163.
Memory consumption went from 180.9 MB to 175.0 MB.
Total: 9.284800 ms (FindLiveObjects: 0.669400 ms CreateObjectMapping: 0.679600 ms MarkObjects: 5.316900 ms  DeleteObjects: 2.617600 ms)

Prepare: number of updated asset objects reloaded= 0
========================================================================
Received Prepare
Begin MonoManager ReloadAssembly
Assembly Assembly-CSharp-Editor-firstpass.dll at Library/ScriptAssemblies/Assembly-CSharp-Editor-firstpass.dll not valid. Loading of assembly skipped.
Assembly Assembly-CSharp-Editor.dll at Library/ScriptAssemblies/Assembly-CSharp-Editor.dll not valid. Loading of assembly skipped.
Assembly Assembly-CSharp-firstpass.dll at Library/ScriptAssemblies/Assembly-CSharp-firstpass.dll not valid. Loading of assembly skipped.
Assembly DocCodeExamples.dll at Library/ScriptAssemblies/DocCodeExamples.dll not valid. Loading of assembly skipped.
Assembly TestNewCustomAssembly.dll at Library/ScriptAssemblies/TestNewCustomAssembly.dll not valid. Loading of assembly skipped.
Assembly Unity.2D.Animation.EditorTests.dll at Library/ScriptAssemblies/Unity.2D.Animation.EditorTests.dll not valid. Loading of assembly skipped.
Assembly Unity.2D.Aseprite.EditorTests.dll at Library/ScriptAssemblies/Unity.2D.Aseprite.EditorTests.dll not valid. Loading of assembly skipped.
Assembly Unity.2D.Common.EditorTests.dll at Library/ScriptAssemblies/Unity.2D.Common.EditorTests.dll not valid. Loading of assembly skipped.
Assembly Unity.2D.Psdimporter.EditorTests.dll at Library/ScriptAssemblies/Unity.2D.Psdimporter.EditorTests.dll not valid. Loading of assembly skipped.
Assembly Unity.2D.Sprite.Package.EditorTests.dll at Library/ScriptAssemblies/Unity.2D.Sprite.Package.EditorTests.dll not valid. Loading of assembly skipped.
Assembly Unity.2D.SpriteShape.EditorTests.dll at Library/ScriptAssemblies/Unity.2D.SpriteShape.EditorTests.dll not valid. Loading of assembly skipped.
Assembly Unity.2D.Tilemap.Package.EditorTests.dll at Library/ScriptAssemblies/Unity.2D.Tilemap.Package.EditorTests.dll not valid. Loading of assembly skipped.
Assembly Unity.Collections.BurstCompatibilityGen.dll at Library/ScriptAssemblies/Unity.Collections.BurstCompatibilityGen.dll not valid. Loading of assembly skipped.
Assembly Unity.Collections.DocCodeSamples.dll at Library/ScriptAssemblies/Unity.Collections.DocCodeSamples.dll not valid. Loading of assembly skipped.
Assembly Unity.Collections.PerformanceTests.dll at Library/ScriptAssemblies/Unity.Collections.PerformanceTests.dll not valid. Loading of assembly skipped.
Assembly Unity.Collections.Tests.dll at Library/ScriptAssemblies/Unity.Collections.Tests.dll not valid. Loading of assembly skipped.
Assembly Unity.Collections.Tests.Playmode.dll at Library/ScriptAssemblies/Unity.Collections.Tests.Playmode.dll not valid. Loading of assembly skipped.
Assembly Unity.InputSystem.IntegrationTests.dll at Library/ScriptAssemblies/Unity.InputSystem.IntegrationTests.dll not valid. Loading of assembly skipped.
Assembly Unity.Mathematics.Tests.dll at Library/ScriptAssemblies/Unity.Mathematics.Tests.dll not valid. Loading of assembly skipped.
Assembly Unity.Multiplayer.Center.Editor.Tests.dll at Library/ScriptAssemblies/Unity.Multiplayer.Center.Editor.Tests.dll not valid. Loading of assembly skipped.
Assembly Unity.Multiplayer.Center.Tests.dll at Library/ScriptAssemblies/Unity.Multiplayer.Center.Tests.dll not valid. Loading of assembly skipped.
Assembly Unity.Nuget.Mono-Cecil.dll at Library/ScriptAssemblies/Unity.Nuget.Mono-Cecil.dll not valid. Loading of assembly skipped.
Assembly Unity.PathTracing.Editor.Tests.dll at Library/ScriptAssemblies/Unity.PathTracing.Editor.Tests.dll not valid. Loading of assembly skipped.
Assembly Unity.PathTracing.Runtime.Tests.dll at Library/ScriptAssemblies/Unity.PathTracing.Runtime.Tests.dll not valid. Loading of assembly skipped.
Assembly Unity.RenderPipelines.Core.Editor.Tests.dll at Library/ScriptAssemblies/Unity.RenderPipelines.Core.Editor.Tests.dll not valid. Loading of assembly skipped.
Assembly Unity.RenderPipelines.Core.Runtime.Tests.dll at Library/ScriptAssemblies/Unity.RenderPipelines.Core.Runtime.Tests.dll not valid. Loading of assembly skipped.
Assembly Unity.RenderPipelines.Universal.Config.Editor.Tests.dll at Library/ScriptAssemblies/Unity.RenderPipelines.Universal.Config.Editor.Tests.dll not valid. Loading of assembly skipped.
Assembly Unity.RenderPipelines.Universal.Editor.Tests.dll at Library/ScriptAssemblies/Unity.RenderPipelines.Universal.Editor.Tests.dll not valid. Loading of assembly skipped.
Assembly Unity.RenderPipelines.Universal.Runtime.Tests.dll at Library/ScriptAssemblies/Unity.RenderPipelines.Universal.Runtime.Tests.dll not valid. Loading of assembly skipped.
Assembly Unity.Searcher.EditorTests.dll at Library/ScriptAssemblies/Unity.Searcher.EditorTests.dll not valid. Loading of assembly skipped.
Assembly Unity.ShaderGraph.Editor.Tests.dll at Library/ScriptAssemblies/Unity.ShaderGraph.Editor.Tests.dll not valid. Loading of assembly skipped.
Assembly Unity.TextMeshPro.Editor.Tests.dll at Library/ScriptAssemblies/Unity.TextMeshPro.Editor.Tests.dll not valid. Loading of assembly skipped.
Assembly Unity.TextMeshPro.Tests.dll at Library/ScriptAssemblies/Unity.TextMeshPro.Tests.dll not valid. Loading of assembly skipped.
Assembly Unity.UnifiedRayTracing.Editor.Tests.dll at Library/ScriptAssemblies/Unity.UnifiedRayTracing.Editor.Tests.dll not valid. Loading of assembly skipped.
Assembly UnityEditor.UI.Common.Tests.dll at Library/ScriptAssemblies/UnityEditor.UI.Common.Tests.dll not valid. Loading of assembly skipped.
Assembly UnityEditor.UI.EditorTests.dll at Library/ScriptAssemblies/UnityEditor.UI.EditorTests.dll not valid. Loading of assembly skipped.
Assembly UnityEngine.UI.Tests.dll at Library/ScriptAssemblies/UnityEngine.UI.Tests.dll not valid. Loading of assembly skipped.
Native extension for WindowsStandalone target not found
Native extension for WebGL target not found
[Package Manager] Failed to launch server process. Reason: Unity was launched with the -noUpm command-line argument
[Package Manager] Unable to send message (not connected to server process).
[Package Manager] Cannot connect to Unity Package Manager local server
[Package Manager] Failed to launch server process. Reason: Unity was launched with the -noUpm command-line argument
[Package Manager] Unable to send message (not connected to server process).
[Package Manager] Cannot connect to Unity Package Manager local server
ScheduleIndexationOnStartup MainProcess:False IndexOnStartup:True
Mono: successfully reloaded assembly
- Finished resetting the current domain, in  0.664 seconds
Domain Reload Profiling: 1354ms
	BeginReloadAssembly (187ms)
		DisableScriptedObjects (11ms)
		CreateAndSetChildDomain (46ms)
	RebuildCommonClasses (33ms)
	RebuildNativeTypeToScriptingClass (11ms)
	initialDomainReloadingComplete (48ms)
	LoadAllAssembliesAndSetupDomain (411ms)
		LoadAssemblies (288ms)
		AnalyzeDomain (194ms)
			TypeCache.Refresh (8ms)
			BuildScriptInfoCaches (175ms)
			ResolveRequiredComponents (9ms)
	FinalizeReload (664ms)
		SetupLoadedEditorAssemblies (0ms)
			BeforeProcessingInitializeOnLoad (131ms)
			ProcessInitializeOnLoadAttributes (275ms)
			ProcessInitializeOnLoadMethodAttributes (80ms)
			AfterProcessingInitializeOnLoad (4ms)
		AwakeInstancesAfterBackupRestoration (17ms)
Unloading 24 Unused Serialized files (Serialized files now loaded: 0)
Unloading 7300 unused Assets / (5.6 MB). Loaded Objects now: 8166.
Memory consumption went from 184.0 MB to 178.4 MB.
Total: 9.704800 ms (FindLiveObjects: 0.648200 ms CreateObjectMapping: 0.604800 ms MarkObjects: 5.924700 ms  DeleteObjects: 2.525600 ms)

Prepare: number of updated asset objects reloaded= 0
========================================================================
Received Prepare
Begin MonoManager ReloadAssembly
Assembly Assembly-CSharp-Editor-firstpass.dll at Library/ScriptAssemblies/Assembly-CSharp-Editor-firstpass.dll not valid. Loading of assembly skipped.
Assembly Assembly-CSharp-Editor.dll at Library/ScriptAssemblies/Assembly-CSharp-Editor.dll not valid. Loading of assembly skipped.
Assembly Assembly-CSharp-firstpass.dll at Library/ScriptAssemblies/Assembly-CSharp-firstpass.dll not valid. Loading of assembly skipped.
Assembly DocCodeExamples.dll at Library/ScriptAssemblies/DocCodeExamples.dll not valid. Loading of assembly skipped.
Assembly TestNewCustomAssembly.dll at Library/ScriptAssemblies/TestNewCustomAssembly.dll not valid. Loading of assembly skipped.
Assembly Unity.2D.Animation.EditorTests.dll at Library/ScriptAssemblies/Unity.2D.Animation.EditorTests.dll not valid. Loading of assembly skipped.
Assembly Unity.2D.Aseprite.EditorTests.dll at Library/ScriptAssemblies/Unity.2D.Aseprite.EditorTests.dll not valid. Loading of assembly skipped.
Assembly Unity.2D.Common.EditorTests.dll at Library/ScriptAssemblies/Unity.2D.Common.EditorTests.dll not valid. Loading of assembly skipped.
Assembly Unity.2D.Psdimporter.EditorTests.dll at Library/ScriptAssemblies/Unity.2D.Psdimporter.EditorTests.dll not valid. Loading of assembly skipped.
Assembly Unity.2D.Sprite.Package.EditorTests.dll at Library/ScriptAssemblies/Unity.2D.Sprite.Package.EditorTests.dll not valid. Loading of assembly skipped.
Assembly Unity.2D.SpriteShape.EditorTests.dll at Library/ScriptAssemblies/Unity.2D.SpriteShape.EditorTests.dll not valid. Loading of assembly skipped.
Assembly Unity.2D.Tilemap.Package.EditorTests.dll at Library/ScriptAssemblies/Unity.2D.Tilemap.Package.EditorTests.dll not valid. Loading of assembly skipped.
Assembly Unity.Collections.BurstCompatibilityGen.dll at Library/ScriptAssemblies/Unity.Collections.BurstCompatibilityGen.dll not valid. Loading of assembly skipped.
Assembly Unity.Collections.DocCodeSamples.dll at Library/ScriptAssemblies/Unity.Collections.DocCodeSamples.dll not valid. Loading of assembly skipped.
Assembly Unity.Collections.PerformanceTests.dll at Library/ScriptAssemblies/Unity.Collections.PerformanceTests.dll not valid. Loading of assembly skipped.
Assembly Unity.Collections.Tests.dll at Library/ScriptAssemblies/Unity.Collections.Tests.dll not valid. Loading of assembly skipped.
Assembly Unity.Collections.Tests.Playmode.dll at Library/ScriptAssemblies/Unity.Collections.Tests.Playmode.dll not valid. Loading of assembly skipped.
Assembly Unity.InputSystem.IntegrationTests.dll at Library/ScriptAssemblies/Unity.InputSystem.IntegrationTests.dll not valid. Loading of assembly skipped.
Assembly Unity.Mathematics.Tests.dll at Library/ScriptAssemblies/Unity.Mathematics.Tests.dll not valid. Loading of assembly skipped.
Assembly Unity.Multiplayer.Center.Editor.Tests.dll at Library/ScriptAssemblies/Unity.Multiplayer.Center.Editor.Tests.dll not valid. Loading of assembly skipped.
Assembly Unity.Multiplayer.Center.Tests.dll at Library/ScriptAssemblies/Unity.Multiplayer.Center.Tests.dll not valid. Loading of assembly skipped.
Assembly Unity.Nuget.Mono-Cecil.dll at Library/ScriptAssemblies/Unity.Nuget.Mono-Cecil.dll not valid. Loading of assembly skipped.
Assembly Unity.PathTracing.Editor.Tests.dll at Library/ScriptAssemblies/Unity.PathTracing.Editor.Tests.dll not valid. Loading of assembly skipped.
Assembly Unity.PathTracing.Runtime.Tests.dll at Library/ScriptAssemblies/Unity.PathTracing.Runtime.Tests.dll not valid. Loading of assembly skipped.
Assembly Unity.RenderPipelines.Core.Editor.Tests.dll at Library/ScriptAssemblies/Unity.RenderPipelines.Core.Editor.Tests.dll not valid. Loading of assembly skipped.
Assembly Unity.RenderPipelines.Core.Runtime.Tests.dll at Library/ScriptAssemblies/Unity.RenderPipelines.Core.Runtime.Tests.dll not valid. Loading of assembly skipped.
Assembly Unity.RenderPipelines.Universal.Config.Editor.Tests.dll at Library/ScriptAssemblies/Unity.RenderPipelines.Universal.Config.Editor.Tests.dll not valid. Loading of assembly skipped.
Assembly Unity.RenderPipelines.Universal.Editor.Tests.dll at Library/ScriptAssemblies/Unity.RenderPipelines.Universal.Editor.Tests.dll not valid. Loading of assembly skipped.
Assembly Unity.RenderPipelines.Universal.Runtime.Tests.dll at Library/ScriptAssemblies/Unity.RenderPipelines.Universal.Runtime.Tests.dll not valid. Loading of assembly skipped.
Assembly Unity.Searcher.EditorTests.dll at Library/ScriptAssemblies/Unity.Searcher.EditorTests.dll not valid. Loading of assembly skipped.
Assembly Unity.ShaderGraph.Editor.Tests.dll at Library/ScriptAssemblies/Unity.ShaderGraph.Editor.Tests.dll not valid. Loading of assembly skipped.
Assembly Unity.TextMeshPro.Editor.Tests.dll at Library/ScriptAssemblies/Unity.TextMeshPro.Editor.Tests.dll not valid. Loading of assembly skipped.
Assembly Unity.TextMeshPro.Tests.dll at Library/ScriptAssemblies/Unity.TextMeshPro.Tests.dll not valid. Loading of assembly skipped.
Assembly Unity.UnifiedRayTracing.Editor.Tests.dll at Library/ScriptAssemblies/Unity.UnifiedRayTracing.Editor.Tests.dll not valid. Loading of assembly skipped.
Assembly UnityEditor.UI.Common.Tests.dll at Library/ScriptAssemblies/UnityEditor.UI.Common.Tests.dll not valid. Loading of assembly skipped.
Assembly UnityEditor.UI.EditorTests.dll at Library/ScriptAssemblies/UnityEditor.UI.EditorTests.dll not valid. Loading of assembly skipped.
Assembly UnityEngine.UI.Tests.dll at Library/ScriptAssemblies/UnityEngine.UI.Tests.dll not valid. Loading of assembly skipped.
Native extension for WindowsStandalone target not found
Native extension for WebGL target not found
[Package Manager] Failed to launch server process. Reason: Unity was launched with the -noUpm command-line argument
[Package Manager] Unable to send message (not connected to server process).
[Package Manager] Cannot connect to Unity Package Manager local server
[Package Manager] Failed to launch server process. Reason: Unity was launched with the -noUpm command-line argument
[Package Manager] Unable to send message (not connected to server process).
[Package Manager] Cannot connect to Unity Package Manager local server
ScheduleIndexationOnStartup MainProcess:False IndexOnStartup:True
Mono: successfully reloaded assembly
- Finished resetting the current domain, in  0.635 seconds
Domain Reload Profiling: 1304ms
	BeginReloadAssembly (184ms)
		DisableScriptedObjects (11ms)
		CreateAndSetChildDomain (45ms)
	RebuildCommonClasses (31ms)
	RebuildNativeTypeToScriptingClass (11ms)
	initialDomainReloadingComplete (46ms)
	LoadAllAssembliesAndSetupDomain (396ms)
		LoadAssemblies (281ms)
		AnalyzeDomain (183ms)
			TypeCache.Refresh (8ms)
			BuildScriptInfoCaches (164ms)
			ResolveRequiredComponents (10ms)
	FinalizeReload (636ms)
		SetupLoadedEditorAssemblies (0ms)
			BeforeProcessingInitializeOnLoad (130ms)
			ProcessInitializeOnLoadAttributes (255ms)
			ProcessInitializeOnLoadMethodAttributes (81ms)
			AfterProcessingInitializeOnLoad (4ms)
		AwakeInstancesAfterBackupRestoration (16ms)
Unloading 24 Unused Serialized files (Serialized files now loaded: 0)
Unloading 7300 unused Assets / (5.6 MB). Loaded Objects now: 8169.
Memory consumption went from 187.1 MB to 181.5 MB.
Total: 9.543300 ms (FindLiveObjects: 0.661100 ms CreateObjectMapping: 0.644700 ms MarkObjects: 5.686500 ms  DeleteObjects: 2.549600 ms)

Prepare: number of updated asset objects reloaded= 0
========================================================================
Received Prepare
Begin MonoManager ReloadAssembly
[Licensing::Client] Successfully resolved entitlement details
Assembly Assembly-CSharp-Editor-firstpass.dll at Library/ScriptAssemblies/Assembly-CSharp-Editor-firstpass.dll not valid. Loading of assembly skipped.
Assembly Assembly-CSharp-Editor.dll at Library/ScriptAssemblies/Assembly-CSharp-Editor.dll not valid. Loading of assembly skipped.
Assembly Assembly-CSharp-firstpass.dll at Library/ScriptAssemblies/Assembly-CSharp-firstpass.dll not valid. Loading of assembly skipped.
Assembly DocCodeExamples.dll at Library/ScriptAssemblies/DocCodeExamples.dll not valid. Loading of assembly skipped.
Assembly TestNewCustomAssembly.dll at Library/ScriptAssemblies/TestNewCustomAssembly.dll not valid. Loading of assembly skipped.
Assembly Unity.2D.Animation.EditorTests.dll at Library/ScriptAssemblies/Unity.2D.Animation.EditorTests.dll not valid. Loading of assembly skipped.
Assembly Unity.2D.Aseprite.EditorTests.dll at Library/ScriptAssemblies/Unity.2D.Aseprite.EditorTests.dll not valid. Loading of assembly skipped.
Assembly Unity.2D.Common.EditorTests.dll at Library/ScriptAssemblies/Unity.2D.Common.EditorTests.dll not valid. Loading of assembly skipped.
Assembly Unity.2D.Psdimporter.EditorTests.dll at Library/ScriptAssemblies/Unity.2D.Psdimporter.EditorTests.dll not valid. Loading of assembly skipped.
Assembly Unity.2D.Sprite.Package.EditorTests.dll at Library/ScriptAssemblies/Unity.2D.Sprite.Package.EditorTests.dll not valid. Loading of assembly skipped.
Assembly Unity.2D.SpriteShape.EditorTests.dll at Library/ScriptAssemblies/Unity.2D.SpriteShape.EditorTests.dll not valid. Loading of assembly skipped.
Assembly Unity.2D.Tilemap.Package.EditorTests.dll at Library/ScriptAssemblies/Unity.2D.Tilemap.Package.EditorTests.dll not valid. Loading of assembly skipped.
Assembly Unity.Collections.BurstCompatibilityGen.dll at Library/ScriptAssemblies/Unity.Collections.BurstCompatibilityGen.dll not valid. Loading of assembly skipped.
Assembly Unity.Collections.DocCodeSamples.dll at Library/ScriptAssemblies/Unity.Collections.DocCodeSamples.dll not valid. Loading of assembly skipped.
Assembly Unity.Collections.PerformanceTests.dll at Library/ScriptAssemblies/Unity.Collections.PerformanceTests.dll not valid. Loading of assembly skipped.
Assembly Unity.Collections.Tests.dll at Library/ScriptAssemblies/Unity.Collections.Tests.dll not valid. Loading of assembly skipped.
Assembly Unity.Collections.Tests.Playmode.dll at Library/ScriptAssemblies/Unity.Collections.Tests.Playmode.dll not valid. Loading of assembly skipped.
Assembly Unity.InputSystem.IntegrationTests.dll at Library/ScriptAssemblies/Unity.InputSystem.IntegrationTests.dll not valid. Loading of assembly skipped.
Assembly Unity.Mathematics.Tests.dll at Library/ScriptAssemblies/Unity.Mathematics.Tests.dll not valid. Loading of assembly skipped.
Assembly Unity.Multiplayer.Center.Editor.Tests.dll at Library/ScriptAssemblies/Unity.Multiplayer.Center.Editor.Tests.dll not valid. Loading of assembly skipped.
Assembly Unity.Multiplayer.Center.Tests.dll at Library/ScriptAssemblies/Unity.Multiplayer.Center.Tests.dll not valid. Loading of assembly skipped.
Assembly Unity.Nuget.Mono-Cecil.dll at Library/ScriptAssemblies/Unity.Nuget.Mono-Cecil.dll not valid. Loading of assembly skipped.
Assembly Unity.PathTracing.Editor.Tests.dll at Library/ScriptAssemblies/Unity.PathTracing.Editor.Tests.dll not valid. Loading of assembly skipped.
Assembly Unity.PathTracing.Runtime.Tests.dll at Library/ScriptAssemblies/Unity.PathTracing.Runtime.Tests.dll not valid. Loading of assembly skipped.
Assembly Unity.RenderPipelines.Core.Editor.Tests.dll at Library/ScriptAssemblies/Unity.RenderPipelines.Core.Editor.Tests.dll not valid. Loading of assembly skipped.
Assembly Unity.RenderPipelines.Core.Runtime.Tests.dll at Library/ScriptAssemblies/Unity.RenderPipelines.Core.Runtime.Tests.dll not valid. Loading of assembly skipped.
Assembly Unity.RenderPipelines.Universal.Config.Editor.Tests.dll at Library/ScriptAssemblies/Unity.RenderPipelines.Universal.Config.Editor.Tests.dll not valid. Loading of assembly skipped.
Assembly Unity.RenderPipelines.Universal.Editor.Tests.dll at Library/ScriptAssemblies/Unity.RenderPipelines.Universal.Editor.Tests.dll not valid. Loading of assembly skipped.
Assembly Unity.RenderPipelines.Universal.Runtime.Tests.dll at Library/ScriptAssemblies/Unity.RenderPipelines.Universal.Runtime.Tests.dll not valid. Loading of assembly skipped.
Assembly Unity.Searcher.EditorTests.dll at Library/ScriptAssemblies/Unity.Searcher.EditorTests.dll not valid. Loading of assembly skipped.
Assembly Unity.ShaderGraph.Editor.Tests.dll at Library/ScriptAssemblies/Unity.ShaderGraph.Editor.Tests.dll not valid. Loading of assembly skipped.
Assembly Unity.TextMeshPro.Editor.Tests.dll at Library/ScriptAssemblies/Unity.TextMeshPro.Editor.Tests.dll not valid. Loading of assembly skipped.
Assembly Unity.TextMeshPro.Tests.dll at Library/ScriptAssemblies/Unity.TextMeshPro.Tests.dll not valid. Loading of assembly skipped.
Assembly Unity.UnifiedRayTracing.Editor.Tests.dll at Library/ScriptAssemblies/Unity.UnifiedRayTracing.Editor.Tests.dll not valid. Loading of assembly skipped.
Assembly UnityEditor.UI.Common.Tests.dll at Library/ScriptAssemblies/UnityEditor.UI.Common.Tests.dll not valid. Loading of assembly skipped.
Assembly UnityEditor.UI.EditorTests.dll at Library/ScriptAssemblies/UnityEditor.UI.EditorTests.dll not valid. Loading of assembly skipped.
Assembly UnityEngine.UI.Tests.dll at Library/ScriptAssemblies/UnityEngine.UI.Tests.dll not valid. Loading of assembly skipped.
Native extension for WindowsStandalone target not found
Native extension for WebGL target not found
[Package Manager] Failed to launch server process. Reason: Unity was launched with the -noUpm command-line argument
[Package Manager] Unable to send message (not connected to server process).
[Package Manager] Cannot connect to Unity Package Manager local server
[Package Manager] Failed to launch server process. Reason: Unity was launched with the -noUpm command-line argument
[Package Manager] Unable to send message (not connected to server process).
[Package Manager] Cannot connect to Unity Package Manager local server
ScheduleIndexationOnStartup MainProcess:False IndexOnStartup:True
Mono: successfully reloaded assembly
- Finished resetting the current domain, in  0.651 seconds
Domain Reload Profiling: 1330ms
	BeginReloadAssembly (194ms)
		DisableScriptedObjects (14ms)
		CreateAndSetChildDomain (49ms)
	RebuildCommonClasses (31ms)
	RebuildNativeTypeToScriptingClass (11ms)
	initialDomainReloadingComplete (44ms)
	LoadAllAssembliesAndSetupDomain (399ms)
		LoadAssemblies (281ms)
		AnalyzeDomain (189ms)
			TypeCache.Refresh (8ms)
			BuildScriptInfoCaches (170ms)
			ResolveRequiredComponents (9ms)
	FinalizeReload (651ms)
		SetupLoadedEditorAssemblies (0ms)
			BeforeProcessingInitializeOnLoad (130ms)
			ProcessInitializeOnLoadAttributes (263ms)
			ProcessInitializeOnLoadMethodAttributes (80ms)
			AfterProcessingInitializeOnLoad (4ms)
		AwakeInstancesAfterBackupRestoration (16ms)
Unloading 24 Unused Serialized files (Serialized files now loaded: 0)
Unloading 7300 unused Assets / (5.9 MB). Loaded Objects now: 8172.
Memory consumption went from 190.3 MB to 184.4 MB.
Total: 9.571000 ms (FindLiveObjects: 0.874200 ms CreateObjectMapping: 0.606300 ms MarkObjects: 5.423300 ms  DeleteObjects: 2.665400 ms)

Prepare: number of updated asset objects reloaded= 0
========================================================================
Received Prepare
Begin MonoManager ReloadAssembly
[Licensing::Client] Successfully resolved entitlement details
Assembly Assembly-CSharp-Editor-firstpass.dll at Library/ScriptAssemblies/Assembly-CSharp-Editor-firstpass.dll not valid. Loading of assembly skipped.
Assembly Assembly-CSharp-Editor.dll at Library/ScriptAssemblies/Assembly-CSharp-Editor.dll not valid. Loading of assembly skipped.
Assembly Assembly-CSharp-firstpass.dll at Library/ScriptAssemblies/Assembly-CSharp-firstpass.dll not valid. Loading of assembly skipped.
Assembly DocCodeExamples.dll at Library/ScriptAssemblies/DocCodeExamples.dll not valid. Loading of assembly skipped.
Assembly TestNewCustomAssembly.dll at Library/ScriptAssemblies/TestNewCustomAssembly.dll not valid. Loading of assembly skipped.
Assembly Unity.2D.Animation.EditorTests.dll at Library/ScriptAssemblies/Unity.2D.Animation.EditorTests.dll not valid. Loading of assembly skipped.
Assembly Unity.2D.Aseprite.EditorTests.dll at Library/ScriptAssemblies/Unity.2D.Aseprite.EditorTests.dll not valid. Loading of assembly skipped.
Assembly Unity.2D.Common.EditorTests.dll at Library/ScriptAssemblies/Unity.2D.Common.EditorTests.dll not valid. Loading of assembly skipped.
Assembly Unity.2D.Psdimporter.EditorTests.dll at Library/ScriptAssemblies/Unity.2D.Psdimporter.EditorTests.dll not valid. Loading of assembly skipped.
Assembly Unity.2D.Sprite.Package.EditorTests.dll at Library/ScriptAssemblies/Unity.2D.Sprite.Package.EditorTests.dll not valid. Loading of assembly skipped.
Assembly Unity.2D.SpriteShape.EditorTests.dll at Library/ScriptAssemblies/Unity.2D.SpriteShape.EditorTests.dll not valid. Loading of assembly skipped.
Assembly Unity.2D.Tilemap.Package.EditorTests.dll at Library/ScriptAssemblies/Unity.2D.Tilemap.Package.EditorTests.dll not valid. Loading of assembly skipped.
Assembly Unity.Collections.BurstCompatibilityGen.dll at Library/ScriptAssemblies/Unity.Collections.BurstCompatibilityGen.dll not valid. Loading of assembly skipped.
Assembly Unity.Collections.DocCodeSamples.dll at Library/ScriptAssemblies/Unity.Collections.DocCodeSamples.dll not valid. Loading of assembly skipped.
Assembly Unity.Collections.PerformanceTests.dll at Library/ScriptAssemblies/Unity.Collections.PerformanceTests.dll not valid. Loading of assembly skipped.
Assembly Unity.Collections.Tests.dll at Library/ScriptAssemblies/Unity.Collections.Tests.dll not valid. Loading of assembly skipped.
Assembly Unity.Collections.Tests.Playmode.dll at Library/ScriptAssemblies/Unity.Collections.Tests.Playmode.dll not valid. Loading of assembly skipped.
Assembly Unity.InputSystem.IntegrationTests.dll at Library/ScriptAssemblies/Unity.InputSystem.IntegrationTests.dll not valid. Loading of assembly skipped.
Assembly Unity.Mathematics.Tests.dll at Library/ScriptAssemblies/Unity.Mathematics.Tests.dll not valid. Loading of assembly skipped.
Assembly Unity.Multiplayer.Center.Editor.Tests.dll at Library/ScriptAssemblies/Unity.Multiplayer.Center.Editor.Tests.dll not valid. Loading of assembly skipped.
Assembly Unity.Multiplayer.Center.Tests.dll at Library/ScriptAssemblies/Unity.Multiplayer.Center.Tests.dll not valid. Loading of assembly skipped.
Assembly Unity.Nuget.Mono-Cecil.dll at Library/ScriptAssemblies/Unity.Nuget.Mono-Cecil.dll not valid. Loading of assembly skipped.
Assembly Unity.PathTracing.Editor.Tests.dll at Library/ScriptAssemblies/Unity.PathTracing.Editor.Tests.dll not valid. Loading of assembly skipped.
Assembly Unity.PathTracing.Runtime.Tests.dll at Library/ScriptAssemblies/Unity.PathTracing.Runtime.Tests.dll not valid. Loading of assembly skipped.
Assembly Unity.RenderPipelines.Core.Editor.Tests.dll at Library/ScriptAssemblies/Unity.RenderPipelines.Core.Editor.Tests.dll not valid. Loading of assembly skipped.
Assembly Unity.RenderPipelines.Core.Runtime.Tests.dll at Library/ScriptAssemblies/Unity.RenderPipelines.Core.Runtime.Tests.dll not valid. Loading of assembly skipped.
Assembly Unity.RenderPipelines.Universal.Config.Editor.Tests.dll at Library/ScriptAssemblies/Unity.RenderPipelines.Universal.Config.Editor.Tests.dll not valid. Loading of assembly skipped.
Assembly Unity.RenderPipelines.Universal.Editor.Tests.dll at Library/ScriptAssemblies/Unity.RenderPipelines.Universal.Editor.Tests.dll not valid. Loading of assembly skipped.
Assembly Unity.RenderPipelines.Universal.Runtime.Tests.dll at Library/ScriptAssemblies/Unity.RenderPipelines.Universal.Runtime.Tests.dll not valid. Loading of assembly skipped.
Assembly Unity.Searcher.EditorTests.dll at Library/ScriptAssemblies/Unity.Searcher.EditorTests.dll not valid. Loading of assembly skipped.
Assembly Unity.ShaderGraph.Editor.Tests.dll at Library/ScriptAssemblies/Unity.ShaderGraph.Editor.Tests.dll not valid. Loading of assembly skipped.
Assembly Unity.TextMeshPro.Editor.Tests.dll at Library/ScriptAssemblies/Unity.TextMeshPro.Editor.Tests.dll not valid. Loading of assembly skipped.
Assembly Unity.TextMeshPro.Tests.dll at Library/ScriptAssemblies/Unity.TextMeshPro.Tests.dll not valid. Loading of assembly skipped.
Assembly Unity.UnifiedRayTracing.Editor.Tests.dll at Library/ScriptAssemblies/Unity.UnifiedRayTracing.Editor.Tests.dll not valid. Loading of assembly skipped.
Assembly UnityEditor.UI.Common.Tests.dll at Library/ScriptAssemblies/UnityEditor.UI.Common.Tests.dll not valid. Loading of assembly skipped.
Assembly UnityEditor.UI.EditorTests.dll at Library/ScriptAssemblies/UnityEditor.UI.EditorTests.dll not valid. Loading of assembly skipped.
Assembly UnityEngine.UI.Tests.dll at Library/ScriptAssemblies/UnityEngine.UI.Tests.dll not valid. Loading of assembly skipped.
Native extension for WindowsStandalone target not found
Native extension for WebGL target not found
[Package Manager] Failed to launch server process. Reason: Unity was launched with the -noUpm command-line argument
[Package Manager] Unable to send message (not connected to server process).
[Package Manager] Cannot connect to Unity Package Manager local server
[Package Manager] Failed to launch server process. Reason: Unity was launched with the -noUpm command-line argument
[Package Manager] Unable to send message (not connected to server process).
[Package Manager] Cannot connect to Unity Package Manager local server
ScheduleIndexationOnStartup MainProcess:False IndexOnStartup:True
Mono: successfully reloaded assembly
- Finished resetting the current domain, in  0.597 seconds
Domain Reload Profiling: 1293ms
	BeginReloadAssembly (198ms)
		DisableScriptedObjects (12ms)
		CreateAndSetChildDomain (47ms)
	RebuildCommonClasses (33ms)
	RebuildNativeTypeToScriptingClass (10ms)
	initialDomainReloadingComplete (48ms)
	LoadAllAssembliesAndSetupDomain (405ms)
		LoadAssemblies (303ms)
		AnalyzeDomain (181ms)
			TypeCache.Refresh (8ms)
			BuildScriptInfoCaches (161ms)
			ResolveRequiredComponents (11ms)
	FinalizeReload (598ms)
		SetupLoadedEditorAssemblies (0ms)
			BeforeProcessingInitializeOnLoad (127ms)
			ProcessInitializeOnLoadAttributes (239ms)
			ProcessInitializeOnLoadMethodAttributes (65ms)
			AfterProcessingInitializeOnLoad (3ms)
		AwakeInstancesAfterBackupRestoration (12ms)
Unloading 24 Unused Serialized files (Serialized files now loaded: 0)
Unloading 7300 unused Assets / (5.5 MB). Loaded Objects now: 8175.
Memory consumption went from 193.4 MB to 187.9 MB.
Total: 7.660800 ms (FindLiveObjects: 0.625400 ms CreateObjectMapping: 0.640000 ms MarkObjects: 4.185000 ms  DeleteObjects: 2.209300 ms)

Prepare: number of updated asset objects reloaded= 0
========================================================================
Received Import Request.
  Time since last request: 1983.729544 seconds.
  path: Assets/New Folder/FlowerFieldArt.png
  importAddress: Guid(13c858c244740464da15655896f3e3b2) Importer(815301076,1909f56bfc062723c751e8b465ee728b)
Start importing Assets/New Folder/FlowerFieldArt.png using Guid(13c858c244740464da15655896f3e3b2) Importer(815301076,1909f56bfc062723c751e8b465ee728b) (PreviewImporter) -> (Import Result ID: '3cde826536778d0f6a8cb32f63e43d4a') in 0.1062856 seconds [static and dynamic dependencies]. Details - ImportResultOutputID=b9c7f5677e9d3042eccbbf16981f1633 DependenciesID=578f951828c52410e13e67df4786d1f6 StaticDependenciesID=869c34bb4177c781b6e8de96afd7aa93 
Number of updated asset objects reloaded before import = 0Number of asset objects unloaded after import = 3

========================================================================
Received Prepare
Begin MonoManager ReloadAssembly
[Licensing::Client] Successfully resolved entitlement details
Assembly Assembly-CSharp-Editor-firstpass.dll at Library/ScriptAssemblies/Assembly-CSharp-Editor-firstpass.dll not valid. Loading of assembly skipped.
Assembly Assembly-CSharp-Editor.dll at Library/ScriptAssemblies/Assembly-CSharp-Editor.dll not valid. Loading of assembly skipped.
Assembly Assembly-CSharp-firstpass.dll at Library/ScriptAssemblies/Assembly-CSharp-firstpass.dll not valid. Loading of assembly skipped.
Assembly DocCodeExamples.dll at Library/ScriptAssemblies/DocCodeExamples.dll not valid. Loading of assembly skipped.
Assembly TestNewCustomAssembly.dll at Library/ScriptAssemblies/TestNewCustomAssembly.dll not valid. Loading of assembly skipped.
Assembly Unity.2D.Animation.EditorTests.dll at Library/ScriptAssemblies/Unity.2D.Animation.EditorTests.dll not valid. Loading of assembly skipped.
Assembly Unity.2D.Aseprite.EditorTests.dll at Library/ScriptAssemblies/Unity.2D.Aseprite.EditorTests.dll not valid. Loading of assembly skipped.
Assembly Unity.2D.Common.EditorTests.dll at Library/ScriptAssemblies/Unity.2D.Common.EditorTests.dll not valid. Loading of assembly skipped.
Assembly Unity.2D.Psdimporter.EditorTests.dll at Library/ScriptAssemblies/Unity.2D.Psdimporter.EditorTests.dll not valid. Loading of assembly skipped.
Assembly Unity.2D.Sprite.Package.EditorTests.dll at Library/ScriptAssemblies/Unity.2D.Sprite.Package.EditorTests.dll not valid. Loading of assembly skipped.
Assembly Unity.2D.SpriteShape.EditorTests.dll at Library/ScriptAssemblies/Unity.2D.SpriteShape.EditorTests.dll not valid. Loading of assembly skipped.
Assembly Unity.2D.Tilemap.Package.EditorTests.dll at Library/ScriptAssemblies/Unity.2D.Tilemap.Package.EditorTests.dll not valid. Loading of assembly skipped.
Assembly Unity.Collections.BurstCompatibilityGen.dll at Library/ScriptAssemblies/Unity.Collections.BurstCompatibilityGen.dll not valid. Loading of assembly skipped.
Assembly Unity.Collections.DocCodeSamples.dll at Library/ScriptAssemblies/Unity.Collections.DocCodeSamples.dll not valid. Loading of assembly skipped.
Assembly Unity.Collections.PerformanceTests.dll at Library/ScriptAssemblies/Unity.Collections.PerformanceTests.dll not valid. Loading of assembly skipped.
Assembly Unity.Collections.Tests.dll at Library/ScriptAssemblies/Unity.Collections.Tests.dll not valid. Loading of assembly skipped.
Assembly Unity.Collections.Tests.Playmode.dll at Library/ScriptAssemblies/Unity.Collections.Tests.Playmode.dll not valid. Loading of assembly skipped.
Assembly Unity.InputSystem.IntegrationTests.dll at Library/ScriptAssemblies/Unity.InputSystem.IntegrationTests.dll not valid. Loading of assembly skipped.
Assembly Unity.Mathematics.Tests.dll at Library/ScriptAssemblies/Unity.Mathematics.Tests.dll not valid. Loading of assembly skipped.
Assembly Unity.Multiplayer.Center.Editor.Tests.dll at Library/ScriptAssemblies/Unity.Multiplayer.Center.Editor.Tests.dll not valid. Loading of assembly skipped.
Assembly Unity.Multiplayer.Center.Tests.dll at Library/ScriptAssemblies/Unity.Multiplayer.Center.Tests.dll not valid. Loading of assembly skipped.
Assembly Unity.Nuget.Mono-Cecil.dll at Library/ScriptAssemblies/Unity.Nuget.Mono-Cecil.dll not valid. Loading of assembly skipped.
Assembly Unity.PathTracing.Editor.Tests.dll at Library/ScriptAssemblies/Unity.PathTracing.Editor.Tests.dll not valid. Loading of assembly skipped.
Assembly Unity.PathTracing.Runtime.Tests.dll at Library/ScriptAssemblies/Unity.PathTracing.Runtime.Tests.dll not valid. Loading of assembly skipped.
Assembly Unity.RenderPipelines.Core.Editor.Tests.dll at Library/ScriptAssemblies/Unity.RenderPipelines.Core.Editor.Tests.dll not valid. Loading of assembly skipped.
Assembly Unity.RenderPipelines.Core.Runtime.Tests.dll at Library/ScriptAssemblies/Unity.RenderPipelines.Core.Runtime.Tests.dll not valid. Loading of assembly skipped.
Assembly Unity.RenderPipelines.Universal.Config.Editor.Tests.dll at Library/ScriptAssemblies/Unity.RenderPipelines.Universal.Config.Editor.Tests.dll not valid. Loading of assembly skipped.
Assembly Unity.RenderPipelines.Universal.Editor.Tests.dll at Library/ScriptAssemblies/Unity.RenderPipelines.Universal.Editor.Tests.dll not valid. Loading of assembly skipped.
Assembly Unity.RenderPipelines.Universal.Runtime.Tests.dll at Library/ScriptAssemblies/Unity.RenderPipelines.Universal.Runtime.Tests.dll not valid. Loading of assembly skipped.
Assembly Unity.Searcher.EditorTests.dll at Library/ScriptAssemblies/Unity.Searcher.EditorTests.dll not valid. Loading of assembly skipped.
Assembly Unity.ShaderGraph.Editor.Tests.dll at Library/ScriptAssemblies/Unity.ShaderGraph.Editor.Tests.dll not valid. Loading of assembly skipped.
Assembly Unity.TextMeshPro.Editor.Tests.dll at Library/ScriptAssemblies/Unity.TextMeshPro.Editor.Tests.dll not valid. Loading of assembly skipped.
Assembly Unity.TextMeshPro.Tests.dll at Library/ScriptAssemblies/Unity.TextMeshPro.Tests.dll not valid. Loading of assembly skipped.
Assembly Unity.UnifiedRayTracing.Editor.Tests.dll at Library/ScriptAssemblies/Unity.UnifiedRayTracing.Editor.Tests.dll not valid. Loading of assembly skipped.
Assembly UnityEditor.UI.Common.Tests.dll at Library/ScriptAssemblies/UnityEditor.UI.Common.Tests.dll not valid. Loading of assembly skipped.
Assembly UnityEditor.UI.EditorTests.dll at Library/ScriptAssemblies/UnityEditor.UI.EditorTests.dll not valid. Loading of assembly skipped.
Assembly UnityEngine.UI.Tests.dll at Library/ScriptAssemblies/UnityEngine.UI.Tests.dll not valid. Loading of assembly skipped.
Native extension for WindowsStandalone target not found
Native extension for WebGL target not found
[Package Manager] Failed to launch server process. Reason: Unity was launched with the -noUpm command-line argument
[Package Manager] Unable to send message (not connected to server process).
[Package Manager] Cannot connect to Unity Package Manager local server
[Package Manager] Failed to launch server process. Reason: Unity was launched with the -noUpm command-line argument
[Package Manager] Unable to send message (not connected to server process).
[Package Manager] Cannot connect to Unity Package Manager local server
ScheduleIndexationOnStartup MainProcess:False IndexOnStartup:True
Mono: successfully reloaded assembly
- Finished resetting the current domain, in  0.609 seconds
Domain Reload Profiling: 1296ms
	BeginReloadAssembly (192ms)
		DisableScriptedObjects (12ms)
		CreateAndSetChildDomain (47ms)
	RebuildCommonClasses (32ms)
	RebuildNativeTypeToScriptingClass (11ms)
	initialDomainReloadingComplete (51ms)
	LoadAllAssembliesAndSetupDomain (401ms)
		LoadAssemblies (298ms)
		AnalyzeDomain (172ms)
			TypeCache.Refresh (8ms)
			BuildScriptInfoCaches (154ms)
			ResolveRequiredComponents (9ms)
	FinalizeReload (610ms)
		SetupLoadedEditorAssemblies (0ms)
			BeforeProcessingInitializeOnLoad (129ms)
			ProcessInitializeOnLoadAttributes (243ms)
			ProcessInitializeOnLoadMethodAttributes (66ms)
			AfterProcessingInitializeOnLoad (4ms)
		AwakeInstancesAfterBackupRestoration (12ms)
Unloading 24 Unused Serialized files (Serialized files now loaded: 0)
Unloading 7300 unused Assets / (5.8 MB). Loaded Objects now: 8180.
Memory consumption went from 172.1 MB to 166.4 MB.
Total: 8.351100 ms (FindLiveObjects: 0.622700 ms CreateObjectMapping: 0.552600 ms MarkObjects: 4.816700 ms  DeleteObjects: 2.343700 ms)

Prepare: number of updated asset objects reloaded= 0
========================================================================
Received Prepare
Begin MonoManager ReloadAssembly
Assembly Assembly-CSharp-Editor-firstpass.dll at Library/ScriptAssemblies/Assembly-CSharp-Editor-firstpass.dll not valid. Loading of assembly skipped.
Assembly Assembly-CSharp-Editor.dll at Library/ScriptAssemblies/Assembly-CSharp-Editor.dll not valid. Loading of assembly skipped.
Assembly Assembly-CSharp-firstpass.dll at Library/ScriptAssemblies/Assembly-CSharp-firstpass.dll not valid. Loading of assembly skipped.
Assembly DocCodeExamples.dll at Library/ScriptAssemblies/DocCodeExamples.dll not valid. Loading of assembly skipped.
Assembly TestNewCustomAssembly.dll at Library/ScriptAssemblies/TestNewCustomAssembly.dll not valid. Loading of assembly skipped.
Assembly Unity.2D.Animation.EditorTests.dll at Library/ScriptAssemblies/Unity.2D.Animation.EditorTests.dll not valid. Loading of assembly skipped.
Assembly Unity.2D.Aseprite.EditorTests.dll at Library/ScriptAssemblies/Unity.2D.Aseprite.EditorTests.dll not valid. Loading of assembly skipped.
Assembly Unity.2D.Common.EditorTests.dll at Library/ScriptAssemblies/Unity.2D.Common.EditorTests.dll not valid. Loading of assembly skipped.
Assembly Unity.2D.Psdimporter.EditorTests.dll at Library/ScriptAssemblies/Unity.2D.Psdimporter.EditorTests.dll not valid. Loading of assembly skipped.
Assembly Unity.2D.Sprite.Package.EditorTests.dll at Library/ScriptAssemblies/Unity.2D.Sprite.Package.EditorTests.dll not valid. Loading of assembly skipped.
Assembly Unity.2D.SpriteShape.EditorTests.dll at Library/ScriptAssemblies/Unity.2D.SpriteShape.EditorTests.dll not valid. Loading of assembly skipped.
Assembly Unity.2D.Tilemap.Package.EditorTests.dll at Library/ScriptAssemblies/Unity.2D.Tilemap.Package.EditorTests.dll not valid. Loading of assembly skipped.
Assembly Unity.Collections.BurstCompatibilityGen.dll at Library/ScriptAssemblies/Unity.Collections.BurstCompatibilityGen.dll not valid. Loading of assembly skipped.
Assembly Unity.Collections.DocCodeSamples.dll at Library/ScriptAssemblies/Unity.Collections.DocCodeSamples.dll not valid. Loading of assembly skipped.
Assembly Unity.Collections.PerformanceTests.dll at Library/ScriptAssemblies/Unity.Collections.PerformanceTests.dll not valid. Loading of assembly skipped.
Assembly Unity.Collections.Tests.dll at Library/ScriptAssemblies/Unity.Collections.Tests.dll not valid. Loading of assembly skipped.
Assembly Unity.Collections.Tests.Playmode.dll at Library/ScriptAssemblies/Unity.Collections.Tests.Playmode.dll not valid. Loading of assembly skipped.
Assembly Unity.InputSystem.IntegrationTests.dll at Library/ScriptAssemblies/Unity.InputSystem.IntegrationTests.dll not valid. Loading of assembly skipped.
Assembly Unity.Mathematics.Tests.dll at Library/ScriptAssemblies/Unity.Mathematics.Tests.dll not valid. Loading of assembly skipped.
Assembly Unity.Multiplayer.Center.Editor.Tests.dll at Library/ScriptAssemblies/Unity.Multiplayer.Center.Editor.Tests.dll not valid. Loading of assembly skipped.
Assembly Unity.Multiplayer.Center.Tests.dll at Library/ScriptAssemblies/Unity.Multiplayer.Center.Tests.dll not valid. Loading of assembly skipped.
Assembly Unity.Nuget.Mono-Cecil.dll at Library/ScriptAssemblies/Unity.Nuget.Mono-Cecil.dll not valid. Loading of assembly skipped.
Assembly Unity.PathTracing.Editor.Tests.dll at Library/ScriptAssemblies/Unity.PathTracing.Editor.Tests.dll not valid. Loading of assembly skipped.
Assembly Unity.PathTracing.Runtime.Tests.dll at Library/ScriptAssemblies/Unity.PathTracing.Runtime.Tests.dll not valid. Loading of assembly skipped.
Assembly Unity.RenderPipelines.Core.Editor.Tests.dll at Library/ScriptAssemblies/Unity.RenderPipelines.Core.Editor.Tests.dll not valid. Loading of assembly skipped.
Assembly Unity.RenderPipelines.Core.Runtime.Tests.dll at Library/ScriptAssemblies/Unity.RenderPipelines.Core.Runtime.Tests.dll not valid. Loading of assembly skipped.
Assembly Unity.RenderPipelines.Universal.Config.Editor.Tests.dll at Library/ScriptAssemblies/Unity.RenderPipelines.Universal.Config.Editor.Tests.dll not valid. Loading of assembly skipped.
Assembly Unity.RenderPipelines.Universal.Editor.Tests.dll at Library/ScriptAssemblies/Unity.RenderPipelines.Universal.Editor.Tests.dll not valid. Loading of assembly skipped.
Assembly Unity.RenderPipelines.Universal.Runtime.Tests.dll at Library/ScriptAssemblies/Unity.RenderPipelines.Universal.Runtime.Tests.dll not valid. Loading of assembly skipped.
Assembly Unity.Searcher.EditorTests.dll at Library/ScriptAssemblies/Unity.Searcher.EditorTests.dll not valid. Loading of assembly skipped.
Assembly Unity.ShaderGraph.Editor.Tests.dll at Library/ScriptAssemblies/Unity.ShaderGraph.Editor.Tests.dll not valid. Loading of assembly skipped.
Assembly Unity.TextMeshPro.Editor.Tests.dll at Library/ScriptAssemblies/Unity.TextMeshPro.Editor.Tests.dll not valid. Loading of assembly skipped.
Assembly Unity.TextMeshPro.Tests.dll at Library/ScriptAssemblies/Unity.TextMeshPro.Tests.dll not valid. Loading of assembly skipped.
Assembly Unity.UnifiedRayTracing.Editor.Tests.dll at Library/ScriptAssemblies/Unity.UnifiedRayTracing.Editor.Tests.dll not valid. Loading of assembly skipped.
Assembly UnityEditor.UI.Common.Tests.dll at Library/ScriptAssemblies/UnityEditor.UI.Common.Tests.dll not valid. Loading of assembly skipped.
Assembly UnityEditor.UI.EditorTests.dll at Library/ScriptAssemblies/UnityEditor.UI.EditorTests.dll not valid. Loading of assembly skipped.
Assembly UnityEngine.UI.Tests.dll at Library/ScriptAssemblies/UnityEngine.UI.Tests.dll not valid. Loading of assembly skipped.
Native extension for WindowsStandalone target not found
Native extension for WebGL target not found
[Package Manager] Failed to launch server process. Reason: Unity was launched with the -noUpm command-line argument
[Package Manager] Unable to send message (not connected to server process).
[Package Manager] Cannot connect to Unity Package Manager local server
[Package Manager] Failed to launch server process. Reason: Unity was launched with the -noUpm command-line argument
[Package Manager] Unable to send message (not connected to server process).
[Package Manager] Cannot connect to Unity Package Manager local server
ScheduleIndexationOnStartup MainProcess:False IndexOnStartup:True
Mono: successfully reloaded assembly
- Finished resetting the current domain, in  0.650 seconds
Domain Reload Profiling: 1332ms
	BeginReloadAssembly (182ms)
		DisableScriptedObjects (11ms)
		CreateAndSetChildDomain (43ms)
	RebuildCommonClasses (31ms)
	RebuildNativeTypeToScriptingClass (12ms)
	initialDomainReloadingComplete (51ms)
	LoadAllAssembliesAndSetupDomain (406ms)
		LoadAssemblies (290ms)
		AnalyzeDomain (185ms)
			TypeCache.Refresh (8ms)
			BuildScriptInfoCaches (167ms)
			ResolveRequiredComponents (10ms)
	FinalizeReload (650ms)
		SetupLoadedEditorAssemblies (0ms)
			BeforeProcessingInitializeOnLoad (137ms)
			ProcessInitializeOnLoadAttributes (264ms)
			ProcessInitializeOnLoadMethodAttributes (72ms)
			AfterProcessingInitializeOnLoad (4ms)
		AwakeInstancesAfterBackupRestoration (15ms)
Unloading 24 Unused Serialized files (Serialized files now loaded: 0)
Unloading 7300 unused Assets / (5.7 MB). Loaded Objects now: 8183.
Memory consumption went from 175.3 MB to 169.6 MB.
Total: 9.145700 ms (FindLiveObjects: 0.914200 ms CreateObjectMapping: 0.711500 ms MarkObjects: 4.929000 ms  DeleteObjects: 2.589300 ms)

Prepare: number of updated asset objects reloaded= 0
========================================================================
Received Import Request.
  Time since last request: 290.836830 seconds.
  path: Assets/Settings
  importAddress: Guid(0220aab0833d04faeb927d84ca6cc40c) Importer(815301076,1909f56bfc062723c751e8b465ee728b)
Start importing Assets/Settings using Guid(0220aab0833d04faeb927d84ca6cc40c) Importer(815301076,1909f56bfc062723c751e8b465ee728b) (PreviewImporter) -> (Import Result ID: 'b7015ab3f236db6be35ef8f39a521214') in 0.0025773 seconds [static and dynamic dependencies]. Details - ImportResultOutputID=693781ec2ce6e4820c8fedee22af6ee7 DependenciesID=43c966c5d4d0919f433809e02eb85be7 StaticDependenciesID=313a55d040b389caf7146c1bf97fe4f8 
Number of updated asset objects reloaded before import = 0Number of asset objects unloaded after import = 0

========================================================================
Received Prepare
Begin MonoManager ReloadAssembly
[Licensing::Client] Successfully resolved entitlement details
Assembly Assembly-CSharp-Editor-firstpass.dll at Library/ScriptAssemblies/Assembly-CSharp-Editor-firstpass.dll not valid. Loading of assembly skipped.
Assembly Assembly-CSharp-Editor.dll at Library/ScriptAssemblies/Assembly-CSharp-Editor.dll not valid. Loading of assembly skipped.
Assembly Assembly-CSharp-firstpass.dll at Library/ScriptAssemblies/Assembly-CSharp-firstpass.dll not valid. Loading of assembly skipped.
Assembly DocCodeExamples.dll at Library/ScriptAssemblies/DocCodeExamples.dll not valid. Loading of assembly skipped.
Assembly TestNewCustomAssembly.dll at Library/ScriptAssemblies/TestNewCustomAssembly.dll not valid. Loading of assembly skipped.
Assembly Unity.2D.Animation.EditorTests.dll at Library/ScriptAssemblies/Unity.2D.Animation.EditorTests.dll not valid. Loading of assembly skipped.
Assembly Unity.2D.Aseprite.EditorTests.dll at Library/ScriptAssemblies/Unity.2D.Aseprite.EditorTests.dll not valid. Loading of assembly skipped.
Assembly Unity.2D.Common.EditorTests.dll at Library/ScriptAssemblies/Unity.2D.Common.EditorTests.dll not valid. Loading of assembly skipped.
Assembly Unity.2D.Psdimporter.EditorTests.dll at Library/ScriptAssemblies/Unity.2D.Psdimporter.EditorTests.dll not valid. Loading of assembly skipped.
Assembly Unity.2D.Sprite.Package.EditorTests.dll at Library/ScriptAssemblies/Unity.2D.Sprite.Package.EditorTests.dll not valid. Loading of assembly skipped.
Assembly Unity.2D.SpriteShape.EditorTests.dll at Library/ScriptAssemblies/Unity.2D.SpriteShape.EditorTests.dll not valid. Loading of assembly skipped.
Assembly Unity.2D.Tilemap.Package.EditorTests.dll at Library/ScriptAssemblies/Unity.2D.Tilemap.Package.EditorTests.dll not valid. Loading of assembly skipped.
Assembly Unity.Collections.BurstCompatibilityGen.dll at Library/ScriptAssemblies/Unity.Collections.BurstCompatibilityGen.dll not valid. Loading of assembly skipped.
Assembly Unity.Collections.DocCodeSamples.dll at Library/ScriptAssemblies/Unity.Collections.DocCodeSamples.dll not valid. Loading of assembly skipped.
Assembly Unity.Collections.PerformanceTests.dll at Library/ScriptAssemblies/Unity.Collections.PerformanceTests.dll not valid. Loading of assembly skipped.
Assembly Unity.Collections.Tests.dll at Library/ScriptAssemblies/Unity.Collections.Tests.dll not valid. Loading of assembly skipped.
Assembly Unity.Collections.Tests.Playmode.dll at Library/ScriptAssemblies/Unity.Collections.Tests.Playmode.dll not valid. Loading of assembly skipped.
Assembly Unity.InputSystem.IntegrationTests.dll at Library/ScriptAssemblies/Unity.InputSystem.IntegrationTests.dll not valid. Loading of assembly skipped.
Assembly Unity.Mathematics.Tests.dll at Library/ScriptAssemblies/Unity.Mathematics.Tests.dll not valid. Loading of assembly skipped.
Assembly Unity.Multiplayer.Center.Editor.Tests.dll at Library/ScriptAssemblies/Unity.Multiplayer.Center.Editor.Tests.dll not valid. Loading of assembly skipped.
Assembly Unity.Multiplayer.Center.Tests.dll at Library/ScriptAssemblies/Unity.Multiplayer.Center.Tests.dll not valid. Loading of assembly skipped.
Assembly Unity.Nuget.Mono-Cecil.dll at Library/ScriptAssemblies/Unity.Nuget.Mono-Cecil.dll not valid. Loading of assembly skipped.
Assembly Unity.PathTracing.Editor.Tests.dll at Library/ScriptAssemblies/Unity.PathTracing.Editor.Tests.dll not valid. Loading of assembly skipped.
Assembly Unity.PathTracing.Runtime.Tests.dll at Library/ScriptAssemblies/Unity.PathTracing.Runtime.Tests.dll not valid. Loading of assembly skipped.
Assembly Unity.RenderPipelines.Core.Editor.Tests.dll at Library/ScriptAssemblies/Unity.RenderPipelines.Core.Editor.Tests.dll not valid. Loading of assembly skipped.
Assembly Unity.RenderPipelines.Core.Runtime.Tests.dll at Library/ScriptAssemblies/Unity.RenderPipelines.Core.Runtime.Tests.dll not valid. Loading of assembly skipped.
Assembly Unity.RenderPipelines.Universal.Config.Editor.Tests.dll at Library/ScriptAssemblies/Unity.RenderPipelines.Universal.Config.Editor.Tests.dll not valid. Loading of assembly skipped.
Assembly Unity.RenderPipelines.Universal.Editor.Tests.dll at Library/ScriptAssemblies/Unity.RenderPipelines.Universal.Editor.Tests.dll not valid. Loading of assembly skipped.
Assembly Unity.RenderPipelines.Universal.Runtime.Tests.dll at Library/ScriptAssemblies/Unity.RenderPipelines.Universal.Runtime.Tests.dll not valid. Loading of assembly skipped.
Assembly Unity.Searcher.EditorTests.dll at Library/ScriptAssemblies/Unity.Searcher.EditorTests.dll not valid. Loading of assembly skipped.
Assembly Unity.ShaderGraph.Editor.Tests.dll at Library/ScriptAssemblies/Unity.ShaderGraph.Editor.Tests.dll not valid. Loading of assembly skipped.
Assembly Unity.TextMeshPro.Editor.Tests.dll at Library/ScriptAssemblies/Unity.TextMeshPro.Editor.Tests.dll not valid. Loading of assembly skipped.
Assembly Unity.TextMeshPro.Tests.dll at Library/ScriptAssemblies/Unity.TextMeshPro.Tests.dll not valid. Loading of assembly skipped.
Assembly Unity.UnifiedRayTracing.Editor.Tests.dll at Library/ScriptAssemblies/Unity.UnifiedRayTracing.Editor.Tests.dll not valid. Loading of assembly skipped.
Assembly UnityEditor.UI.Common.Tests.dll at Library/ScriptAssemblies/UnityEditor.UI.Common.Tests.dll not valid. Loading of assembly skipped.
Assembly UnityEditor.UI.EditorTests.dll at Library/ScriptAssemblies/UnityEditor.UI.EditorTests.dll not valid. Loading of assembly skipped.
Assembly UnityEngine.UI.Tests.dll at Library/ScriptAssemblies/UnityEngine.UI.Tests.dll not valid. Loading of assembly skipped.
Native extension for WindowsStandalone target not found
Native extension for WebGL target not found
[Package Manager] Failed to launch server process. Reason: Unity was launched with the -noUpm command-line argument
[Package Manager] Unable to send message (not connected to server process).
[Package Manager] Cannot connect to Unity Package Manager local server
[Package Manager] Failed to launch server process. Reason: Unity was launched with the -noUpm command-line argument
[Package Manager] Unable to send message (not connected to server process).
[Package Manager] Cannot connect to Unity Package Manager local server
ScheduleIndexationOnStartup MainProcess:False IndexOnStartup:True
Mono: successfully reloaded assembly
- Finished resetting the current domain, in  0.618 seconds
Domain Reload Profiling: 1334ms
	BeginReloadAssembly (203ms)
		DisableScriptedObjects (13ms)
		CreateAndSetChildDomain (48ms)
	RebuildCommonClasses (32ms)
	RebuildNativeTypeToScriptingClass (10ms)
	initialDomainReloadingComplete (53ms)
	LoadAllAssembliesAndSetupDomain (418ms)
		LoadAssemblies (312ms)
		AnalyzeDomain (184ms)
			TypeCache.Refresh (8ms)
			BuildScriptInfoCaches (165ms)
			ResolveRequiredComponents (9ms)
	FinalizeReload (619ms)
		SetupLoadedEditorAssemblies (0ms)
			BeforeProcessingInitializeOnLoad (137ms)
			ProcessInitializeOnLoadAttributes (244ms)
			ProcessInitializeOnLoadMethodAttributes (66ms)
			AfterProcessingInitializeOnLoad (4ms)
		AwakeInstancesAfterBackupRestoration (12ms)
Unloading 24 Unused Serialized files (Serialized files now loaded: 0)
Unloading 7300 unused Assets / (5.8 MB). Loaded Objects now: 8186.
Memory consumption went from 172.3 MB to 166.5 MB.
Total: 8.521600 ms (FindLiveObjects: 0.637100 ms CreateObjectMapping: 0.528900 ms MarkObjects: 4.940600 ms  DeleteObjects: 2.413400 ms)

Prepare: number of updated asset objects reloaded= 0
========================================================================
Received Prepare
Begin MonoManager ReloadAssembly
Assembly Assembly-CSharp-Editor-firstpass.dll at Library/ScriptAssemblies/Assembly-CSharp-Editor-firstpass.dll not valid. Loading of assembly skipped.
Assembly Assembly-CSharp-Editor.dll at Library/ScriptAssemblies/Assembly-CSharp-Editor.dll not valid. Loading of assembly skipped.
Assembly Assembly-CSharp-firstpass.dll at Library/ScriptAssemblies/Assembly-CSharp-firstpass.dll not valid. Loading of assembly skipped.
Assembly DocCodeExamples.dll at Library/ScriptAssemblies/DocCodeExamples.dll not valid. Loading of assembly skipped.
Assembly TestNewCustomAssembly.dll at Library/ScriptAssemblies/TestNewCustomAssembly.dll not valid. Loading of assembly skipped.
Assembly Unity.2D.Animation.EditorTests.dll at Library/ScriptAssemblies/Unity.2D.Animation.EditorTests.dll not valid. Loading of assembly skipped.
Assembly Unity.2D.Aseprite.EditorTests.dll at Library/ScriptAssemblies/Unity.2D.Aseprite.EditorTests.dll not valid. Loading of assembly skipped.
Assembly Unity.2D.Common.EditorTests.dll at Library/ScriptAssemblies/Unity.2D.Common.EditorTests.dll not valid. Loading of assembly skipped.
Assembly Unity.2D.Psdimporter.EditorTests.dll at Library/ScriptAssemblies/Unity.2D.Psdimporter.EditorTests.dll not valid. Loading of assembly skipped.
Assembly Unity.2D.Sprite.Package.EditorTests.dll at Library/ScriptAssemblies/Unity.2D.Sprite.Package.EditorTests.dll not valid. Loading of assembly skipped.
Assembly Unity.2D.SpriteShape.EditorTests.dll at Library/ScriptAssemblies/Unity.2D.SpriteShape.EditorTests.dll not valid. Loading of assembly skipped.
Assembly Unity.2D.Tilemap.Package.EditorTests.dll at Library/ScriptAssemblies/Unity.2D.Tilemap.Package.EditorTests.dll not valid. Loading of assembly skipped.
Assembly Unity.Collections.BurstCompatibilityGen.dll at Library/ScriptAssemblies/Unity.Collections.BurstCompatibilityGen.dll not valid. Loading of assembly skipped.
Assembly Unity.Collections.DocCodeSamples.dll at Library/ScriptAssemblies/Unity.Collections.DocCodeSamples.dll not valid. Loading of assembly skipped.
Assembly Unity.Collections.PerformanceTests.dll at Library/ScriptAssemblies/Unity.Collections.PerformanceTests.dll not valid. Loading of assembly skipped.
Assembly Unity.Collections.Tests.dll at Library/ScriptAssemblies/Unity.Collections.Tests.dll not valid. Loading of assembly skipped.
Assembly Unity.Collections.Tests.Playmode.dll at Library/ScriptAssemblies/Unity.Collections.Tests.Playmode.dll not valid. Loading of assembly skipped.
Assembly Unity.InputSystem.IntegrationTests.dll at Library/ScriptAssemblies/Unity.InputSystem.IntegrationTests.dll not valid. Loading of assembly skipped.
Assembly Unity.Mathematics.Tests.dll at Library/ScriptAssemblies/Unity.Mathematics.Tests.dll not valid. Loading of assembly skipped.
Assembly Unity.Multiplayer.Center.Editor.Tests.dll at Library/ScriptAssemblies/Unity.Multiplayer.Center.Editor.Tests.dll not valid. Loading of assembly skipped.
Assembly Unity.Multiplayer.Center.Tests.dll at Library/ScriptAssemblies/Unity.Multiplayer.Center.Tests.dll not valid. Loading of assembly skipped.
Assembly Unity.Nuget.Mono-Cecil.dll at Library/ScriptAssemblies/Unity.Nuget.Mono-Cecil.dll not valid. Loading of assembly skipped.
Assembly Unity.PathTracing.Editor.Tests.dll at Library/ScriptAssemblies/Unity.PathTracing.Editor.Tests.dll not valid. Loading of assembly skipped.
Assembly Unity.PathTracing.Runtime.Tests.dll at Library/ScriptAssemblies/Unity.PathTracing.Runtime.Tests.dll not valid. Loading of assembly skipped.
Assembly Unity.RenderPipelines.Core.Editor.Tests.dll at Library/ScriptAssemblies/Unity.RenderPipelines.Core.Editor.Tests.dll not valid. Loading of assembly skipped.
Assembly Unity.RenderPipelines.Core.Runtime.Tests.dll at Library/ScriptAssemblies/Unity.RenderPipelines.Core.Runtime.Tests.dll not valid. Loading of assembly skipped.
Assembly Unity.RenderPipelines.Universal.Config.Editor.Tests.dll at Library/ScriptAssemblies/Unity.RenderPipelines.Universal.Config.Editor.Tests.dll not valid. Loading of assembly skipped.
Assembly Unity.RenderPipelines.Universal.Editor.Tests.dll at Library/ScriptAssemblies/Unity.RenderPipelines.Universal.Editor.Tests.dll not valid. Loading of assembly skipped.
Assembly Unity.RenderPipelines.Universal.Runtime.Tests.dll at Library/ScriptAssemblies/Unity.RenderPipelines.Universal.Runtime.Tests.dll not valid. Loading of assembly skipped.
Assembly Unity.Searcher.EditorTests.dll at Library/ScriptAssemblies/Unity.Searcher.EditorTests.dll not valid. Loading of assembly skipped.
Assembly Unity.ShaderGraph.Editor.Tests.dll at Library/ScriptAssemblies/Unity.ShaderGraph.Editor.Tests.dll not valid. Loading of assembly skipped.
Assembly Unity.TextMeshPro.Editor.Tests.dll at Library/ScriptAssemblies/Unity.TextMeshPro.Editor.Tests.dll not valid. Loading of assembly skipped.
Assembly Unity.TextMeshPro.Tests.dll at Library/ScriptAssemblies/Unity.TextMeshPro.Tests.dll not valid. Loading of assembly skipped.
Assembly Unity.UnifiedRayTracing.Editor.Tests.dll at Library/ScriptAssemblies/Unity.UnifiedRayTracing.Editor.Tests.dll not valid. Loading of assembly skipped.
Assembly UnityEditor.UI.Common.Tests.dll at Library/ScriptAssemblies/UnityEditor.UI.Common.Tests.dll not valid. Loading of assembly skipped.
Assembly UnityEditor.UI.EditorTests.dll at Library/ScriptAssemblies/UnityEditor.UI.EditorTests.dll not valid. Loading of assembly skipped.
Assembly UnityEngine.UI.Tests.dll at Library/ScriptAssemblies/UnityEngine.UI.Tests.dll not valid. Loading of assembly skipped.
Native extension for WindowsStandalone target not found
Native extension for WebGL target not found
[Package Manager] Failed to launch server process. Reason: Unity was launched with the -noUpm command-line argument
[Package Manager] Unable to send message (not connected to server process).
[Package Manager] Cannot connect to Unity Package Manager local server
[Package Manager] Failed to launch server process. Reason: Unity was launched with the -noUpm command-line argument
[Package Manager] Unable to send message (not connected to server process).
[Package Manager] Cannot connect to Unity Package Manager local server
ScheduleIndexationOnStartup MainProcess:False IndexOnStartup:True
Mono: successfully reloaded assembly
- Finished resetting the current domain, in  0.633 seconds
Domain Reload Profiling: 1302ms
	BeginReloadAssembly (180ms)
		DisableScriptedObjects (11ms)
		CreateAndSetChildDomain (40ms)
	RebuildCommonClasses (31ms)
	RebuildNativeTypeToScriptingClass (11ms)
	initialDomainReloadingComplete (47ms)
	LoadAllAssembliesAndSetupDomain (400ms)
		LoadAssemblies (284ms)
		AnalyzeDomain (186ms)
			TypeCache.Refresh (8ms)
			BuildScriptInfoCaches (167ms)
			ResolveRequiredComponents (10ms)
	FinalizeReload (633ms)
		SetupLoadedEditorAssemblies (0ms)
			BeforeProcessingInitializeOnLoad (132ms)
			ProcessInitializeOnLoadAttributes (256ms)
			ProcessInitializeOnLoadMethodAttributes (78ms)
			AfterProcessingInitializeOnLoad (4ms)
		AwakeInstancesAfterBackupRestoration (14ms)
Unloading 24 Unused Serialized files (Serialized files now loaded: 0)
Unloading 7300 unused Assets / (5.7 MB). Loaded Objects now: 8189.
Memory consumption went from 175.4 MB to 169.7 MB.
Total: 8.869300 ms (FindLiveObjects: 0.835300 ms CreateObjectMapping: 0.556300 ms MarkObjects: 4.981500 ms  DeleteObjects: 2.494900 ms)

Prepare: number of updated asset objects reloaded= 0
========================================================================
Received Prepare
Unloading 24 Unused Serialized files (Serialized files now loaded: 0)
Unloading 7286 unused Assets / (4.7 MB). Loaded Objects now: 8190.
Memory consumption went from 178.6 MB to 173.8 MB.
Total: 8.834100 ms (FindLiveObjects: 0.651800 ms CreateObjectMapping: 0.547900 ms MarkObjects: 5.467300 ms  DeleteObjects: 2.166200 ms)

Prepare: number of updated asset objects reloaded= 0
========================================================================
Received Prepare
Begin MonoManager ReloadAssembly
[Licensing::Client] Successfully resolved entitlement details
Assembly Assembly-CSharp-Editor-firstpass.dll at Library/ScriptAssemblies/Assembly-CSharp-Editor-firstpass.dll not valid. Loading of assembly skipped.
Assembly Assembly-CSharp-Editor.dll at Library/ScriptAssemblies/Assembly-CSharp-Editor.dll not valid. Loading of assembly skipped.
Assembly Assembly-CSharp-firstpass.dll at Library/ScriptAssemblies/Assembly-CSharp-firstpass.dll not valid. Loading of assembly skipped.
Assembly DocCodeExamples.dll at Library/ScriptAssemblies/DocCodeExamples.dll not valid. Loading of assembly skipped.
Assembly TestNewCustomAssembly.dll at Library/ScriptAssemblies/TestNewCustomAssembly.dll not valid. Loading of assembly skipped.
Assembly Unity.2D.Animation.EditorTests.dll at Library/ScriptAssemblies/Unity.2D.Animation.EditorTests.dll not valid. Loading of assembly skipped.
Assembly Unity.2D.Aseprite.EditorTests.dll at Library/ScriptAssemblies/Unity.2D.Aseprite.EditorTests.dll not valid. Loading of assembly skipped.
Assembly Unity.2D.Common.EditorTests.dll at Library/ScriptAssemblies/Unity.2D.Common.EditorTests.dll not valid. Loading of assembly skipped.
Assembly Unity.2D.Psdimporter.EditorTests.dll at Library/ScriptAssemblies/Unity.2D.Psdimporter.EditorTests.dll not valid. Loading of assembly skipped.
Assembly Unity.2D.Sprite.Package.EditorTests.dll at Library/ScriptAssemblies/Unity.2D.Sprite.Package.EditorTests.dll not valid. Loading of assembly skipped.
Assembly Unity.2D.SpriteShape.EditorTests.dll at Library/ScriptAssemblies/Unity.2D.SpriteShape.EditorTests.dll not valid. Loading of assembly skipped.
Assembly Unity.2D.Tilemap.Package.EditorTests.dll at Library/ScriptAssemblies/Unity.2D.Tilemap.Package.EditorTests.dll not valid. Loading of assembly skipped.
Assembly Unity.Collections.BurstCompatibilityGen.dll at Library/ScriptAssemblies/Unity.Collections.BurstCompatibilityGen.dll not valid. Loading of assembly skipped.
Assembly Unity.Collections.DocCodeSamples.dll at Library/ScriptAssemblies/Unity.Collections.DocCodeSamples.dll not valid. Loading of assembly skipped.
Assembly Unity.Collections.PerformanceTests.dll at Library/ScriptAssemblies/Unity.Collections.PerformanceTests.dll not valid. Loading of assembly skipped.
Assembly Unity.Collections.Tests.dll at Library/ScriptAssemblies/Unity.Collections.Tests.dll not valid. Loading of assembly skipped.
Assembly Unity.Collections.Tests.Playmode.dll at Library/ScriptAssemblies/Unity.Collections.Tests.Playmode.dll not valid. Loading of assembly skipped.
Assembly Unity.InputSystem.IntegrationTests.dll at Library/ScriptAssemblies/Unity.InputSystem.IntegrationTests.dll not valid. Loading of assembly skipped.
Assembly Unity.Mathematics.Tests.dll at Library/ScriptAssemblies/Unity.Mathematics.Tests.dll not valid. Loading of assembly skipped.
Assembly Unity.Multiplayer.Center.Editor.Tests.dll at Library/ScriptAssemblies/Unity.Multiplayer.Center.Editor.Tests.dll not valid. Loading of assembly skipped.
Assembly Unity.Multiplayer.Center.Tests.dll at Library/ScriptAssemblies/Unity.Multiplayer.Center.Tests.dll not valid. Loading of assembly skipped.
Assembly Unity.Nuget.Mono-Cecil.dll at Library/ScriptAssemblies/Unity.Nuget.Mono-Cecil.dll not valid. Loading of assembly skipped.
Assembly Unity.PathTracing.Editor.Tests.dll at Library/ScriptAssemblies/Unity.PathTracing.Editor.Tests.dll not valid. Loading of assembly skipped.
Assembly Unity.PathTracing.Runtime.Tests.dll at Library/ScriptAssemblies/Unity.PathTracing.Runtime.Tests.dll not valid. Loading of assembly skipped.
Assembly Unity.RenderPipelines.Core.Editor.Tests.dll at Library/ScriptAssemblies/Unity.RenderPipelines.Core.Editor.Tests.dll not valid. Loading of assembly skipped.
Assembly Unity.RenderPipelines.Core.Runtime.Tests.dll at Library/ScriptAssemblies/Unity.RenderPipelines.Core.Runtime.Tests.dll not valid. Loading of assembly skipped.
Assembly Unity.RenderPipelines.Universal.Config.Editor.Tests.dll at Library/ScriptAssemblies/Unity.RenderPipelines.Universal.Config.Editor.Tests.dll not valid. Loading of assembly skipped.
Assembly Unity.RenderPipelines.Universal.Editor.Tests.dll at Library/ScriptAssemblies/Unity.RenderPipelines.Universal.Editor.Tests.dll not valid. Loading of assembly skipped.
Assembly Unity.RenderPipelines.Universal.Runtime.Tests.dll at Library/ScriptAssemblies/Unity.RenderPipelines.Universal.Runtime.Tests.dll not valid. Loading of assembly skipped.
Assembly Unity.Searcher.EditorTests.dll at Library/ScriptAssemblies/Unity.Searcher.EditorTests.dll not valid. Loading of assembly skipped.
Assembly Unity.ShaderGraph.Editor.Tests.dll at Library/ScriptAssemblies/Unity.ShaderGraph.Editor.Tests.dll not valid. Loading of assembly skipped.
Assembly Unity.TextMeshPro.Editor.Tests.dll at Library/ScriptAssemblies/Unity.TextMeshPro.Editor.Tests.dll not valid. Loading of assembly skipped.
Assembly Unity.TextMeshPro.Tests.dll at Library/ScriptAssemblies/Unity.TextMeshPro.Tests.dll not valid. Loading of assembly skipped.
Assembly Unity.UnifiedRayTracing.Editor.Tests.dll at Library/ScriptAssemblies/Unity.UnifiedRayTracing.Editor.Tests.dll not valid. Loading of assembly skipped.
Assembly UnityEditor.UI.Common.Tests.dll at Library/ScriptAssemblies/UnityEditor.UI.Common.Tests.dll not valid. Loading of assembly skipped.
Assembly UnityEditor.UI.EditorTests.dll at Library/ScriptAssemblies/UnityEditor.UI.EditorTests.dll not valid. Loading of assembly skipped.
Assembly UnityEngine.UI.Tests.dll at Library/ScriptAssemblies/UnityEngine.UI.Tests.dll not valid. Loading of assembly skipped.
Refreshing native plugins compatible for Editor in 2.03 ms, found 5 plugins.
Native extension for WindowsStandalone target not found
Native extension for WebGL target not found
[Package Manager] Failed to launch server process. Reason: Unity was launched with the -noUpm command-line argument
[Package Manager] Unable to send message (not connected to server process).
[Package Manager] Cannot connect to Unity Package Manager local server
[Package Manager] Failed to launch server process. Reason: Unity was launched with the -noUpm command-line argument
[Package Manager] Unable to send message (not connected to server process).
[Package Manager] Cannot connect to Unity Package Manager local server
ScheduleIndexationOnStartup MainProcess:False IndexOnStartup:True
Mono: successfully reloaded assembly
- Finished resetting the current domain, in  0.760 seconds
Domain Reload Profiling: 1702ms
	BeginReloadAssembly (232ms)
		DisableScriptedObjects (16ms)
		CreateAndSetChildDomain (57ms)
	RebuildCommonClasses (37ms)
	RebuildNativeTypeToScriptingClass (12ms)
	initialDomainReloadingComplete (66ms)
	LoadAllAssembliesAndSetupDomain (594ms)
		LoadAssemblies (354ms)
		AnalyzeDomain (316ms)
			TypeCache.Refresh (13ms)
			BuildScriptInfoCaches (287ms)
			ResolveRequiredComponents (14ms)
	FinalizeReload (760ms)
		SetupLoadedEditorAssemblies (0ms)
			InitializePlatformSupportModulesInManaged (3ms)
			BeforeProcessingInitializeOnLoad (183ms)
			ProcessInitializeOnLoadAttributes (275ms)
			ProcessInitializeOnLoadMethodAttributes (73ms)
			AfterProcessingInitializeOnLoad (4ms)
		AwakeInstancesAfterBackupRestoration (13ms)
Unloading 24 Unused Serialized files (Serialized files now loaded: 0)
Unloading 7301 unused Assets / (5.6 MB). Loaded Objects now: 8193.
Memory consumption went from 181.6 MB to 175.9 MB.
Total: 8.582600 ms (FindLiveObjects: 0.609400 ms CreateObjectMapping: 0.563600 ms MarkObjects: 4.953600 ms  DeleteObjects: 2.454700 ms)

Prepare: number of updated asset objects reloaded= 0
========================================================================
Received Import Request.
  Time since last request: 2145.238583 seconds.
  path: Assets/WrapTeleport.cs
  importAddress: Guid(2e7096ee23dd32b4f9b211808b507cbc) Importer(815301076,1909f56bfc062723c751e8b465ee728b)
Start importing Assets/WrapTeleport.cs using Guid(2e7096ee23dd32b4f9b211808b507cbc) Importer(815301076,1909f56bfc062723c751e8b465ee728b) (PreviewImporter) -> (Import Result ID: 'f4733b58a5f36739ab2bbc8c708a7fda') in 0.0021223 seconds [static and dynamic dependencies]. Details - ImportResultOutputID=1acc77c9bbe947e2bd2bb27da9ebf966 DependenciesID=b8d81c913d8e90248511bb85b32991f9 StaticDependenciesID=9c7ca94f6cd4820d36170fceae47685e 
Number of updated asset objects reloaded before import = 0Number of asset objects unloaded after import = 0

========================================================================
Received Prepare
Begin MonoManager ReloadAssembly
[Licensing::Client] Successfully resolved entitlement details
Assembly Assembly-CSharp-Editor-firstpass.dll at Library/ScriptAssemblies/Assembly-CSharp-Editor-firstpass.dll not valid. Loading of assembly skipped.
Assembly Assembly-CSharp-Editor.dll at Library/ScriptAssemblies/Assembly-CSharp-Editor.dll not valid. Loading of assembly skipped.
Assembly Assembly-CSharp-firstpass.dll at Library/ScriptAssemblies/Assembly-CSharp-firstpass.dll not valid. Loading of assembly skipped.
Assembly DocCodeExamples.dll at Library/ScriptAssemblies/DocCodeExamples.dll not valid. Loading of assembly skipped.
Assembly TestNewCustomAssembly.dll at Library/ScriptAssemblies/TestNewCustomAssembly.dll not valid. Loading of assembly skipped.
Assembly Unity.2D.Animation.EditorTests.dll at Library/ScriptAssemblies/Unity.2D.Animation.EditorTests.dll not valid. Loading of assembly skipped.
Assembly Unity.2D.Aseprite.EditorTests.dll at Library/ScriptAssemblies/Unity.2D.Aseprite.EditorTests.dll not valid. Loading of assembly skipped.
Assembly Unity.2D.Common.EditorTests.dll at Library/ScriptAssemblies/Unity.2D.Common.EditorTests.dll not valid. Loading of assembly skipped.
Assembly Unity.2D.Psdimporter.EditorTests.dll at Library/ScriptAssemblies/Unity.2D.Psdimporter.EditorTests.dll not valid. Loading of assembly skipped.
Assembly Unity.2D.Sprite.Package.EditorTests.dll at Library/ScriptAssemblies/Unity.2D.Sprite.Package.EditorTests.dll not valid. Loading of assembly skipped.
Assembly Unity.2D.SpriteShape.EditorTests.dll at Library/ScriptAssemblies/Unity.2D.SpriteShape.EditorTests.dll not valid. Loading of assembly skipped.
Assembly Unity.2D.Tilemap.Package.EditorTests.dll at Library/ScriptAssemblies/Unity.2D.Tilemap.Package.EditorTests.dll not valid. Loading of assembly skipped.
Assembly Unity.Collections.BurstCompatibilityGen.dll at Library/ScriptAssemblies/Unity.Collections.BurstCompatibilityGen.dll not valid. Loading of assembly skipped.
Assembly Unity.Collections.DocCodeSamples.dll at Library/ScriptAssemblies/Unity.Collections.DocCodeSamples.dll not valid. Loading of assembly skipped.
Assembly Unity.Collections.PerformanceTests.dll at Library/ScriptAssemblies/Unity.Collections.PerformanceTests.dll not valid. Loading of assembly skipped.
Assembly Unity.Collections.Tests.dll at Library/ScriptAssemblies/Unity.Collections.Tests.dll not valid. Loading of assembly skipped.
Assembly Unity.Collections.Tests.Playmode.dll at Library/ScriptAssemblies/Unity.Collections.Tests.Playmode.dll not valid. Loading of assembly skipped.
Assembly Unity.InputSystem.IntegrationTests.dll at Library/ScriptAssemblies/Unity.InputSystem.IntegrationTests.dll not valid. Loading of assembly skipped.
Assembly Unity.Mathematics.Tests.dll at Library/ScriptAssemblies/Unity.Mathematics.Tests.dll not valid. Loading of assembly skipped.
Assembly Unity.Multiplayer.Center.Editor.Tests.dll at Library/ScriptAssemblies/Unity.Multiplayer.Center.Editor.Tests.dll not valid. Loading of assembly skipped.
Assembly Unity.Multiplayer.Center.Tests.dll at Library/ScriptAssemblies/Unity.Multiplayer.Center.Tests.dll not valid. Loading of assembly skipped.
Assembly Unity.Nuget.Mono-Cecil.dll at Library/ScriptAssemblies/Unity.Nuget.Mono-Cecil.dll not valid. Loading of assembly skipped.
Assembly Unity.PathTracing.Editor.Tests.dll at Library/ScriptAssemblies/Unity.PathTracing.Editor.Tests.dll not valid. Loading of assembly skipped.
Assembly Unity.PathTracing.Runtime.Tests.dll at Library/ScriptAssemblies/Unity.PathTracing.Runtime.Tests.dll not valid. Loading of assembly skipped.
Assembly Unity.RenderPipelines.Core.Editor.Tests.dll at Library/ScriptAssemblies/Unity.RenderPipelines.Core.Editor.Tests.dll not valid. Loading of assembly skipped.
Assembly Unity.RenderPipelines.Core.Runtime.Tests.dll at Library/ScriptAssemblies/Unity.RenderPipelines.Core.Runtime.Tests.dll not valid. Loading of assembly skipped.
Assembly Unity.RenderPipelines.Universal.Config.Editor.Tests.dll at Library/ScriptAssemblies/Unity.RenderPipelines.Universal.Config.Editor.Tests.dll not valid. Loading of assembly skipped.
Assembly Unity.RenderPipelines.Universal.Editor.Tests.dll at Library/ScriptAssemblies/Unity.RenderPipelines.Universal.Editor.Tests.dll not valid. Loading of assembly skipped.
Assembly Unity.RenderPipelines.Universal.Runtime.Tests.dll at Library/ScriptAssemblies/Unity.RenderPipelines.Universal.Runtime.Tests.dll not valid. Loading of assembly skipped.
Assembly Unity.Searcher.EditorTests.dll at Library/ScriptAssemblies/Unity.Searcher.EditorTests.dll not valid. Loading of assembly skipped.
Assembly Unity.ShaderGraph.Editor.Tests.dll at Library/ScriptAssemblies/Unity.ShaderGraph.Editor.Tests.dll not valid. Loading of assembly skipped.
Assembly Unity.TextMeshPro.Editor.Tests.dll at Library/ScriptAssemblies/Unity.TextMeshPro.Editor.Tests.dll not valid. Loading of assembly skipped.
Assembly Unity.TextMeshPro.Tests.dll at Library/ScriptAssemblies/Unity.TextMeshPro.Tests.dll not valid. Loading of assembly skipped.
Assembly Unity.UnifiedRayTracing.Editor.Tests.dll at Library/ScriptAssemblies/Unity.UnifiedRayTracing.Editor.Tests.dll not valid. Loading of assembly skipped.
Assembly UnityEditor.UI.Common.Tests.dll at Library/ScriptAssemblies/UnityEditor.UI.Common.Tests.dll not valid. Loading of assembly skipped.
Assembly UnityEditor.UI.EditorTests.dll at Library/ScriptAssemblies/UnityEditor.UI.EditorTests.dll not valid. Loading of assembly skipped.
Assembly UnityEngine.UI.Tests.dll at Library/ScriptAssemblies/UnityEngine.UI.Tests.dll not valid. Loading of assembly skipped.
Native extension for WindowsStandalone target not found
Native extension for WebGL target not found
[Package Manager] Failed to launch server process. Reason: Unity was launched with the -noUpm command-line argument
[Package Manager] Unable to send message (not connected to server process).
[Package Manager] Cannot connect to Unity Package Manager local server
[Package Manager] Failed to launch server process. Reason: Unity was launched with the -noUpm command-line argument
[Package Manager] Unable to send message (not connected to server process).
[Package Manager] Cannot connect to Unity Package Manager local server
ScheduleIndexationOnStartup MainProcess:False IndexOnStartup:True
Mono: successfully reloaded assembly
- Finished resetting the current domain, in  0.614 seconds
Domain Reload Profiling: 1283ms
	BeginReloadAssembly (184ms)
		DisableScriptedObjects (11ms)
		CreateAndSetChildDomain (42ms)
	RebuildCommonClasses (31ms)
	RebuildNativeTypeToScriptingClass (10ms)
	initialDomainReloadingComplete (47ms)
	LoadAllAssembliesAndSetupDomain (395ms)
		LoadAssemblies (290ms)
		AnalyzeDomain (175ms)
			TypeCache.Refresh (9ms)
			BuildScriptInfoCaches (156ms)
			ResolveRequiredComponents (9ms)
	FinalizeReload (614ms)
		SetupLoadedEditorAssemblies (0ms)
			BeforeProcessingInitializeOnLoad (129ms)
			ProcessInitializeOnLoadAttributes (262ms)
			ProcessInitializeOnLoadMethodAttributes (65ms)
			AfterProcessingInitializeOnLoad (4ms)
		AwakeInstancesAfterBackupRestoration (11ms)
Unloading 24 Unused Serialized files (Serialized files now loaded: 0)
Unloading 7301 unused Assets / (5.8 MB). Loaded Objects now: 8196.
Memory consumption went from 172.5 MB to 166.7 MB.
Total: 7.374800 ms (FindLiveObjects: 0.591500 ms CreateObjectMapping: 0.560500 ms MarkObjects: 3.990900 ms  DeleteObjects: 2.230600 ms)

Prepare: number of updated asset objects reloaded= 0
========================================================================
Received Prepare
Begin MonoManager ReloadAssembly
[Licensing::Client] Successfully resolved entitlement details
Assembly Assembly-CSharp-Editor-firstpass.dll at Library/ScriptAssemblies/Assembly-CSharp-Editor-firstpass.dll not valid. Loading of assembly skipped.
Assembly Assembly-CSharp-Editor.dll at Library/ScriptAssemblies/Assembly-CSharp-Editor.dll not valid. Loading of assembly skipped.
Assembly Assembly-CSharp-firstpass.dll at Library/ScriptAssemblies/Assembly-CSharp-firstpass.dll not valid. Loading of assembly skipped.
Assembly DocCodeExamples.dll at Library/ScriptAssemblies/DocCodeExamples.dll not valid. Loading of assembly skipped.
Assembly TestNewCustomAssembly.dll at Library/ScriptAssemblies/TestNewCustomAssembly.dll not valid. Loading of assembly skipped.
Assembly Unity.2D.Animation.EditorTests.dll at Library/ScriptAssemblies/Unity.2D.Animation.EditorTests.dll not valid. Loading of assembly skipped.
Assembly Unity.2D.Aseprite.EditorTests.dll at Library/ScriptAssemblies/Unity.2D.Aseprite.EditorTests.dll not valid. Loading of assembly skipped.
Assembly Unity.2D.Common.EditorTests.dll at Library/ScriptAssemblies/Unity.2D.Common.EditorTests.dll not valid. Loading of assembly skipped.
Assembly Unity.2D.Psdimporter.EditorTests.dll at Library/ScriptAssemblies/Unity.2D.Psdimporter.EditorTests.dll not valid. Loading of assembly skipped.
Assembly Unity.2D.Sprite.Package.EditorTests.dll at Library/ScriptAssemblies/Unity.2D.Sprite.Package.EditorTests.dll not valid. Loading of assembly skipped.
Assembly Unity.2D.SpriteShape.EditorTests.dll at Library/ScriptAssemblies/Unity.2D.SpriteShape.EditorTests.dll not valid. Loading of assembly skipped.
Assembly Unity.2D.Tilemap.Package.EditorTests.dll at Library/ScriptAssemblies/Unity.2D.Tilemap.Package.EditorTests.dll not valid. Loading of assembly skipped.
Assembly Unity.Collections.BurstCompatibilityGen.dll at Library/ScriptAssemblies/Unity.Collections.BurstCompatibilityGen.dll not valid. Loading of assembly skipped.
Assembly Unity.Collections.DocCodeSamples.dll at Library/ScriptAssemblies/Unity.Collections.DocCodeSamples.dll not valid. Loading of assembly skipped.
Assembly Unity.Collections.PerformanceTests.dll at Library/ScriptAssemblies/Unity.Collections.PerformanceTests.dll not valid. Loading of assembly skipped.
Assembly Unity.Collections.Tests.dll at Library/ScriptAssemblies/Unity.Collections.Tests.dll not valid. Loading of assembly skipped.
Assembly Unity.Collections.Tests.Playmode.dll at Library/ScriptAssemblies/Unity.Collections.Tests.Playmode.dll not valid. Loading of assembly skipped.
Assembly Unity.InputSystem.IntegrationTests.dll at Library/ScriptAssemblies/Unity.InputSystem.IntegrationTests.dll not valid. Loading of assembly skipped.
Assembly Unity.Mathematics.Tests.dll at Library/ScriptAssemblies/Unity.Mathematics.Tests.dll not valid. Loading of assembly skipped.
Assembly Unity.Multiplayer.Center.Editor.Tests.dll at Library/ScriptAssemblies/Unity.Multiplayer.Center.Editor.Tests.dll not valid. Loading of assembly skipped.
Assembly Unity.Multiplayer.Center.Tests.dll at Library/ScriptAssemblies/Unity.Multiplayer.Center.Tests.dll not valid. Loading of assembly skipped.
Assembly Unity.Nuget.Mono-Cecil.dll at Library/ScriptAssemblies/Unity.Nuget.Mono-Cecil.dll not valid. Loading of assembly skipped.
Assembly Unity.PathTracing.Editor.Tests.dll at Library/ScriptAssemblies/Unity.PathTracing.Editor.Tests.dll not valid. Loading of assembly skipped.
Assembly Unity.PathTracing.Runtime.Tests.dll at Library/ScriptAssemblies/Unity.PathTracing.Runtime.Tests.dll not valid. Loading of assembly skipped.
Assembly Unity.RenderPipelines.Core.Editor.Tests.dll at Library/ScriptAssemblies/Unity.RenderPipelines.Core.Editor.Tests.dll not valid. Loading of assembly skipped.
Assembly Unity.RenderPipelines.Core.Runtime.Tests.dll at Library/ScriptAssemblies/Unity.RenderPipelines.Core.Runtime.Tests.dll not valid. Loading of assembly skipped.
Assembly Unity.RenderPipelines.Universal.Config.Editor.Tests.dll at Library/ScriptAssemblies/Unity.RenderPipelines.Universal.Config.Editor.Tests.dll not valid. Loading of assembly skipped.
Assembly Unity.RenderPipelines.Universal.Editor.Tests.dll at Library/ScriptAssemblies/Unity.RenderPipelines.Universal.Editor.Tests.dll not valid. Loading of assembly skipped.
Assembly Unity.RenderPipelines.Universal.Runtime.Tests.dll at Library/ScriptAssemblies/Unity.RenderPipelines.Universal.Runtime.Tests.dll not valid. Loading of assembly skipped.
Assembly Unity.Searcher.EditorTests.dll at Library/ScriptAssemblies/Unity.Searcher.EditorTests.dll not valid. Loading of assembly skipped.
Assembly Unity.ShaderGraph.Editor.Tests.dll at Library/ScriptAssemblies/Unity.ShaderGraph.Editor.Tests.dll not valid. Loading of assembly skipped.
Assembly Unity.TextMeshPro.Editor.Tests.dll at Library/ScriptAssemblies/Unity.TextMeshPro.Editor.Tests.dll not valid. Loading of assembly skipped.
Assembly Unity.TextMeshPro.Tests.dll at Library/ScriptAssemblies/Unity.TextMeshPro.Tests.dll not valid. Loading of assembly skipped.
Assembly Unity.UnifiedRayTracing.Editor.Tests.dll at Library/ScriptAssemblies/Unity.UnifiedRayTracing.Editor.Tests.dll not valid. Loading of assembly skipped.
Assembly UnityEditor.UI.Common.Tests.dll at Library/ScriptAssemblies/UnityEditor.UI.Common.Tests.dll not valid. Loading of assembly skipped.
Assembly UnityEditor.UI.EditorTests.dll at Library/ScriptAssemblies/UnityEditor.UI.EditorTests.dll not valid. Loading of assembly skipped.
Assembly UnityEngine.UI.Tests.dll at Library/ScriptAssemblies/UnityEngine.UI.Tests.dll not valid. Loading of assembly skipped.
Native extension for WindowsStandalone target not found
Native extension for WebGL target not found
[Package Manager] Failed to launch server process. Reason: Unity was launched with the -noUpm command-line argument
[Package Manager] Unable to send message (not connected to server process).
[Package Manager] Cannot connect to Unity Package Manager local server
[Package Manager] Failed to launch server process. Reason: Unity was launched with the -noUpm command-line argument
[Package Manager] Unable to send message (not connected to server process).
[Package Manager] Cannot connect to Unity Package Manager local server
ScheduleIndexationOnStartup MainProcess:False IndexOnStartup:True
Mono: successfully reloaded assembly
- Finished resetting the current domain, in  0.602 seconds
Domain Reload Profiling: 1293ms
	BeginReloadAssembly (188ms)
		DisableScriptedObjects (14ms)
		CreateAndSetChildDomain (42ms)
	RebuildCommonClasses (32ms)
	RebuildNativeTypeToScriptingClass (11ms)
	initialDomainReloadingComplete (52ms)
	LoadAllAssembliesAndSetupDomain (407ms)
		LoadAssemblies (295ms)
		AnalyzeDomain (181ms)
			TypeCache.Refresh (8ms)
			BuildScriptInfoCaches (163ms)
			ResolveRequiredComponents (9ms)
	FinalizeReload (603ms)
		SetupLoadedEditorAssemblies (0ms)
			BeforeProcessingInitializeOnLoad (129ms)
			ProcessInitializeOnLoadAttributes (242ms)
			ProcessInitializeOnLoadMethodAttributes (70ms)
			AfterProcessingInitializeOnLoad (4ms)
		AwakeInstancesAfterBackupRestoration (12ms)
Unloading 24 Unused Serialized files (Serialized files now loaded: 0)
Unloading 7301 unused Assets / (5.2 MB). Loaded Objects now: 8199.
Memory consumption went from 175.5 MB to 170.3 MB.
Total: 8.593200 ms (FindLiveObjects: 0.869400 ms CreateObjectMapping: 0.597800 ms MarkObjects: 4.694700 ms  DeleteObjects: 2.429000 ms)

Prepare: number of updated asset objects reloaded= 0
========================================================================
Received Prepare
Refreshing native plugins compatible for Editor in 2.36 ms, found 5 plugins.
Unloading 24 Unused Serialized files (Serialized files now loaded: 0)
Unloading 7287 unused Assets / (5.0 MB). Loaded Objects now: 8200.
Memory consumption went from 178.7 MB to 173.7 MB.
Total: 9.685100 ms (FindLiveObjects: 0.682800 ms CreateObjectMapping: 0.573200 ms MarkObjects: 6.048400 ms  DeleteObjects: 2.379000 ms)

Prepare: number of updated asset objects reloaded= 0
========================================================================
Received Import Request.
  Time since last request: 975.670296 seconds.
  path: Assets/ExitDoor.cs
  importAddress: Guid(1c3b99f233dfa1843bac5d5358aa9b2f) Importer(815301076,1909f56bfc062723c751e8b465ee728b)
Start importing Assets/ExitDoor.cs using Guid(1c3b99f233dfa1843bac5d5358aa9b2f) Importer(815301076,1909f56bfc062723c751e8b465ee728b) (PreviewImporter) -> (Import Result ID: '7a8b144a38a4f6fb6b8d218d0321ef03') in 0.0030588 seconds [static and dynamic dependencies]. Details - ImportResultOutputID=eab355eb171ed62357e10a66304e55d2 DependenciesID=fb42dec53d6c2890c0abc640b260c2ac StaticDependenciesID=c9555ce0c79062f154f497ae2d92d6be 
Number of updated asset objects reloaded before import = 0Number of asset objects unloaded after import = 0

========================================================================
Received Prepare
Begin MonoManager ReloadAssembly
[Licensing::Client] Successfully resolved entitlement details
Assembly Assembly-CSharp-Editor-firstpass.dll at Library/ScriptAssemblies/Assembly-CSharp-Editor-firstpass.dll not valid. Loading of assembly skipped.
Assembly Assembly-CSharp-Editor.dll at Library/ScriptAssemblies/Assembly-CSharp-Editor.dll not valid. Loading of assembly skipped.
Assembly Assembly-CSharp-firstpass.dll at Library/ScriptAssemblies/Assembly-CSharp-firstpass.dll not valid. Loading of assembly skipped.
Assembly DocCodeExamples.dll at Library/ScriptAssemblies/DocCodeExamples.dll not valid. Loading of assembly skipped.
Assembly TestNewCustomAssembly.dll at Library/ScriptAssemblies/TestNewCustomAssembly.dll not valid. Loading of assembly skipped.
Assembly Unity.2D.Animation.EditorTests.dll at Library/ScriptAssemblies/Unity.2D.Animation.EditorTests.dll not valid. Loading of assembly skipped.
Assembly Unity.2D.Aseprite.EditorTests.dll at Library/ScriptAssemblies/Unity.2D.Aseprite.EditorTests.dll not valid. Loading of assembly skipped.
Assembly Unity.2D.Common.EditorTests.dll at Library/ScriptAssemblies/Unity.2D.Common.EditorTests.dll not valid. Loading of assembly skipped.
Assembly Unity.2D.Psdimporter.EditorTests.dll at Library/ScriptAssemblies/Unity.2D.Psdimporter.EditorTests.dll not valid. Loading of assembly skipped.
Assembly Unity.2D.Sprite.Package.EditorTests.dll at Library/ScriptAssemblies/Unity.2D.Sprite.Package.EditorTests.dll not valid. Loading of assembly skipped.
Assembly Unity.2D.SpriteShape.EditorTests.dll at Library/ScriptAssemblies/Unity.2D.SpriteShape.EditorTests.dll not valid. Loading of assembly skipped.
Assembly Unity.2D.Tilemap.Package.EditorTests.dll at Library/ScriptAssemblies/Unity.2D.Tilemap.Package.EditorTests.dll not valid. Loading of assembly skipped.
Assembly Unity.Collections.BurstCompatibilityGen.dll at Library/ScriptAssemblies/Unity.Collections.BurstCompatibilityGen.dll not valid. Loading of assembly skipped.
Assembly Unity.Collections.DocCodeSamples.dll at Library/ScriptAssemblies/Unity.Collections.DocCodeSamples.dll not valid. Loading of assembly skipped.
Assembly Unity.Collections.PerformanceTests.dll at Library/ScriptAssemblies/Unity.Collections.PerformanceTests.dll not valid. Loading of assembly skipped.
Assembly Unity.Collections.Tests.dll at Library/ScriptAssemblies/Unity.Collections.Tests.dll not valid. Loading of assembly skipped.
Assembly Unity.Collections.Tests.Playmode.dll at Library/ScriptAssemblies/Unity.Collections.Tests.Playmode.dll not valid. Loading of assembly skipped.
Assembly Unity.InputSystem.IntegrationTests.dll at Library/ScriptAssemblies/Unity.InputSystem.IntegrationTests.dll not valid. Loading of assembly skipped.
Assembly Unity.Mathematics.Tests.dll at Library/ScriptAssemblies/Unity.Mathematics.Tests.dll not valid. Loading of assembly skipped.
Assembly Unity.Multiplayer.Center.Editor.Tests.dll at Library/ScriptAssemblies/Unity.Multiplayer.Center.Editor.Tests.dll not valid. Loading of assembly skipped.
Assembly Unity.Multiplayer.Center.Tests.dll at Library/ScriptAssemblies/Unity.Multiplayer.Center.Tests.dll not valid. Loading of assembly skipped.
Assembly Unity.Nuget.Mono-Cecil.dll at Library/ScriptAssemblies/Unity.Nuget.Mono-Cecil.dll not valid. Loading of assembly skipped.
Assembly Unity.PathTracing.Editor.Tests.dll at Library/ScriptAssemblies/Unity.PathTracing.Editor.Tests.dll not valid. Loading of assembly skipped.
Assembly Unity.PathTracing.Runtime.Tests.dll at Library/ScriptAssemblies/Unity.PathTracing.Runtime.Tests.dll not valid. Loading of assembly skipped.
Assembly Unity.RenderPipelines.Core.Editor.Tests.dll at Library/ScriptAssemblies/Unity.RenderPipelines.Core.Editor.Tests.dll not valid. Loading of assembly skipped.
Assembly Unity.RenderPipelines.Core.Runtime.Tests.dll at Library/ScriptAssemblies/Unity.RenderPipelines.Core.Runtime.Tests.dll not valid. Loading of assembly skipped.
Assembly Unity.RenderPipelines.Universal.Config.Editor.Tests.dll at Library/ScriptAssemblies/Unity.RenderPipelines.Universal.Config.Editor.Tests.dll not valid. Loading of assembly skipped.
Assembly Unity.RenderPipelines.Universal.Editor.Tests.dll at Library/ScriptAssemblies/Unity.RenderPipelines.Universal.Editor.Tests.dll not valid. Loading of assembly skipped.
Assembly Unity.RenderPipelines.Universal.Runtime.Tests.dll at Library/ScriptAssemblies/Unity.RenderPipelines.Universal.Runtime.Tests.dll not valid. Loading of assembly skipped.
Assembly Unity.Searcher.EditorTests.dll at Library/ScriptAssemblies/Unity.Searcher.EditorTests.dll not valid. Loading of assembly skipped.
Assembly Unity.ShaderGraph.Editor.Tests.dll at Library/ScriptAssemblies/Unity.ShaderGraph.Editor.Tests.dll not valid. Loading of assembly skipped.
Assembly Unity.TextMeshPro.Editor.Tests.dll at Library/ScriptAssemblies/Unity.TextMeshPro.Editor.Tests.dll not valid. Loading of assembly skipped.
Assembly Unity.TextMeshPro.Tests.dll at Library/ScriptAssemblies/Unity.TextMeshPro.Tests.dll not valid. Loading of assembly skipped.
Assembly Unity.UnifiedRayTracing.Editor.Tests.dll at Library/ScriptAssemblies/Unity.UnifiedRayTracing.Editor.Tests.dll not valid. Loading of assembly skipped.
Assembly UnityEditor.UI.Common.Tests.dll at Library/ScriptAssemblies/UnityEditor.UI.Common.Tests.dll not valid. Loading of assembly skipped.
Assembly UnityEditor.UI.EditorTests.dll at Library/ScriptAssemblies/UnityEditor.UI.EditorTests.dll not valid. Loading of assembly skipped.
Assembly UnityEngine.UI.Tests.dll at Library/ScriptAssemblies/UnityEngine.UI.Tests.dll not valid. Loading of assembly skipped.
Refreshing native plugins compatible for Editor in 6.31 ms, found 5 plugins.
Native extension for WindowsStandalone target not found
Native extension for WebGL target not found
[Package Manager] Failed to launch server process. Reason: Unity was launched with the -noUpm command-line argument
[Package Manager] Unable to send message (not connected to server process).
[Package Manager] Cannot connect to Unity Package Manager local server
[Package Manager] Failed to launch server process. Reason: Unity was launched with the -noUpm command-line argument
[Package Manager] Unable to send message (not connected to server process).
[Package Manager] Cannot connect to Unity Package Manager local server
ScheduleIndexationOnStartup MainProcess:False IndexOnStartup:True
Mono: successfully reloaded assembly
- Finished resetting the current domain, in  1.688 seconds
Domain Reload Profiling: 3362ms
	BeginReloadAssembly (404ms)
		DisableScriptedObjects (32ms)
		CreateAndSetChildDomain (76ms)
	RebuildCommonClasses (75ms)
	RebuildNativeTypeToScriptingClass (31ms)
	initialDomainReloadingComplete (133ms)
	LoadAllAssembliesAndSetupDomain (1030ms)
		LoadAssemblies (755ms)
		AnalyzeDomain (451ms)
			TypeCache.Refresh (22ms)
			BuildScriptInfoCaches (399ms)
			ResolveRequiredComponents (26ms)
	FinalizeReload (1689ms)
		SetupLoadedEditorAssemblies (0ms)
			InitializePlatformSupportModulesInManaged (4ms)
			BeforeProcessingInitializeOnLoad (382ms)
			ProcessInitializeOnLoadAttributes (647ms)
			ProcessInitializeOnLoadMethodAttributes (187ms)
			AfterProcessingInitializeOnLoad (22ms)
		AwakeInstancesAfterBackupRestoration (49ms)
Refreshing native plugins compatible for Editor in 10.84 ms, found 5 plugins.
Unloading 24 Unused Serialized files (Serialized files now loaded: 0)
Unloading 7302 unused Assets / (6.2 MB). Loaded Objects now: 8203.
Memory consumption went from 172.6 MB to 166.4 MB.
Total: 21.105300 ms (FindLiveObjects: 1.437900 ms CreateObjectMapping: 1.585400 ms MarkObjects: 12.730800 ms  DeleteObjects: 5.348800 ms)

Prepare: number of updated asset objects reloaded= 0
========================================================================
Received Import Request.
  Time since last request: 17.637800 seconds.
  path: Assets/ExitDoor.cs
  importAddress: Guid(1c3b99f233dfa1843bac5d5358aa9b2f) Importer(815301076,1909f56bfc062723c751e8b465ee728b)
Start importing Assets/ExitDoor.cs using Guid(1c3b99f233dfa1843bac5d5358aa9b2f) Importer(815301076,1909f56bfc062723c751e8b465ee728b) (PreviewImporter) -> (Import Result ID: '00000000000000000000000000000000') in 0.0038979 seconds
Import Error Code:(4)
Message: Build asset version error: assets/exitdoor.cs in SourceAssetDB has modification time of '2026-05-01T20:09:23.4088663Z' while content on disk has modification time of '2026-05-01T20:09:37.6260908Z'
  ERROR: Build asset version error: assets/exitdoor.cs in SourceAssetDB has modification time of '2026-05-01T20:09:23.4088663Z' while content on disk has modification time of '2026-05-01T20:09:37.6260908Z'
Number of updated asset objects reloaded before import = 0Number of asset objects unloaded after import = 0

========================================================================
Received Import Request.
  Time since last request: 0.033465 seconds.
  path: Assets/ExitDoor.cs
  importAddress: Guid(1c3b99f233dfa1843bac5d5358aa9b2f) Importer(815301076,1909f56bfc062723c751e8b465ee728b)
Start importing Assets/ExitDoor.cs using Guid(1c3b99f233dfa1843bac5d5358aa9b2f) Importer(815301076,1909f56bfc062723c751e8b465ee728b) (PreviewImporter) -> (Import Result ID: '00000000000000000000000000000000') in 0.0007294 seconds
Import Error Code:(4)
Message: Build asset version error: assets/exitdoor.cs in SourceAssetDB has modification time of '2026-05-01T20:09:23.4088663Z' while content on disk has modification time of '2026-05-01T20:09:37.6260908Z'
  ERROR: Build asset version error: assets/exitdoor.cs in SourceAssetDB has modification time of '2026-05-01T20:09:23.4088663Z' while content on disk has modification time of '2026-05-01T20:09:37.6260908Z'
Number of updated asset objects reloaded before import = 0Number of asset objects unloaded after import = 0

========================================================================
Received Import Request.
  Time since last request: 0.000029 seconds.
  path: Assets/ExitDoor.cs
  importAddress: Guid(1c3b99f233dfa1843bac5d5358aa9b2f) Importer(815301076,1909f56bfc062723c751e8b465ee728b)
Start importing Assets/ExitDoor.cs using Guid(1c3b99f233dfa1843bac5d5358aa9b2f) Importer(815301076,1909f56bfc062723c751e8b465ee728b) (PreviewImporter) -> (Import Result ID: '00000000000000000000000000000000') in 0.0008421 seconds
Import Error Code:(4)
Message: Build asset version error: assets/exitdoor.cs in SourceAssetDB has modification time of '2026-05-01T20:09:23.4088663Z' while content on disk has modification time of '2026-05-01T20:09:37.6260908Z'
  ERROR: Build asset version error: assets/exitdoor.cs in SourceAssetDB has modification time of '2026-05-01T20:09:23.4088663Z' while content on disk has modification time of '2026-05-01T20:09:37.6260908Z'
Number of updated asset objects reloaded before import = 0Number of asset objects unloaded after import = 0

========================================================================
Received Import Request.
  Time since last request: 0.000034 seconds.
  path: Assets/ExitDoor.cs
  importAddress: Guid(1c3b99f233dfa1843bac5d5358aa9b2f) Importer(815301076,1909f56bfc062723c751e8b465ee728b)
Start importing Assets/ExitDoor.cs using Guid(1c3b99f233dfa1843bac5d5358aa9b2f) Importer(815301076,1909f56bfc062723c751e8b465ee728b) (PreviewImporter) -> (Import Result ID: '00000000000000000000000000000000') in 0.0015579 seconds
Import Error Code:(4)
Message: Build asset version error: assets/exitdoor.cs in SourceAssetDB has modification time of '2026-05-01T20:09:23.4088663Z' while content on disk has modification time of '2026-05-01T20:09:37.6260908Z'
  ERROR: Build asset version error: assets/exitdoor.cs in SourceAssetDB has modification time of '2026-05-01T20:09:23.4088663Z' while content on disk has modification time of '2026-05-01T20:09:37.6260908Z'
Number of updated asset objects reloaded before import = 0Number of asset objects unloaded after import = 0

========================================================================
Received Import Request.
  Time since last request: 0.000039 seconds.
  path: Assets/ExitDoor.cs
  importAddress: Guid(1c3b99f233dfa1843bac5d5358aa9b2f) Importer(815301076,1909f56bfc062723c751e8b465ee728b)
Start importing Assets/ExitDoor.cs using Guid(1c3b99f233dfa1843bac5d5358aa9b2f) Importer(815301076,1909f56bfc062723c751e8b465ee728b) (PreviewImporter) -> (Import Result ID: '00000000000000000000000000000000') in 0.0007613 seconds
Import Error Code:(4)
Message: Build asset version error: assets/exitdoor.cs in SourceAssetDB has modification time of '2026-05-01T20:09:23.4088663Z' while content on disk has modification time of '2026-05-01T20:09:37.6260908Z'
  ERROR: Build asset version error: assets/exitdoor.cs in SourceAssetDB has modification time of '2026-05-01T20:09:23.4088663Z' while content on disk has modification time of '2026-05-01T20:09:37.6260908Z'
Number of updated asset objects reloaded before import = 0Number of asset objects unloaded after import = 0

========================================================================
Received Import Request.
  Time since last request: 0.000021 seconds.
  path: Assets/ExitDoor.cs
  importAddress: Guid(1c3b99f233dfa1843bac5d5358aa9b2f) Importer(815301076,1909f56bfc062723c751e8b465ee728b)
Start importing Assets/ExitDoor.cs using Guid(1c3b99f233dfa1843bac5d5358aa9b2f) Importer(815301076,1909f56bfc062723c751e8b465ee728b) (PreviewImporter) -> (Import Result ID: '00000000000000000000000000000000') in 0.001271 seconds
Import Error Code:(4)
Message: Build asset version error: assets/exitdoor.cs in SourceAssetDB has modification time of '2026-05-01T20:09:23.4088663Z' while content on disk has modification time of '2026-05-01T20:09:37.6260908Z'
  ERROR: Build asset version error: assets/exitdoor.cs in SourceAssetDB has modification time of '2026-05-01T20:09:23.4088663Z' while content on disk has modification time of '2026-05-01T20:09:37.6260908Z'
Number of updated asset objects reloaded before import = 0Number of asset objects unloaded after import = 0

========================================================================
Received Import Request.
  Time since last request: 0.000029 seconds.
  path: Assets/ExitDoor.cs
  importAddress: Guid(1c3b99f233dfa1843bac5d5358aa9b2f) Importer(815301076,1909f56bfc062723c751e8b465ee728b)
Start importing Assets/ExitDoor.cs using Guid(1c3b99f233dfa1843bac5d5358aa9b2f) Importer(815301076,1909f56bfc062723c751e8b465ee728b) (PreviewImporter) -> (Import Result ID: '00000000000000000000000000000000') in 0.001908 seconds
Import Error Code:(4)
Message: Build asset version error: assets/exitdoor.cs in SourceAssetDB has modification time of '2026-05-01T20:09:23.4088663Z' while content on disk has modification time of '2026-05-01T20:09:37.6260908Z'
  ERROR: Build asset version error: assets/exitdoor.cs in SourceAssetDB has modification time of '2026-05-01T20:09:23.4088663Z' while content on disk has modification time of '2026-05-01T20:09:37.6260908Z'
Number of updated asset objects reloaded before import = 0Number of asset objects unloaded after import = 0

========================================================================
Received Import Request.
  Time since last request: 0.000101 seconds.
  path: Assets/ExitDoor.cs
  importAddress: Guid(1c3b99f233dfa1843bac5d5358aa9b2f) Importer(815301076,1909f56bfc062723c751e8b465ee728b)
Start importing Assets/ExitDoor.cs using Guid(1c3b99f233dfa1843bac5d5358aa9b2f) Importer(815301076,1909f56bfc062723c751e8b465ee728b) (PreviewImporter) -> (Import Result ID: '00000000000000000000000000000000') in 0.0007874 seconds
Import Error Code:(4)
Message: Build asset version error: assets/exitdoor.cs in SourceAssetDB has modification time of '2026-05-01T20:09:23.4088663Z' while content on disk has modification time of '2026-05-01T20:09:37.6260908Z'
  ERROR: Build asset version error: assets/exitdoor.cs in SourceAssetDB has modification time of '2026-05-01T20:09:23.4088663Z' while content on disk has modification time of '2026-05-01T20:09:37.6260908Z'
Number of updated asset objects reloaded before import = 0Number of asset objects unloaded after import = 0

========================================================================
Received Import Request.
  Time since last request: 0.000034 seconds.
  path: Assets/ExitDoor.cs
  importAddress: Guid(1c3b99f233dfa1843bac5d5358aa9b2f) Importer(815301076,1909f56bfc062723c751e8b465ee728b)
Start importing Assets/ExitDoor.cs using Guid(1c3b99f233dfa1843bac5d5358aa9b2f) Importer(815301076,1909f56bfc062723c751e8b465ee728b) (PreviewImporter) -> (Import Result ID: '00000000000000000000000000000000') in 0.0017252 seconds
Import Error Code:(4)
Message: Build asset version error: assets/exitdoor.cs in SourceAssetDB has modification time of '2026-05-01T20:09:23.4088663Z' while content on disk has modification time of '2026-05-01T20:09:37.6260908Z'
  ERROR: Build asset version error: assets/exitdoor.cs in SourceAssetDB has modification time of '2026-05-01T20:09:23.4088663Z' while content on disk has modification time of '2026-05-01T20:09:37.6260908Z'
Number of updated asset objects reloaded before import = 0Number of asset objects unloaded after import = 0

========================================================================
Received Import Request.
  Time since last request: 0.000029 seconds.
  path: Assets/ExitDoor.cs
  importAddress: Guid(1c3b99f233dfa1843bac5d5358aa9b2f) Importer(815301076,1909f56bfc062723c751e8b465ee728b)
Start importing Assets/ExitDoor.cs using Guid(1c3b99f233dfa1843bac5d5358aa9b2f) Importer(815301076,1909f56bfc062723c751e8b465ee728b) (PreviewImporter) -> (Import Result ID: '00000000000000000000000000000000') in 0.0014149 seconds
Import Error Code:(4)
Message: Build asset version error: assets/exitdoor.cs in SourceAssetDB has modification time of '2026-05-01T20:09:23.4088663Z' while content on disk has modification time of '2026-05-01T20:09:37.6260908Z'
  ERROR: Build asset version error: assets/exitdoor.cs in SourceAssetDB has modification time of '2026-05-01T20:09:23.4088663Z' while content on disk has modification time of '2026-05-01T20:09:37.6260908Z'
Number of updated asset objects reloaded before import = 0Number of asset objects unloaded after import = 0

========================================================================
Received Import Request.
  Time since last request: 0.000040 seconds.
  path: Assets/ExitDoor.cs
  importAddress: Guid(1c3b99f233dfa1843bac5d5358aa9b2f) Importer(815301076,1909f56bfc062723c751e8b465ee728b)
Start importing Assets/ExitDoor.cs using Guid(1c3b99f233dfa1843bac5d5358aa9b2f) Importer(815301076,1909f56bfc062723c751e8b465ee728b) (PreviewImporter) -> (Import Result ID: '00000000000000000000000000000000') in 0.0010724 seconds
Import Error Code:(4)
Message: Build asset version error: assets/exitdoor.cs in SourceAssetDB has modification time of '2026-05-01T20:09:23.4088663Z' while content on disk has modification time of '2026-05-01T20:09:37.6260908Z'
  ERROR: Build asset version error: assets/exitdoor.cs in SourceAssetDB has modification time of '2026-05-01T20:09:23.4088663Z' while content on disk has modification time of '2026-05-01T20:09:37.6260908Z'
Number of updated asset objects reloaded before import = 0Number of asset objects unloaded after import = 0

========================================================================
Received Import Request.
  Time since last request: 0.000050 seconds.
  path: Assets/ExitDoor.cs
  importAddress: Guid(1c3b99f233dfa1843bac5d5358aa9b2f) Importer(815301076,1909f56bfc062723c751e8b465ee728b)
Start importing Assets/ExitDoor.cs using Guid(1c3b99f233dfa1843bac5d5358aa9b2f) Importer(815301076,1909f56bfc062723c751e8b465ee728b) (PreviewImporter) -> (Import Result ID: '00000000000000000000000000000000') in 0.0008228 seconds
Import Error Code:(4)
Message: Build asset version error: assets/exitdoor.cs in SourceAssetDB has modification time of '2026-05-01T20:09:23.4088663Z' while content on disk has modification time of '2026-05-01T20:09:37.6260908Z'
  ERROR: Build asset version error: assets/exitdoor.cs in SourceAssetDB has modification time of '2026-05-01T20:09:23.4088663Z' while content on disk has modification time of '2026-05-01T20:09:37.6260908Z'
Number of updated asset objects reloaded before import = 0Number of asset objects unloaded after import = 0

========================================================================
Received Import Request.
  Time since last request: 0.000038 seconds.
  path: Assets/ExitDoor.cs
  importAddress: Guid(1c3b99f233dfa1843bac5d5358aa9b2f) Importer(815301076,1909f56bfc062723c751e8b465ee728b)
Start importing Assets/ExitDoor.cs using Guid(1c3b99f233dfa1843bac5d5358aa9b2f) Importer(815301076,1909f56bfc062723c751e8b465ee728b) (PreviewImporter) -> (Import Result ID: '00000000000000000000000000000000') in 0.0007083 seconds
Import Error Code:(4)
Message: Build asset version error: assets/exitdoor.cs in SourceAssetDB has modification time of '2026-05-01T20:09:23.4088663Z' while content on disk has modification time of '2026-05-01T20:09:37.6260908Z'
  ERROR: Build asset version error: assets/exitdoor.cs in SourceAssetDB has modification time of '2026-05-01T20:09:23.4088663Z' while content on disk has modification time of '2026-05-01T20:09:37.6260908Z'
Number of updated asset objects reloaded before import = 0Number of asset objects unloaded after import = 0

========================================================================
Received Import Request.
  Time since last request: 0.000056 seconds.
  path: Assets/ExitDoor.cs
  importAddress: Guid(1c3b99f233dfa1843bac5d5358aa9b2f) Importer(815301076,1909f56bfc062723c751e8b465ee728b)
Start importing Assets/ExitDoor.cs using Guid(1c3b99f233dfa1843bac5d5358aa9b2f) Importer(815301076,1909f56bfc062723c751e8b465ee728b) (PreviewImporter) -> (Import Result ID: '00000000000000000000000000000000') in 0.0013424 seconds
Import Error Code:(4)
Message: Build asset version error: assets/exitdoor.cs in SourceAssetDB has modification time of '2026-05-01T20:09:23.4088663Z' while content on disk has modification time of '2026-05-01T20:09:37.6260908Z'
  ERROR: Build asset version error: assets/exitdoor.cs in SourceAssetDB has modification time of '2026-05-01T20:09:23.4088663Z' while content on disk has modification time of '2026-05-01T20:09:37.6260908Z'
Number of updated asset objects reloaded before import = 0Number of asset objects unloaded after import = 0

========================================================================
Received Import Request.
  Time since last request: 0.000036 seconds.
  path: Assets/ExitDoor.cs
  importAddress: Guid(1c3b99f233dfa1843bac5d5358aa9b2f) Importer(815301076,1909f56bfc062723c751e8b465ee728b)
Start importing Assets/ExitDoor.cs using Guid(1c3b99f233dfa1843bac5d5358aa9b2f) Importer(815301076,1909f56bfc062723c751e8b465ee728b) (PreviewImporter) -> (Import Result ID: '00000000000000000000000000000000') in 0.0011346 seconds
Import Error Code:(4)
Message: Build asset version error: assets/exitdoor.cs in SourceAssetDB has modification time of '2026-05-01T20:09:23.4088663Z' while content on disk has modification time of '2026-05-01T20:09:37.6260908Z'
  ERROR: Build asset version error: assets/exitdoor.cs in SourceAssetDB has modification time of '2026-05-01T20:09:23.4088663Z' while content on disk has modification time of '2026-05-01T20:09:37.6260908Z'
Number of updated asset objects reloaded before import = 0Number of asset objects unloaded after import = 0

========================================================================
Received Import Request.
  Time since last request: 0.000032 seconds.
  path: Assets/ExitDoor.cs
  importAddress: Guid(1c3b99f233dfa1843bac5d5358aa9b2f) Importer(815301076,1909f56bfc062723c751e8b465ee728b)
Start importing Assets/ExitDoor.cs using Guid(1c3b99f233dfa1843bac5d5358aa9b2f) Importer(815301076,1909f56bfc062723c751e8b465ee728b) (PreviewImporter) -> (Import Result ID: '00000000000000000000000000000000') in 0.000915 seconds
Import Error Code:(4)
Message: Build asset version error: assets/exitdoor.cs in SourceAssetDB has modification time of '2026-05-01T20:09:23.4088663Z' while content on disk has modification time of '2026-05-01T20:09:37.6260908Z'
  ERROR: Build asset version error: assets/exitdoor.cs in SourceAssetDB has modification time of '2026-05-01T20:09:23.4088663Z' while content on disk has modification time of '2026-05-01T20:09:37.6260908Z'
Number of updated asset objects reloaded before import = 0Number of asset objects unloaded after import = 0

========================================================================
Received Import Request.
  Time since last request: 0.000050 seconds.
  path: Assets/ExitDoor.cs
  importAddress: Guid(1c3b99f233dfa1843bac5d5358aa9b2f) Importer(815301076,1909f56bfc062723c751e8b465ee728b)
Start importing Assets/ExitDoor.cs using Guid(1c3b99f233dfa1843bac5d5358aa9b2f) Importer(815301076,1909f56bfc062723c751e8b465ee728b) (PreviewImporter) -> (Import Result ID: '00000000000000000000000000000000') in 0.0013251 seconds
Import Error Code:(4)
Message: Build asset version error: assets/exitdoor.cs in SourceAssetDB has modification time of '2026-05-01T20:09:23.4088663Z' while content on disk has modification time of '2026-05-01T20:09:37.6260908Z'
  ERROR: Build asset version error: assets/exitdoor.cs in SourceAssetDB has modification time of '2026-05-01T20:09:23.4088663Z' while content on disk has modification time of '2026-05-01T20:09:37.6260908Z'
Number of updated asset objects reloaded before import = 0Number of asset objects unloaded after import = 0

========================================================================
Received Import Request.
  Time since last request: 0.000027 seconds.
  path: Assets/ExitDoor.cs
  importAddress: Guid(1c3b99f233dfa1843bac5d5358aa9b2f) Importer(815301076,1909f56bfc062723c751e8b465ee728b)
Start importing Assets/ExitDoor.cs using Guid(1c3b99f233dfa1843bac5d5358aa9b2f) Importer(815301076,1909f56bfc062723c751e8b465ee728b) (PreviewImporter) -> (Import Result ID: '00000000000000000000000000000000') in 0.0009572 seconds
Import Error Code:(4)
Message: Build asset version error: assets/exitdoor.cs in SourceAssetDB has modification time of '2026-05-01T20:09:23.4088663Z' while content on disk has modification time of '2026-05-01T20:09:37.6260908Z'
  ERROR: Build asset version error: assets/exitdoor.cs in SourceAssetDB has modification time of '2026-05-01T20:09:23.4088663Z' while content on disk has modification time of '2026-05-01T20:09:37.6260908Z'
Number of updated asset objects reloaded before import = 0Number of asset objects unloaded after import = 0

========================================================================
Received Import Request.
  Time since last request: 0.000028 seconds.
  path: Assets/ExitDoor.cs
  importAddress: Guid(1c3b99f233dfa1843bac5d5358aa9b2f) Importer(815301076,1909f56bfc062723c751e8b465ee728b)
Start importing Assets/ExitDoor.cs using Guid(1c3b99f233dfa1843bac5d5358aa9b2f) Importer(815301076,1909f56bfc062723c751e8b465ee728b) (PreviewImporter) -> (Import Result ID: '00000000000000000000000000000000') in 0.0013827 seconds
Import Error Code:(4)
Message: Build asset version error: assets/exitdoor.cs in SourceAssetDB has modification time of '2026-05-01T20:09:23.4088663Z' while content on disk has modification time of '2026-05-01T20:09:37.6260908Z'
  ERROR: Build asset version error: assets/exitdoor.cs in SourceAssetDB has modification time of '2026-05-01T20:09:23.4088663Z' while content on disk has modification time of '2026-05-01T20:09:37.6260908Z'
Number of updated asset objects reloaded before import = 0Number of asset objects unloaded after import = 0

========================================================================
Received Import Request.
  Time since last request: 0.000034 seconds.
  path: Assets/ExitDoor.cs
  importAddress: Guid(1c3b99f233dfa1843bac5d5358aa9b2f) Importer(815301076,1909f56bfc062723c751e8b465ee728b)
Start importing Assets/ExitDoor.cs using Guid(1c3b99f233dfa1843bac5d5358aa9b2f) Importer(815301076,1909f56bfc062723c751e8b465ee728b) (PreviewImporter) -> (Import Result ID: '00000000000000000000000000000000') in 0.0015275 seconds
Import Error Code:(4)
Message: Build asset version error: assets/exitdoor.cs in SourceAssetDB has modification time of '2026-05-01T20:09:23.4088663Z' while content on disk has modification time of '2026-05-01T20:09:37.6260908Z'
  ERROR: Build asset version error: assets/exitdoor.cs in SourceAssetDB has modification time of '2026-05-01T20:09:23.4088663Z' while content on disk has modification time of '2026-05-01T20:09:37.6260908Z'
Number of updated asset objects reloaded before import = 0Number of asset objects unloaded after import = 0

========================================================================
Received Import Request.
  Time since last request: 0.000056 seconds.
  path: Assets/ExitDoor.cs
  importAddress: Guid(1c3b99f233dfa1843bac5d5358aa9b2f) Importer(815301076,1909f56bfc062723c751e8b465ee728b)
Start importing Assets/ExitDoor.cs using Guid(1c3b99f233dfa1843bac5d5358aa9b2f) Importer(815301076,1909f56bfc062723c751e8b465ee728b) (PreviewImporter) -> (Import Result ID: '00000000000000000000000000000000') in 0.001167 seconds
Import Error Code:(4)
Message: Build asset version error: assets/exitdoor.cs in SourceAssetDB has modification time of '2026-05-01T20:09:23.4088663Z' while content on disk has modification time of '2026-05-01T20:09:37.6260908Z'
  ERROR: Build asset version error: assets/exitdoor.cs in SourceAssetDB has modification time of '2026-05-01T20:09:23.4088663Z' while content on disk has modification time of '2026-05-01T20:09:37.6260908Z'
Number of updated asset objects reloaded before import = 0Number of asset objects unloaded after import = 0

========================================================================
Received Import Request.
  Time since last request: 0.000025 seconds.
  path: Assets/ExitDoor.cs
  importAddress: Guid(1c3b99f233dfa1843bac5d5358aa9b2f) Importer(815301076,1909f56bfc062723c751e8b465ee728b)
Start importing Assets/ExitDoor.cs using Guid(1c3b99f233dfa1843bac5d5358aa9b2f) Importer(815301076,1909f56bfc062723c751e8b465ee728b) (PreviewImporter) -> (Import Result ID: '00000000000000000000000000000000') in 0.0010378 seconds
Import Error Code:(4)
Message: Build asset version error: assets/exitdoor.cs in SourceAssetDB has modification time of '2026-05-01T20:09:23.4088663Z' while content on disk has modification time of '2026-05-01T20:09:37.6260908Z'
  ERROR: Build asset version error: assets/exitdoor.cs in SourceAssetDB has modification time of '2026-05-01T20:09:23.4088663Z' while content on disk has modification time of '2026-05-01T20:09:37.6260908Z'
Number of updated asset objects reloaded before import = 0Number of asset objects unloaded after import = 0

========================================================================
Received Import Request.
  Time since last request: 0.000024 seconds.
  path: Assets/ExitDoor.cs
  importAddress: Guid(1c3b99f233dfa1843bac5d5358aa9b2f) Importer(815301076,1909f56bfc062723c751e8b465ee728b)
Start importing Assets/ExitDoor.cs using Guid(1c3b99f233dfa1843bac5d5358aa9b2f) Importer(815301076,1909f56bfc062723c751e8b465ee728b) (PreviewImporter) -> (Import Result ID: '00000000000000000000000000000000') in 0.0013231 seconds
Import Error Code:(4)
Message: Build asset version error: assets/exitdoor.cs in SourceAssetDB has modification time of '2026-05-01T20:09:23.4088663Z' while content on disk has modification time of '2026-05-01T20:09:37.6260908Z'
  ERROR: Build asset version error: assets/exitdoor.cs in SourceAssetDB has modification time of '2026-05-01T20:09:23.4088663Z' while content on disk has modification time of '2026-05-01T20:09:37.6260908Z'
Number of updated asset objects reloaded before import = 0Number of asset objects unloaded after import = 0

========================================================================
Received Import Request.
  Time since last request: 0.000043 seconds.
  path: Assets/ExitDoor.cs
  importAddress: Guid(1c3b99f233dfa1843bac5d5358aa9b2f) Importer(815301076,1909f56bfc062723c751e8b465ee728b)
Start importing Assets/ExitDoor.cs using Guid(1c3b99f233dfa1843bac5d5358aa9b2f) Importer(815301076,1909f56bfc062723c751e8b465ee728b) (PreviewImporter) -> (Import Result ID: '00000000000000000000000000000000') in 0.0015965 seconds
Import Error Code:(4)
Message: Build asset version error: assets/exitdoor.cs in SourceAssetDB has modification time of '2026-05-01T20:09:23.4088663Z' while content on disk has modification time of '2026-05-01T20:09:37.6260908Z'
  ERROR: Build asset version error: assets/exitdoor.cs in SourceAssetDB has modification time of '2026-05-01T20:09:23.4088663Z' while content on disk has modification time of '2026-05-01T20:09:37.6260908Z'
Number of updated asset objects reloaded before import = 0Number of asset objects unloaded after import = 0

========================================================================
Received Import Request.
  Time since last request: 0.000028 seconds.
  path: Assets/ExitDoor.cs
  importAddress: Guid(1c3b99f233dfa1843bac5d5358aa9b2f) Importer(815301076,1909f56bfc062723c751e8b465ee728b)
Start importing Assets/ExitDoor.cs using Guid(1c3b99f233dfa1843bac5d5358aa9b2f) Importer(815301076,1909f56bfc062723c751e8b465ee728b) (PreviewImporter) -> (Import Result ID: '00000000000000000000000000000000') in 0.001119 seconds
Import Error Code:(4)
Message: Build asset version error: assets/exitdoor.cs in SourceAssetDB has modification time of '2026-05-01T20:09:23.4088663Z' while content on disk has modification time of '2026-05-01T20:09:37.6260908Z'
  ERROR: Build asset version error: assets/exitdoor.cs in SourceAssetDB has modification time of '2026-05-01T20:09:23.4088663Z' while content on disk has modification time of '2026-05-01T20:09:37.6260908Z'
Number of updated asset objects reloaded before import = 0Number of asset objects unloaded after import = 0

========================================================================
Received Import Request.
  Time since last request: 0.000036 seconds.
  path: Assets/ExitDoor.cs
  importAddress: Guid(1c3b99f233dfa1843bac5d5358aa9b2f) Importer(815301076,1909f56bfc062723c751e8b465ee728b)
Start importing Assets/ExitDoor.cs using Guid(1c3b99f233dfa1843bac5d5358aa9b2f) Importer(815301076,1909f56bfc062723c751e8b465ee728b) (PreviewImporter) -> (Import Result ID: '00000000000000000000000000000000') in 0.0010637 seconds
Import Error Code:(4)
Message: Build asset version error: assets/exitdoor.cs in SourceAssetDB has modification time of '2026-05-01T20:09:23.4088663Z' while content on disk has modification time of '2026-05-01T20:09:37.6260908Z'
  ERROR: Build asset version error: assets/exitdoor.cs in SourceAssetDB has modification time of '2026-05-01T20:09:23.4088663Z' while content on disk has modification time of '2026-05-01T20:09:37.6260908Z'
Number of updated asset objects reloaded before import = 0Number of asset objects unloaded after import = 0

========================================================================
Received Import Request.
  Time since last request: 0.000058 seconds.
  path: Assets/ExitDoor.cs
  importAddress: Guid(1c3b99f233dfa1843bac5d5358aa9b2f) Importer(815301076,1909f56bfc062723c751e8b465ee728b)
Start importing Assets/ExitDoor.cs using Guid(1c3b99f233dfa1843bac5d5358aa9b2f) Importer(815301076,1909f56bfc062723c751e8b465ee728b) (PreviewImporter) -> (Import Result ID: '00000000000000000000000000000000') in 0.0013066 seconds
Import Error Code:(4)
Message: Build asset version error: assets/exitdoor.cs in SourceAssetDB has modification time of '2026-05-01T20:09:23.4088663Z' while content on disk has modification time of '2026-05-01T20:09:37.6260908Z'
  ERROR: Build asset version error: assets/exitdoor.cs in SourceAssetDB has modification time of '2026-05-01T20:09:23.4088663Z' while content on disk has modification time of '2026-05-01T20:09:37.6260908Z'
Number of updated asset objects reloaded before import = 0Number of asset objects unloaded after import = 0

========================================================================
Received Import Request.
  Time since last request: 0.000057 seconds.
  path: Assets/ExitDoor.cs
  importAddress: Guid(1c3b99f233dfa1843bac5d5358aa9b2f) Importer(815301076,1909f56bfc062723c751e8b465ee728b)
Start importing Assets/ExitDoor.cs using Guid(1c3b99f233dfa1843bac5d5358aa9b2f) Importer(815301076,1909f56bfc062723c751e8b465ee728b) (PreviewImporter) -> (Import Result ID: '00000000000000000000000000000000') in 0.0013235 seconds
Import Error Code:(4)
Message: Build asset version error: assets/exitdoor.cs in SourceAssetDB has modification time of '2026-05-01T20:09:23.4088663Z' while content on disk has modification time of '2026-05-01T20:09:37.6260908Z'
  ERROR: Build asset version error: assets/exitdoor.cs in SourceAssetDB has modification time of '2026-05-01T20:09:23.4088663Z' while content on disk has modification time of '2026-05-01T20:09:37.6260908Z'
Number of updated asset objects reloaded before import = 0Number of asset objects unloaded after import = 0

========================================================================
Received Import Request.
  Time since last request: 0.000044 seconds.
  path: Assets/ExitDoor.cs
  importAddress: Guid(1c3b99f233dfa1843bac5d5358aa9b2f) Importer(815301076,1909f56bfc062723c751e8b465ee728b)
Start importing Assets/ExitDoor.cs using Guid(1c3b99f233dfa1843bac5d5358aa9b2f) Importer(815301076,1909f56bfc062723c751e8b465ee728b) (PreviewImporter) -> (Import Result ID: '00000000000000000000000000000000') in 0.0009204 seconds
Import Error Code:(4)
Message: Build asset version error: assets/exitdoor.cs in SourceAssetDB has modification time of '2026-05-01T20:09:23.4088663Z' while content on disk has modification time of '2026-05-01T20:09:37.6260908Z'
  ERROR: Build asset version error: assets/exitdoor.cs in SourceAssetDB has modification time of '2026-05-01T20:09:23.4088663Z' while content on disk has modification time of '2026-05-01T20:09:37.6260908Z'
Number of updated asset objects reloaded before import = 0Number of asset objects unloaded after import = 0

========================================================================
Received Import Request.
  Time since last request: 0.000026 seconds.
  path: Assets/ExitDoor.cs
  importAddress: Guid(1c3b99f233dfa1843bac5d5358aa9b2f) Importer(815301076,1909f56bfc062723c751e8b465ee728b)
Start importing Assets/ExitDoor.cs using Guid(1c3b99f233dfa1843bac5d5358aa9b2f) Importer(815301076,1909f56bfc062723c751e8b465ee728b) (PreviewImporter) -> (Import Result ID: '00000000000000000000000000000000') in 0.0010327 seconds
Import Error Code:(4)
Message: Build asset version error: assets/exitdoor.cs in SourceAssetDB has modification time of '2026-05-01T20:09:23.4088663Z' while content on disk has modification time of '2026-05-01T20:09:37.6260908Z'
  ERROR: Build asset version error: assets/exitdoor.cs in SourceAssetDB has modification time of '2026-05-01T20:09:23.4088663Z' while content on disk has modification time of '2026-05-01T20:09:37.6260908Z'
Number of updated asset objects reloaded before import = 0Number of asset objects unloaded after import = 0

========================================================================
Received Import Request.
  Time since last request: 0.000036 seconds.
  path: Assets/ExitDoor.cs
  importAddress: Guid(1c3b99f233dfa1843bac5d5358aa9b2f) Importer(815301076,1909f56bfc062723c751e8b465ee728b)
Start importing Assets/ExitDoor.cs using Guid(1c3b99f233dfa1843bac5d5358aa9b2f) Importer(815301076,1909f56bfc062723c751e8b465ee728b) (PreviewImporter) -> (Import Result ID: '00000000000000000000000000000000') in 0.000847 seconds
Import Error Code:(4)
Message: Build asset version error: assets/exitdoor.cs in SourceAssetDB has modification time of '2026-05-01T20:09:23.4088663Z' while content on disk has modification time of '2026-05-01T20:09:37.6260908Z'
  ERROR: Build asset version error: assets/exitdoor.cs in SourceAssetDB has modification time of '2026-05-01T20:09:23.4088663Z' while content on disk has modification time of '2026-05-01T20:09:37.6260908Z'
Number of updated asset objects reloaded before import = 0Number of asset objects unloaded after import = 0

========================================================================
Received Import Request.
  Time since last request: 0.000047 seconds.
  path: Assets/ExitDoor.cs
  importAddress: Guid(1c3b99f233dfa1843bac5d5358aa9b2f) Importer(815301076,1909f56bfc062723c751e8b465ee728b)
Start importing Assets/ExitDoor.cs using Guid(1c3b99f233dfa1843bac5d5358aa9b2f) Importer(815301076,1909f56bfc062723c751e8b465ee728b) (PreviewImporter) -> (Import Result ID: '00000000000000000000000000000000') in 0.000676 seconds
Import Error Code:(4)
Message: Build asset version error: assets/exitdoor.cs in SourceAssetDB has modification time of '2026-05-01T20:09:23.4088663Z' while content on disk has modification time of '2026-05-01T20:09:37.6260908Z'
  ERROR: Build asset version error: assets/exitdoor.cs in SourceAssetDB has modification time of '2026-05-01T20:09:23.4088663Z' while content on disk has modification time of '2026-05-01T20:09:37.6260908Z'
Number of updated asset objects reloaded before import = 0Number of asset objects unloaded after import = 0

========================================================================
Received Import Request.
  Time since last request: 0.000020 seconds.
  path: Assets/ExitDoor.cs
  importAddress: Guid(1c3b99f233dfa1843bac5d5358aa9b2f) Importer(815301076,1909f56bfc062723c751e8b465ee728b)
Start importing Assets/ExitDoor.cs using Guid(1c3b99f233dfa1843bac5d5358aa9b2f) Importer(815301076,1909f56bfc062723c751e8b465ee728b) (PreviewImporter) -> (Import Result ID: '00000000000000000000000000000000') in 0.0012313 seconds
Import Error Code:(4)
Message: Build asset version error: assets/exitdoor.cs in SourceAssetDB has modification time of '2026-05-01T20:09:23.4088663Z' while content on disk has modification time of '2026-05-01T20:09:37.6260908Z'
  ERROR: Build asset version error: assets/exitdoor.cs in SourceAssetDB has modification time of '2026-05-01T20:09:23.4088663Z' while content on disk has modification time of '2026-05-01T20:09:37.6260908Z'
Number of updated asset objects reloaded before import = 0Number of asset objects unloaded after import = 0

========================================================================
Received Import Request.
  Time since last request: 0.000029 seconds.
  path: Assets/ExitDoor.cs
  importAddress: Guid(1c3b99f233dfa1843bac5d5358aa9b2f) Importer(815301076,1909f56bfc062723c751e8b465ee728b)
Start importing Assets/ExitDoor.cs using Guid(1c3b99f233dfa1843bac5d5358aa9b2f) Importer(815301076,1909f56bfc062723c751e8b465ee728b) (PreviewImporter) -> (Import Result ID: '00000000000000000000000000000000') in 0.0008753 seconds
Import Error Code:(4)
Message: Build asset version error: assets/exitdoor.cs in SourceAssetDB has modification time of '2026-05-01T20:09:23.4088663Z' while content on disk has modification time of '2026-05-01T20:09:37.6260908Z'
  ERROR: Build asset version error: assets/exitdoor.cs in SourceAssetDB has modification time of '2026-05-01T20:09:23.4088663Z' while content on disk has modification time of '2026-05-01T20:09:37.6260908Z'
Number of updated asset objects reloaded before import = 0Number of asset objects unloaded after import = 0

========================================================================
Received Import Request.
  Time since last request: 0.000036 seconds.
  path: Assets/ExitDoor.cs
  importAddress: Guid(1c3b99f233dfa1843bac5d5358aa9b2f) Importer(815301076,1909f56bfc062723c751e8b465ee728b)
Start importing Assets/ExitDoor.cs using Guid(1c3b99f233dfa1843bac5d5358aa9b2f) Importer(815301076,1909f56bfc062723c751e8b465ee728b) (PreviewImporter) -> (Import Result ID: '00000000000000000000000000000000') in 0.0009942 seconds
Import Error Code:(4)
Message: Build asset version error: assets/exitdoor.cs in SourceAssetDB has modification time of '2026-05-01T20:09:23.4088663Z' while content on disk has modification time of '2026-05-01T20:09:37.6260908Z'
  ERROR: Build asset version error: assets/exitdoor.cs in SourceAssetDB has modification time of '2026-05-01T20:09:23.4088663Z' while content on disk has modification time of '2026-05-01T20:09:37.6260908Z'
Number of updated asset objects reloaded before import = 0Number of asset objects unloaded after import = 0

========================================================================
Received Import Request.
  Time since last request: 0.000036 seconds.
  path: Assets/ExitDoor.cs
  importAddress: Guid(1c3b99f233dfa1843bac5d5358aa9b2f) Importer(815301076,1909f56bfc062723c751e8b465ee728b)
Start importing Assets/ExitDoor.cs using Guid(1c3b99f233dfa1843bac5d5358aa9b2f) Importer(815301076,1909f56bfc062723c751e8b465ee728b) (PreviewImporter) -> (Import Result ID: '00000000000000000000000000000000') in 0.0012949 seconds
Import Error Code:(4)
Message: Build asset version error: assets/exitdoor.cs in SourceAssetDB has modification time of '2026-05-01T20:09:23.4088663Z' while content on disk has modification time of '2026-05-01T20:09:37.6260908Z'
  ERROR: Build asset version error: assets/exitdoor.cs in SourceAssetDB has modification time of '2026-05-01T20:09:23.4088663Z' while content on disk has modification time of '2026-05-01T20:09:37.6260908Z'
Number of updated asset objects reloaded before import = 0Number of asset objects unloaded after import = 0

========================================================================
Received Import Request.
  Time since last request: 0.000024 seconds.
  path: Assets/ExitDoor.cs
  importAddress: Guid(1c3b99f233dfa1843bac5d5358aa9b2f) Importer(815301076,1909f56bfc062723c751e8b465ee728b)
Start importing Assets/ExitDoor.cs using Guid(1c3b99f233dfa1843bac5d5358aa9b2f) Importer(815301076,1909f56bfc062723c751e8b465ee728b) (PreviewImporter) -> (Import Result ID: '00000000000000000000000000000000') in 0.0015512 seconds
Import Error Code:(4)
Message: Build asset version error: assets/exitdoor.cs in SourceAssetDB has modification time of '2026-05-01T20:09:23.4088663Z' while content on disk has modification time of '2026-05-01T20:09:37.6260908Z'
  ERROR: Build asset version error: assets/exitdoor.cs in SourceAssetDB has modification time of '2026-05-01T20:09:23.4088663Z' while content on disk has modification time of '2026-05-01T20:09:37.6260908Z'
Number of updated asset objects reloaded before import = 0Number of asset objects unloaded after import = 0

========================================================================
Received Import Request.
  Time since last request: 0.000039 seconds.
  path: Assets/ExitDoor.cs
  importAddress: Guid(1c3b99f233dfa1843bac5d5358aa9b2f) Importer(815301076,1909f56bfc062723c751e8b465ee728b)
Start importing Assets/ExitDoor.cs using Guid(1c3b99f233dfa1843bac5d5358aa9b2f) Importer(815301076,1909f56bfc062723c751e8b465ee728b) (PreviewImporter) -> (Import Result ID: '00000000000000000000000000000000') in 0.0008538 seconds
Import Error Code:(4)
Message: Build asset version error: assets/exitdoor.cs in SourceAssetDB has modification time of '2026-05-01T20:09:23.4088663Z' while content on disk has modification time of '2026-05-01T20:09:37.6260908Z'
  ERROR: Build asset version error: assets/exitdoor.cs in SourceAssetDB has modification time of '2026-05-01T20:09:23.4088663Z' while content on disk has modification time of '2026-05-01T20:09:37.6260908Z'
Number of updated asset objects reloaded before import = 0Number of asset objects unloaded after import = 0

========================================================================
Received Import Request.
  Time since last request: 0.000021 seconds.
  path: Assets/ExitDoor.cs
  importAddress: Guid(1c3b99f233dfa1843bac5d5358aa9b2f) Importer(815301076,1909f56bfc062723c751e8b465ee728b)
Start importing Assets/ExitDoor.cs using Guid(1c3b99f233dfa1843bac5d5358aa9b2f) Importer(815301076,1909f56bfc062723c751e8b465ee728b) (PreviewImporter) -> (Import Result ID: '00000000000000000000000000000000') in 0.0009607 seconds
Import Error Code:(4)
Message: Build asset version error: assets/exitdoor.cs in SourceAssetDB has modification time of '2026-05-01T20:09:23.4088663Z' while content on disk has modification time of '2026-05-01T20:09:37.6260908Z'
  ERROR: Build asset version error: assets/exitdoor.cs in SourceAssetDB has modification time of '2026-05-01T20:09:23.4088663Z' while content on disk has modification time of '2026-05-01T20:09:37.6260908Z'
Number of updated asset objects reloaded before import = 0Number of asset objects unloaded after import = 0

========================================================================
Received Import Request.
  Time since last request: 0.000030 seconds.
  path: Assets/ExitDoor.cs
  importAddress: Guid(1c3b99f233dfa1843bac5d5358aa9b2f) Importer(815301076,1909f56bfc062723c751e8b465ee728b)
Start importing Assets/ExitDoor.cs using Guid(1c3b99f233dfa1843bac5d5358aa9b2f) Importer(815301076,1909f56bfc062723c751e8b465ee728b) (PreviewImporter) -> (Import Result ID: '00000000000000000000000000000000') in 0.0014507 seconds
Import Error Code:(4)
Message: Build asset version error: assets/exitdoor.cs in SourceAssetDB has modification time of '2026-05-01T20:09:23.4088663Z' while content on disk has modification time of '2026-05-01T20:09:37.6260908Z'
  ERROR: Build asset version error: assets/exitdoor.cs in SourceAssetDB has modification time of '2026-05-01T20:09:23.4088663Z' while content on disk has modification time of '2026-05-01T20:09:37.6260908Z'
Number of updated asset objects reloaded before import = 0Number of asset objects unloaded after import = 0

========================================================================
Received Import Request.
  Time since last request: 0.000057 seconds.
  path: Assets/ExitDoor.cs
  importAddress: Guid(1c3b99f233dfa1843bac5d5358aa9b2f) Importer(815301076,1909f56bfc062723c751e8b465ee728b)
Start importing Assets/ExitDoor.cs using Guid(1c3b99f233dfa1843bac5d5358aa9b2f) Importer(815301076,1909f56bfc062723c751e8b465ee728b) (PreviewImporter) -> (Import Result ID: '00000000000000000000000000000000') in 0.0007927 seconds
Import Error Code:(4)
Message: Build asset version error: assets/exitdoor.cs in SourceAssetDB has modification time of '2026-05-01T20:09:23.4088663Z' while content on disk has modification time of '2026-05-01T20:09:37.6260908Z'
  ERROR: Build asset version error: assets/exitdoor.cs in SourceAssetDB has modification time of '2026-05-01T20:09:23.4088663Z' while content on disk has modification time of '2026-05-01T20:09:37.6260908Z'
Number of updated asset objects reloaded before import = 0Number of asset objects unloaded after import = 0

========================================================================
Received Import Request.
  Time since last request: 0.000021 seconds.
  path: Assets/ExitDoor.cs
  importAddress: Guid(1c3b99f233dfa1843bac5d5358aa9b2f) Importer(815301076,1909f56bfc062723c751e8b465ee728b)
Start importing Assets/ExitDoor.cs using Guid(1c3b99f233dfa1843bac5d5358aa9b2f) Importer(815301076,1909f56bfc062723c751e8b465ee728b) (PreviewImporter) -> (Import Result ID: '00000000000000000000000000000000') in 0.0022425 seconds
Import Error Code:(4)
Message: Build asset version error: assets/exitdoor.cs in SourceAssetDB has modification time of '2026-05-01T20:09:23.4088663Z' while content on disk has modification time of '2026-05-01T20:09:37.6260908Z'
  ERROR: Build asset version error: assets/exitdoor.cs in SourceAssetDB has modification time of '2026-05-01T20:09:23.4088663Z' while content on disk has modification time of '2026-05-01T20:09:37.6260908Z'
Number of updated asset objects reloaded before import = 0Number of asset objects unloaded after import = 0

========================================================================
Received Import Request.
  Time since last request: 0.000022 seconds.
  path: Assets/ExitDoor.cs
  importAddress: Guid(1c3b99f233dfa1843bac5d5358aa9b2f) Importer(815301076,1909f56bfc062723c751e8b465ee728b)
Start importing Assets/ExitDoor.cs using Guid(1c3b99f233dfa1843bac5d5358aa9b2f) Importer(815301076,1909f56bfc062723c751e8b465ee728b) (PreviewImporter) -> (Import Result ID: '00000000000000000000000000000000') in 0.0015725 seconds
Import Error Code:(4)
Message: Build asset version error: assets/exitdoor.cs in SourceAssetDB has modification time of '2026-05-01T20:09:23.4088663Z' while content on disk has modification time of '2026-05-01T20:09:37.6260908Z'
  ERROR: Build asset version error: assets/exitdoor.cs in SourceAssetDB has modification time of '2026-05-01T20:09:23.4088663Z' while content on disk has modification time of '2026-05-01T20:09:37.6260908Z'
Number of updated asset objects reloaded before import = 0Number of asset objects unloaded after import = 0

========================================================================
Received Import Request.
  Time since last request: 0.000026 seconds.
  path: Assets/ExitDoor.cs
  importAddress: Guid(1c3b99f233dfa1843bac5d5358aa9b2f) Importer(815301076,1909f56bfc062723c751e8b465ee728b)
Start importing Assets/ExitDoor.cs using Guid(1c3b99f233dfa1843bac5d5358aa9b2f) Importer(815301076,1909f56bfc062723c751e8b465ee728b) (PreviewImporter) -> (Import Result ID: '00000000000000000000000000000000') in 0.0010327 seconds
Import Error Code:(4)
Message: Build asset version error: assets/exitdoor.cs in SourceAssetDB has modification time of '2026-05-01T20:09:23.4088663Z' while content on disk has modification time of '2026-05-01T20:09:37.6260908Z'
  ERROR: Build asset version error: assets/exitdoor.cs in SourceAssetDB has modification time of '2026-05-01T20:09:23.4088663Z' while content on disk has modification time of '2026-05-01T20:09:37.6260908Z'
Number of updated asset objects reloaded before import = 0Number of asset objects unloaded after import = 0

========================================================================
Received Import Request.
  Time since last request: 0.000036 seconds.
  path: Assets/ExitDoor.cs
  importAddress: Guid(1c3b99f233dfa1843bac5d5358aa9b2f) Importer(815301076,1909f56bfc062723c751e8b465ee728b)
Start importing Assets/ExitDoor.cs using Guid(1c3b99f233dfa1843bac5d5358aa9b2f) Importer(815301076,1909f56bfc062723c751e8b465ee728b) (PreviewImporter) -> (Import Result ID: '00000000000000000000000000000000') in 0.0008017 seconds
Import Error Code:(4)
Message: Build asset version error: assets/exitdoor.cs in SourceAssetDB has modification time of '2026-05-01T20:09:23.4088663Z' while content on disk has modification time of '2026-05-01T20:09:37.6260908Z'
  ERROR: Build asset version error: assets/exitdoor.cs in SourceAssetDB has modification time of '2026-05-01T20:09:23.4088663Z' while content on disk has modification time of '2026-05-01T20:09:37.6260908Z'
Number of updated asset objects reloaded before import = 0Number of asset objects unloaded after import = 0

========================================================================
Received Import Request.
  Time since last request: 0.000027 seconds.
  path: Assets/ExitDoor.cs
  importAddress: Guid(1c3b99f233dfa1843bac5d5358aa9b2f) Importer(815301076,1909f56bfc062723c751e8b465ee728b)
Start importing Assets/ExitDoor.cs using Guid(1c3b99f233dfa1843bac5d5358aa9b2f) Importer(815301076,1909f56bfc062723c751e8b465ee728b) (PreviewImporter) -> (Import Result ID: '00000000000000000000000000000000') in 0.0009271 seconds
Import Error Code:(4)
Message: Build asset version error: assets/exitdoor.cs in SourceAssetDB has modification time of '2026-05-01T20:09:23.4088663Z' while content on disk has modification time of '2026-05-01T20:09:37.6260908Z'
  ERROR: Build asset version error: assets/exitdoor.cs in SourceAssetDB has modification time of '2026-05-01T20:09:23.4088663Z' while content on disk has modification time of '2026-05-01T20:09:37.6260908Z'
Number of updated asset objects reloaded before import = 0Number of asset objects unloaded after import = 0

========================================================================
Received Import Request.
  Time since last request: 0.000018 seconds.
  path: Assets/ExitDoor.cs
  importAddress: Guid(1c3b99f233dfa1843bac5d5358aa9b2f) Importer(815301076,1909f56bfc062723c751e8b465ee728b)
Start importing Assets/ExitDoor.cs using Guid(1c3b99f233dfa1843bac5d5358aa9b2f) Importer(815301076,1909f56bfc062723c751e8b465ee728b) (PreviewImporter) -> (Import Result ID: '8dadd13a462c57493282fd85a96dfe12') in 0.0006475 seconds [static and dynamic dependencies]. Details - ImportResultOutputID=eab355eb171ed62357e10a66304e55d2 DependenciesID=09f3721a7b30134e2946af23a13da8a0 StaticDependenciesID=d8ab6023b55a512af8e3c54e61ae5154 
Number of updated asset objects reloaded before import = 0Number of asset objects unloaded after import = 0

========================================================================
Received Prepare
Refreshing native plugins compatible for Editor in 10.69 ms, found 5 plugins.
Unloading 24 Unused Serialized files (Serialized files now loaded: 0)
Unloading 7287 unused Assets / (5.0 MB). Loaded Objects now: 8203.
Memory consumption went from 172.7 MB to 167.7 MB.
Total: 32.056600 ms (FindLiveObjects: 2.079900 ms CreateObjectMapping: 2.090200 ms MarkObjects: 17.869400 ms  DeleteObjects: 10.015500 ms)

Prepare: number of updated asset objects reloaded= 0
========================================================================
Received Import Request.
  Time since last request: 1.316177 seconds.
  path: Assets/ExitDoor.cs
  importAddress: Guid(1c3b99f233dfa1843bac5d5358aa9b2f) Importer(815301076,1909f56bfc062723c751e8b465ee728b)
Start importing Assets/ExitDoor.cs using Guid(1c3b99f233dfa1843bac5d5358aa9b2f) Importer(815301076,1909f56bfc062723c751e8b465ee728b) (PreviewImporter) -> (Import Result ID: 'c6fffc853b46c47e3a1b4e460d0f2b93') in 0.0009026 seconds [static and dynamic dependencies]. Details - ImportResultOutputID=eab355eb171ed62357e10a66304e55d2 DependenciesID=bc81578cd3475a84510564171f22fad7 StaticDependenciesID=d8ab6023b55a512af8e3c54e61ae5154 
Number of updated asset objects reloaded before import = 0Number of asset objects unloaded after import = 0

========================================================================
Received Prepare
Begin MonoManager ReloadAssembly
[Licensing::Client] Successfully resolved entitlement details
Assembly Assembly-CSharp-Editor-firstpass.dll at Library/ScriptAssemblies/Assembly-CSharp-Editor-firstpass.dll not valid. Loading of assembly skipped.
Assembly Assembly-CSharp-Editor.dll at Library/ScriptAssemblies/Assembly-CSharp-Editor.dll not valid. Loading of assembly skipped.
Assembly Assembly-CSharp-firstpass.dll at Library/ScriptAssemblies/Assembly-CSharp-firstpass.dll not valid. Loading of assembly skipped.
Assembly DocCodeExamples.dll at Library/ScriptAssemblies/DocCodeExamples.dll not valid. Loading of assembly skipped.
Assembly TestNewCustomAssembly.dll at Library/ScriptAssemblies/TestNewCustomAssembly.dll not valid. Loading of assembly skipped.
Assembly Unity.2D.Animation.EditorTests.dll at Library/ScriptAssemblies/Unity.2D.Animation.EditorTests.dll not valid. Loading of assembly skipped.
Assembly Unity.2D.Aseprite.EditorTests.dll at Library/ScriptAssemblies/Unity.2D.Aseprite.EditorTests.dll not valid. Loading of assembly skipped.
Assembly Unity.2D.Common.EditorTests.dll at Library/ScriptAssemblies/Unity.2D.Common.EditorTests.dll not valid. Loading of assembly skipped.
Assembly Unity.2D.Psdimporter.EditorTests.dll at Library/ScriptAssemblies/Unity.2D.Psdimporter.EditorTests.dll not valid. Loading of assembly skipped.
Assembly Unity.2D.Sprite.Package.EditorTests.dll at Library/ScriptAssemblies/Unity.2D.Sprite.Package.EditorTests.dll not valid. Loading of assembly skipped.
Assembly Unity.2D.SpriteShape.EditorTests.dll at Library/ScriptAssemblies/Unity.2D.SpriteShape.EditorTests.dll not valid. Loading of assembly skipped.
Assembly Unity.2D.Tilemap.Package.EditorTests.dll at Library/ScriptAssemblies/Unity.2D.Tilemap.Package.EditorTests.dll not valid. Loading of assembly skipped.
Assembly Unity.Collections.BurstCompatibilityGen.dll at Library/ScriptAssemblies/Unity.Collections.BurstCompatibilityGen.dll not valid. Loading of assembly skipped.
Assembly Unity.Collections.DocCodeSamples.dll at Library/ScriptAssemblies/Unity.Collections.DocCodeSamples.dll not valid. Loading of assembly skipped.
Assembly Unity.Collections.PerformanceTests.dll at Library/ScriptAssemblies/Unity.Collections.PerformanceTests.dll not valid. Loading of assembly skipped.
Assembly Unity.Collections.Tests.dll at Library/ScriptAssemblies/Unity.Collections.Tests.dll not valid. Loading of assembly skipped.
Assembly Unity.Collections.Tests.Playmode.dll at Library/ScriptAssemblies/Unity.Collections.Tests.Playmode.dll not valid. Loading of assembly skipped.
Assembly Unity.InputSystem.IntegrationTests.dll at Library/ScriptAssemblies/Unity.InputSystem.IntegrationTests.dll not valid. Loading of assembly skipped.
Assembly Unity.Mathematics.Tests.dll at Library/ScriptAssemblies/Unity.Mathematics.Tests.dll not valid. Loading of assembly skipped.
Assembly Unity.Multiplayer.Center.Editor.Tests.dll at Library/ScriptAssemblies/Unity.Multiplayer.Center.Editor.Tests.dll not valid. Loading of assembly skipped.
Assembly Unity.Multiplayer.Center.Tests.dll at Library/ScriptAssemblies/Unity.Multiplayer.Center.Tests.dll not valid. Loading of assembly skipped.
Assembly Unity.Nuget.Mono-Cecil.dll at Library/ScriptAssemblies/Unity.Nuget.Mono-Cecil.dll not valid. Loading of assembly skipped.
Assembly Unity.PathTracing.Editor.Tests.dll at Library/ScriptAssemblies/Unity.PathTracing.Editor.Tests.dll not valid. Loading of assembly skipped.
Assembly Unity.PathTracing.Runtime.Tests.dll at Library/ScriptAssemblies/Unity.PathTracing.Runtime.Tests.dll not valid. Loading of assembly skipped.
Assembly Unity.RenderPipelines.Core.Editor.Tests.dll at Library/ScriptAssemblies/Unity.RenderPipelines.Core.Editor.Tests.dll not valid. Loading of assembly skipped.
Assembly Unity.RenderPipelines.Core.Runtime.Tests.dll at Library/ScriptAssemblies/Unity.RenderPipelines.Core.Runtime.Tests.dll not valid. Loading of assembly skipped.
Assembly Unity.RenderPipelines.Universal.Config.Editor.Tests.dll at Library/ScriptAssemblies/Unity.RenderPipelines.Universal.Config.Editor.Tests.dll not valid. Loading of assembly skipped.
Assembly Unity.RenderPipelines.Universal.Editor.Tests.dll at Library/ScriptAssemblies/Unity.RenderPipelines.Universal.Editor.Tests.dll not valid. Loading of assembly skipped.
Assembly Unity.RenderPipelines.Universal.Runtime.Tests.dll at Library/ScriptAssemblies/Unity.RenderPipelines.Universal.Runtime.Tests.dll not valid. Loading of assembly skipped.
Assembly Unity.Searcher.EditorTests.dll at Library/ScriptAssemblies/Unity.Searcher.EditorTests.dll not valid. Loading of assembly skipped.
Assembly Unity.ShaderGraph.Editor.Tests.dll at Library/ScriptAssemblies/Unity.ShaderGraph.Editor.Tests.dll not valid. Loading of assembly skipped.
Assembly Unity.TextMeshPro.Editor.Tests.dll at Library/ScriptAssemblies/Unity.TextMeshPro.Editor.Tests.dll not valid. Loading of assembly skipped.
Assembly Unity.TextMeshPro.Tests.dll at Library/ScriptAssemblies/Unity.TextMeshPro.Tests.dll not valid. Loading of assembly skipped.
Assembly Unity.UnifiedRayTracing.Editor.Tests.dll at Library/ScriptAssemblies/Unity.UnifiedRayTracing.Editor.Tests.dll not valid. Loading of assembly skipped.
Assembly UnityEditor.UI.Common.Tests.dll at Library/ScriptAssemblies/UnityEditor.UI.Common.Tests.dll not valid. Loading of assembly skipped.
Assembly UnityEditor.UI.EditorTests.dll at Library/ScriptAssemblies/UnityEditor.UI.EditorTests.dll not valid. Loading of assembly skipped.
Assembly UnityEngine.UI.Tests.dll at Library/ScriptAssemblies/UnityEngine.UI.Tests.dll not valid. Loading of assembly skipped.
Native extension for WindowsStandalone target not found
Native extension for WebGL target not found
[Package Manager] Failed to launch server process. Reason: Unity was launched with the -noUpm command-line argument
[Package Manager] Unable to send message (not connected to server process).
[Package Manager] Cannot connect to Unity Package Manager local server
[Package Manager] Failed to launch server process. Reason: Unity was launched with the -noUpm command-line argument
[Package Manager] Unable to send message (not connected to server process).
[Package Manager] Cannot connect to Unity Package Manager local server
ScheduleIndexationOnStartup MainProcess:False IndexOnStartup:True
Mono: successfully reloaded assembly
- Finished resetting the current domain, in  0.616 seconds
Domain Reload Profiling: 1354ms
	BeginReloadAssembly (204ms)
		DisableScriptedObjects (12ms)
		CreateAndSetChildDomain (45ms)
	RebuildCommonClasses (34ms)
	RebuildNativeTypeToScriptingClass (17ms)
	initialDomainReloadingComplete (58ms)
	LoadAllAssembliesAndSetupDomain (424ms)
		LoadAssemblies (315ms)
		AnalyzeDomain (190ms)
			TypeCache.Refresh (12ms)
			BuildScriptInfoCaches (167ms)
			ResolveRequiredComponents (9ms)
	FinalizeReload (617ms)
		SetupLoadedEditorAssemblies (0ms)
			BeforeProcessingInitializeOnLoad (128ms)
			ProcessInitializeOnLoadAttributes (242ms)
			ProcessInitializeOnLoadMethodAttributes (67ms)
			AfterProcessingInitializeOnLoad (4ms)
		AwakeInstancesAfterBackupRestoration (11ms)
Unloading 24 Unused Serialized files (Serialized files now loaded: 0)
Unloading 7301 unused Assets / (5.5 MB). Loaded Objects now: 8205.
Memory consumption went from 172.6 MB to 167.1 MB.
Total: 7.802700 ms (FindLiveObjects: 0.599500 ms CreateObjectMapping: 0.554000 ms MarkObjects: 4.321500 ms  DeleteObjects: 2.326600 ms)

Prepare: number of updated asset objects reloaded= 0
========================================================================
Received Prepare
Unloading 24 Unused Serialized files (Serialized files now loaded: 0)
Unloading 7287 unused Assets / (5.2 MB). Loaded Objects now: 8206.
Memory consumption went from 175.8 MB to 170.6 MB.
Total: 7.980900 ms (FindLiveObjects: 0.620500 ms CreateObjectMapping: 0.594100 ms MarkObjects: 4.449500 ms  DeleteObjects: 2.315600 ms)

Prepare: number of updated asset objects reloaded= 0
========================================================================
Received Prepare
Begin MonoManager ReloadAssembly
Assembly Assembly-CSharp-Editor-firstpass.dll at Library/ScriptAssemblies/Assembly-CSharp-Editor-firstpass.dll not valid. Loading of assembly skipped.
Assembly Assembly-CSharp-Editor.dll at Library/ScriptAssemblies/Assembly-CSharp-Editor.dll not valid. Loading of assembly skipped.
Assembly Assembly-CSharp-firstpass.dll at Library/ScriptAssemblies/Assembly-CSharp-firstpass.dll not valid. Loading of assembly skipped.
Assembly DocCodeExamples.dll at Library/ScriptAssemblies/DocCodeExamples.dll not valid. Loading of assembly skipped.
Assembly TestNewCustomAssembly.dll at Library/ScriptAssemblies/TestNewCustomAssembly.dll not valid. Loading of assembly skipped.
Assembly Unity.2D.Animation.EditorTests.dll at Library/ScriptAssemblies/Unity.2D.Animation.EditorTests.dll not valid. Loading of assembly skipped.
Assembly Unity.2D.Aseprite.EditorTests.dll at Library/ScriptAssemblies/Unity.2D.Aseprite.EditorTests.dll not valid. Loading of assembly skipped.
Assembly Unity.2D.Common.EditorTests.dll at Library/ScriptAssemblies/Unity.2D.Common.EditorTests.dll not valid. Loading of assembly skipped.
Assembly Unity.2D.Psdimporter.EditorTests.dll at Library/ScriptAssemblies/Unity.2D.Psdimporter.EditorTests.dll not valid. Loading of assembly skipped.
Assembly Unity.2D.Sprite.Package.EditorTests.dll at Library/ScriptAssemblies/Unity.2D.Sprite.Package.EditorTests.dll not valid. Loading of assembly skipped.
Assembly Unity.2D.SpriteShape.EditorTests.dll at Library/ScriptAssemblies/Unity.2D.SpriteShape.EditorTests.dll not valid. Loading of assembly skipped.
Assembly Unity.2D.Tilemap.Package.EditorTests.dll at Library/ScriptAssemblies/Unity.2D.Tilemap.Package.EditorTests.dll not valid. Loading of assembly skipped.
Assembly Unity.Collections.BurstCompatibilityGen.dll at Library/ScriptAssemblies/Unity.Collections.BurstCompatibilityGen.dll not valid. Loading of assembly skipped.
Assembly Unity.Collections.DocCodeSamples.dll at Library/ScriptAssemblies/Unity.Collections.DocCodeSamples.dll not valid. Loading of assembly skipped.
Assembly Unity.Collections.PerformanceTests.dll at Library/ScriptAssemblies/Unity.Collections.PerformanceTests.dll not valid. Loading of assembly skipped.
Assembly Unity.Collections.Tests.dll at Library/ScriptAssemblies/Unity.Collections.Tests.dll not valid. Loading of assembly skipped.
Assembly Unity.Collections.Tests.Playmode.dll at Library/ScriptAssemblies/Unity.Collections.Tests.Playmode.dll not valid. Loading of assembly skipped.
Assembly Unity.InputSystem.IntegrationTests.dll at Library/ScriptAssemblies/Unity.InputSystem.IntegrationTests.dll not valid. Loading of assembly skipped.
Assembly Unity.Mathematics.Tests.dll at Library/ScriptAssemblies/Unity.Mathematics.Tests.dll not valid. Loading of assembly skipped.
Assembly Unity.Multiplayer.Center.Editor.Tests.dll at Library/ScriptAssemblies/Unity.Multiplayer.Center.Editor.Tests.dll not valid. Loading of assembly skipped.
Assembly Unity.Multiplayer.Center.Tests.dll at Library/ScriptAssemblies/Unity.Multiplayer.Center.Tests.dll not valid. Loading of assembly skipped.
Assembly Unity.Nuget.Mono-Cecil.dll at Library/ScriptAssemblies/Unity.Nuget.Mono-Cecil.dll not valid. Loading of assembly skipped.
Assembly Unity.PathTracing.Editor.Tests.dll at Library/ScriptAssemblies/Unity.PathTracing.Editor.Tests.dll not valid. Loading of assembly skipped.
Assembly Unity.PathTracing.Runtime.Tests.dll at Library/ScriptAssemblies/Unity.PathTracing.Runtime.Tests.dll not valid. Loading of assembly skipped.
Assembly Unity.RenderPipelines.Core.Editor.Tests.dll at Library/ScriptAssemblies/Unity.RenderPipelines.Core.Editor.Tests.dll not valid. Loading of assembly skipped.
Assembly Unity.RenderPipelines.Core.Runtime.Tests.dll at Library/ScriptAssemblies/Unity.RenderPipelines.Core.Runtime.Tests.dll not valid. Loading of assembly skipped.
Assembly Unity.RenderPipelines.Universal.Config.Editor.Tests.dll at Library/ScriptAssemblies/Unity.RenderPipelines.Universal.Config.Editor.Tests.dll not valid. Loading of assembly skipped.
Assembly Unity.RenderPipelines.Universal.Editor.Tests.dll at Library/ScriptAssemblies/Unity.RenderPipelines.Universal.Editor.Tests.dll not valid. Loading of assembly skipped.
Assembly Unity.RenderPipelines.Universal.Runtime.Tests.dll at Library/ScriptAssemblies/Unity.RenderPipelines.Universal.Runtime.Tests.dll not valid. Loading of assembly skipped.
Assembly Unity.Searcher.EditorTests.dll at Library/ScriptAssemblies/Unity.Searcher.EditorTests.dll not valid. Loading of assembly skipped.
Assembly Unity.ShaderGraph.Editor.Tests.dll at Library/ScriptAssemblies/Unity.ShaderGraph.Editor.Tests.dll not valid. Loading of assembly skipped.
Assembly Unity.TextMeshPro.Editor.Tests.dll at Library/ScriptAssemblies/Unity.TextMeshPro.Editor.Tests.dll not valid. Loading of assembly skipped.
Assembly Unity.TextMeshPro.Tests.dll at Library/ScriptAssemblies/Unity.TextMeshPro.Tests.dll not valid. Loading of assembly skipped.
Assembly Unity.UnifiedRayTracing.Editor.Tests.dll at Library/ScriptAssemblies/Unity.UnifiedRayTracing.Editor.Tests.dll not valid. Loading of assembly skipped.
Assembly UnityEditor.UI.Common.Tests.dll at Library/ScriptAssemblies/UnityEditor.UI.Common.Tests.dll not valid. Loading of assembly skipped.
Assembly UnityEditor.UI.EditorTests.dll at Library/ScriptAssemblies/UnityEditor.UI.EditorTests.dll not valid. Loading of assembly skipped.
Assembly UnityEngine.UI.Tests.dll at Library/ScriptAssemblies/UnityEngine.UI.Tests.dll not valid. Loading of assembly skipped.
Native extension for WindowsStandalone target not found
Native extension for WebGL target not found
[Package Manager] Failed to launch server process. Reason: Unity was launched with the -noUpm command-line argument
[Package Manager] Unable to send message (not connected to server process).
[Package Manager] Cannot connect to Unity Package Manager local server
[Package Manager] Failed to launch server process. Reason: Unity was launched with the -noUpm command-line argument
[Package Manager] Unable to send message (not connected to server process).
[Package Manager] Cannot connect to Unity Package Manager local server
ScheduleIndexationOnStartup MainProcess:False IndexOnStartup:True
Mono: successfully reloaded assembly
- Finished resetting the current domain, in  0.662 seconds
Domain Reload Profiling: 1341ms
	BeginReloadAssembly (180ms)
		DisableScriptedObjects (10ms)
		CreateAndSetChildDomain (39ms)
	RebuildCommonClasses (30ms)
	RebuildNativeTypeToScriptingClass (11ms)
	initialDomainReloadingComplete (56ms)
	LoadAllAssembliesAndSetupDomain (402ms)
		LoadAssemblies (291ms)
		AnalyzeDomain (184ms)
			TypeCache.Refresh (11ms)
			BuildScriptInfoCaches (162ms)
			ResolveRequiredComponents (10ms)
	FinalizeReload (662ms)
		SetupLoadedEditorAssemblies (0ms)
			BeforeProcessingInitializeOnLoad (146ms)
			ProcessInitializeOnLoadAttributes (267ms)
			ProcessInitializeOnLoadMethodAttributes (71ms)
			AfterProcessingInitializeOnLoad (4ms)
		AwakeInstancesAfterBackupRestoration (12ms)
Unloading 24 Unused Serialized files (Serialized files now loaded: 0)
Unloading 7302 unused Assets / (5.3 MB). Loaded Objects now: 8209.
Memory consumption went from 178.8 MB to 173.4 MB.
Total: 8.355400 ms (FindLiveObjects: 0.677600 ms CreateObjectMapping: 0.562200 ms MarkObjects: 4.350800 ms  DeleteObjects: 2.763300 ms)

Prepare: number of updated asset objects reloaded= 0
========================================================================
Received Import Request.
  Time since last request: 430.237319 seconds.
  path: Assets/ExitDoor.cs
  importAddress: Guid(1c3b99f233dfa1843bac5d5358aa9b2f) Importer(815301076,1909f56bfc062723c751e8b465ee728b)
Start importing Assets/ExitDoor.cs using Guid(1c3b99f233dfa1843bac5d5358aa9b2f) Importer(815301076,1909f56bfc062723c751e8b465ee728b) (PreviewImporter) -> (Import Result ID: 'db25d8c322d9841326e1dbbb3dc0ed6c') in 0.0035643 seconds [static and dynamic dependencies]. Details - ImportResultOutputID=eab355eb171ed62357e10a66304e55d2 DependenciesID=b1d74feba7dbec1a19869b6b82ce4ecd StaticDependenciesID=c9555ce0c79062f154f497ae2d92d6be 
Number of updated asset objects reloaded before import = 0Number of asset objects unloaded after import = 0

========================================================================
Received Prepare
Unloading 24 Unused Serialized files (Serialized files now loaded: 0)
Unloading 7287 unused Assets / (5.3 MB). Loaded Objects now: 8209.
Memory consumption went from 172.8 MB to 167.5 MB.
Total: 12.776100 ms (FindLiveObjects: 0.664600 ms CreateObjectMapping: 0.615600 ms MarkObjects: 6.618600 ms  DeleteObjects: 4.876100 ms)

Prepare: number of updated asset objects reloaded= 0
========================================================================
Received Prepare
Begin MonoManager ReloadAssembly
[Licensing::Client] Successfully resolved entitlement details
Assembly Assembly-CSharp-Editor-firstpass.dll at Library/ScriptAssemblies/Assembly-CSharp-Editor-firstpass.dll not valid. Loading of assembly skipped.
Assembly Assembly-CSharp-Editor.dll at Library/ScriptAssemblies/Assembly-CSharp-Editor.dll not valid. Loading of assembly skipped.
Assembly Assembly-CSharp-firstpass.dll at Library/ScriptAssemblies/Assembly-CSharp-firstpass.dll not valid. Loading of assembly skipped.
Assembly DocCodeExamples.dll at Library/ScriptAssemblies/DocCodeExamples.dll not valid. Loading of assembly skipped.
Assembly TestNewCustomAssembly.dll at Library/ScriptAssemblies/TestNewCustomAssembly.dll not valid. Loading of assembly skipped.
Assembly Unity.2D.Animation.EditorTests.dll at Library/ScriptAssemblies/Unity.2D.Animation.EditorTests.dll not valid. Loading of assembly skipped.
Assembly Unity.2D.Aseprite.EditorTests.dll at Library/ScriptAssemblies/Unity.2D.Aseprite.EditorTests.dll not valid. Loading of assembly skipped.
Assembly Unity.2D.Common.EditorTests.dll at Library/ScriptAssemblies/Unity.2D.Common.EditorTests.dll not valid. Loading of assembly skipped.
Assembly Unity.2D.Psdimporter.EditorTests.dll at Library/ScriptAssemblies/Unity.2D.Psdimporter.EditorTests.dll not valid. Loading of assembly skipped.
Assembly Unity.2D.Sprite.Package.EditorTests.dll at Library/ScriptAssemblies/Unity.2D.Sprite.Package.EditorTests.dll not valid. Loading of assembly skipped.
Assembly Unity.2D.SpriteShape.EditorTests.dll at Library/ScriptAssemblies/Unity.2D.SpriteShape.EditorTests.dll not valid. Loading of assembly skipped.
Assembly Unity.2D.Tilemap.Package.EditorTests.dll at Library/ScriptAssemblies/Unity.2D.Tilemap.Package.EditorTests.dll not valid. Loading of assembly skipped.
Assembly Unity.Collections.BurstCompatibilityGen.dll at Library/ScriptAssemblies/Unity.Collections.BurstCompatibilityGen.dll not valid. Loading of assembly skipped.
Assembly Unity.Collections.DocCodeSamples.dll at Library/ScriptAssemblies/Unity.Collections.DocCodeSamples.dll not valid. Loading of assembly skipped.
Assembly Unity.Collections.PerformanceTests.dll at Library/ScriptAssemblies/Unity.Collections.PerformanceTests.dll not valid. Loading of assembly skipped.
Assembly Unity.Collections.Tests.dll at Library/ScriptAssemblies/Unity.Collections.Tests.dll not valid. Loading of assembly skipped.
Assembly Unity.Collections.Tests.Playmode.dll at Library/ScriptAssemblies/Unity.Collections.Tests.Playmode.dll not valid. Loading of assembly skipped.
Assembly Unity.InputSystem.IntegrationTests.dll at Library/ScriptAssemblies/Unity.InputSystem.IntegrationTests.dll not valid. Loading of assembly skipped.
Assembly Unity.Mathematics.Tests.dll at Library/ScriptAssemblies/Unity.Mathematics.Tests.dll not valid. Loading of assembly skipped.
Assembly Unity.Multiplayer.Center.Editor.Tests.dll at Library/ScriptAssemblies/Unity.Multiplayer.Center.Editor.Tests.dll not valid. Loading of assembly skipped.
Assembly Unity.Multiplayer.Center.Tests.dll at Library/ScriptAssemblies/Unity.Multiplayer.Center.Tests.dll not valid. Loading of assembly skipped.
Assembly Unity.Nuget.Mono-Cecil.dll at Library/ScriptAssemblies/Unity.Nuget.Mono-Cecil.dll not valid. Loading of assembly skipped.
Assembly Unity.PathTracing.Editor.Tests.dll at Library/ScriptAssemblies/Unity.PathTracing.Editor.Tests.dll not valid. Loading of assembly skipped.
Assembly Unity.PathTracing.Runtime.Tests.dll at Library/ScriptAssemblies/Unity.PathTracing.Runtime.Tests.dll not valid. Loading of assembly skipped.
Assembly Unity.RenderPipelines.Core.Editor.Tests.dll at Library/ScriptAssemblies/Unity.RenderPipelines.Core.Editor.Tests.dll not valid. Loading of assembly skipped.
Assembly Unity.RenderPipelines.Core.Runtime.Tests.dll at Library/ScriptAssemblies/Unity.RenderPipelines.Core.Runtime.Tests.dll not valid. Loading of assembly skipped.
Assembly Unity.RenderPipelines.Universal.Config.Editor.Tests.dll at Library/ScriptAssemblies/Unity.RenderPipelines.Universal.Config.Editor.Tests.dll not valid. Loading of assembly skipped.
Assembly Unity.RenderPipelines.Universal.Editor.Tests.dll at Library/ScriptAssemblies/Unity.RenderPipelines.Universal.Editor.Tests.dll not valid. Loading of assembly skipped.
Assembly Unity.RenderPipelines.Universal.Runtime.Tests.dll at Library/ScriptAssemblies/Unity.RenderPipelines.Universal.Runtime.Tests.dll not valid. Loading of assembly skipped.
Assembly Unity.Searcher.EditorTests.dll at Library/ScriptAssemblies/Unity.Searcher.EditorTests.dll not valid. Loading of assembly skipped.
Assembly Unity.ShaderGraph.Editor.Tests.dll at Library/ScriptAssemblies/Unity.ShaderGraph.Editor.Tests.dll not valid. Loading of assembly skipped.
Assembly Unity.TextMeshPro.Editor.Tests.dll at Library/ScriptAssemblies/Unity.TextMeshPro.Editor.Tests.dll not valid. Loading of assembly skipped.
Assembly Unity.TextMeshPro.Tests.dll at Library/ScriptAssemblies/Unity.TextMeshPro.Tests.dll not valid. Loading of assembly skipped.
Assembly Unity.UnifiedRayTracing.Editor.Tests.dll at Library/ScriptAssemblies/Unity.UnifiedRayTracing.Editor.Tests.dll not valid. Loading of assembly skipped.
Assembly UnityEditor.UI.Common.Tests.dll at Library/ScriptAssemblies/UnityEditor.UI.Common.Tests.dll not valid. Loading of assembly skipped.
Assembly UnityEditor.UI.EditorTests.dll at Library/ScriptAssemblies/UnityEditor.UI.EditorTests.dll not valid. Loading of assembly skipped.
Assembly UnityEngine.UI.Tests.dll at Library/ScriptAssemblies/UnityEngine.UI.Tests.dll not valid. Loading of assembly skipped.
Native extension for WindowsStandalone target not found
Native extension for WebGL target not found
[Package Manager] Failed to launch server process. Reason: Unity was launched with the -noUpm command-line argument
[Package Manager] Unable to send message (not connected to server process).
[Package Manager] Cannot connect to Unity Package Manager local server
[Package Manager] Failed to launch server process. Reason: Unity was launched with the -noUpm command-line argument
[Package Manager] Unable to send message (not connected to server process).
[Package Manager] Cannot connect to Unity Package Manager local server
ScheduleIndexationOnStartup MainProcess:False IndexOnStartup:True
Mono: successfully reloaded assembly
- Finished resetting the current domain, in  0.752 seconds
Domain Reload Profiling: 1466ms
	BeginReloadAssembly (188ms)
		DisableScriptedObjects (11ms)
		CreateAndSetChildDomain (43ms)
	RebuildCommonClasses (31ms)
	RebuildNativeTypeToScriptingClass (10ms)
	initialDomainReloadingComplete (52ms)
	LoadAllAssembliesAndSetupDomain (431ms)
		LoadAssemblies (304ms)
		AnalyzeDomain (199ms)
			TypeCache.Refresh (11ms)
			BuildScriptInfoCaches (178ms)
			ResolveRequiredComponents (9ms)
	FinalizeReload (753ms)
		SetupLoadedEditorAssemblies (0ms)
			InitializePlatformSupportModulesInManaged (3ms)
			BeforeProcessingInitializeOnLoad (153ms)
			ProcessInitializeOnLoadAttributes (303ms)
			ProcessInitializeOnLoadMethodAttributes (87ms)
			AfterProcessingInitializeOnLoad (5ms)
		AwakeInstancesAfterBackupRestoration (17ms)
Refreshing native plugins compatible for Editor in 2.14 ms, found 5 plugins.
Unloading 24 Unused Serialized files (Serialized files now loaded: 0)
Unloading 7302 unused Assets / (5.6 MB). Loaded Objects now: 8212.
Memory consumption went from 175.8 MB to 170.1 MB.
Total: 11.419800 ms (FindLiveObjects: 0.806000 ms CreateObjectMapping: 1.906600 ms MarkObjects: 5.253100 ms  DeleteObjects: 3.452500 ms)

Prepare: number of updated asset objects reloaded= 0
========================================================================
Received Prepare
Begin MonoManager ReloadAssembly
[Licensing::Client] Successfully resolved entitlement details
Assembly Assembly-CSharp-Editor-firstpass.dll at Library/ScriptAssemblies/Assembly-CSharp-Editor-firstpass.dll not valid. Loading of assembly skipped.
Assembly Assembly-CSharp-Editor.dll at Library/ScriptAssemblies/Assembly-CSharp-Editor.dll not valid. Loading of assembly skipped.
Assembly Assembly-CSharp-firstpass.dll at Library/ScriptAssemblies/Assembly-CSharp-firstpass.dll not valid. Loading of assembly skipped.
Assembly DocCodeExamples.dll at Library/ScriptAssemblies/DocCodeExamples.dll not valid. Loading of assembly skipped.
Assembly TestNewCustomAssembly.dll at Library/ScriptAssemblies/TestNewCustomAssembly.dll not valid. Loading of assembly skipped.
Assembly Unity.2D.Animation.EditorTests.dll at Library/ScriptAssemblies/Unity.2D.Animation.EditorTests.dll not valid. Loading of assembly skipped.
Assembly Unity.2D.Aseprite.EditorTests.dll at Library/ScriptAssemblies/Unity.2D.Aseprite.EditorTests.dll not valid. Loading of assembly skipped.
Assembly Unity.2D.Common.EditorTests.dll at Library/ScriptAssemblies/Unity.2D.Common.EditorTests.dll not valid. Loading of assembly skipped.
Assembly Unity.2D.Psdimporter.EditorTests.dll at Library/ScriptAssemblies/Unity.2D.Psdimporter.EditorTests.dll not valid. Loading of assembly skipped.
Assembly Unity.2D.Sprite.Package.EditorTests.dll at Library/ScriptAssemblies/Unity.2D.Sprite.Package.EditorTests.dll not valid. Loading of assembly skipped.
Assembly Unity.2D.SpriteShape.EditorTests.dll at Library/ScriptAssemblies/Unity.2D.SpriteShape.EditorTests.dll not valid. Loading of assembly skipped.
Assembly Unity.2D.Tilemap.Package.EditorTests.dll at Library/ScriptAssemblies/Unity.2D.Tilemap.Package.EditorTests.dll not valid. Loading of assembly skipped.
Assembly Unity.Collections.BurstCompatibilityGen.dll at Library/ScriptAssemblies/Unity.Collections.BurstCompatibilityGen.dll not valid. Loading of assembly skipped.
Assembly Unity.Collections.DocCodeSamples.dll at Library/ScriptAssemblies/Unity.Collections.DocCodeSamples.dll not valid. Loading of assembly skipped.
Assembly Unity.Collections.PerformanceTests.dll at Library/ScriptAssemblies/Unity.Collections.PerformanceTests.dll not valid. Loading of assembly skipped.
Assembly Unity.Collections.Tests.dll at Library/ScriptAssemblies/Unity.Collections.Tests.dll not valid. Loading of assembly skipped.
Assembly Unity.Collections.Tests.Playmode.dll at Library/ScriptAssemblies/Unity.Collections.Tests.Playmode.dll not valid. Loading of assembly skipped.
Assembly Unity.InputSystem.IntegrationTests.dll at Library/ScriptAssemblies/Unity.InputSystem.IntegrationTests.dll not valid. Loading of assembly skipped.
Assembly Unity.Mathematics.Tests.dll at Library/ScriptAssemblies/Unity.Mathematics.Tests.dll not valid. Loading of assembly skipped.
Assembly Unity.Multiplayer.Center.Editor.Tests.dll at Library/ScriptAssemblies/Unity.Multiplayer.Center.Editor.Tests.dll not valid. Loading of assembly skipped.
Assembly Unity.Multiplayer.Center.Tests.dll at Library/ScriptAssemblies/Unity.Multiplayer.Center.Tests.dll not valid. Loading of assembly skipped.
Assembly Unity.Nuget.Mono-Cecil.dll at Library/ScriptAssemblies/Unity.Nuget.Mono-Cecil.dll not valid. Loading of assembly skipped.
Assembly Unity.PathTracing.Editor.Tests.dll at Library/ScriptAssemblies/Unity.PathTracing.Editor.Tests.dll not valid. Loading of assembly skipped.
Assembly Unity.PathTracing.Runtime.Tests.dll at Library/ScriptAssemblies/Unity.PathTracing.Runtime.Tests.dll not valid. Loading of assembly skipped.
Assembly Unity.RenderPipelines.Core.Editor.Tests.dll at Library/ScriptAssemblies/Unity.RenderPipelines.Core.Editor.Tests.dll not valid. Loading of assembly skipped.
Assembly Unity.RenderPipelines.Core.Runtime.Tests.dll at Library/ScriptAssemblies/Unity.RenderPipelines.Core.Runtime.Tests.dll not valid. Loading of assembly skipped.
Assembly Unity.RenderPipelines.Universal.Config.Editor.Tests.dll at Library/ScriptAssemblies/Unity.RenderPipelines.Universal.Config.Editor.Tests.dll not valid. Loading of assembly skipped.
Assembly Unity.RenderPipelines.Universal.Editor.Tests.dll at Library/ScriptAssemblies/Unity.RenderPipelines.Universal.Editor.Tests.dll not valid. Loading of assembly skipped.
Assembly Unity.RenderPipelines.Universal.Runtime.Tests.dll at Library/ScriptAssemblies/Unity.RenderPipelines.Universal.Runtime.Tests.dll not valid. Loading of assembly skipped.
Assembly Unity.Searcher.EditorTests.dll at Library/ScriptAssemblies/Unity.Searcher.EditorTests.dll not valid. Loading of assembly skipped.
Assembly Unity.ShaderGraph.Editor.Tests.dll at Library/ScriptAssemblies/Unity.ShaderGraph.Editor.Tests.dll not valid. Loading of assembly skipped.
Assembly Unity.TextMeshPro.Editor.Tests.dll at Library/ScriptAssemblies/Unity.TextMeshPro.Editor.Tests.dll not valid. Loading of assembly skipped.
Assembly Unity.TextMeshPro.Tests.dll at Library/ScriptAssemblies/Unity.TextMeshPro.Tests.dll not valid. Loading of assembly skipped.
Assembly Unity.UnifiedRayTracing.Editor.Tests.dll at Library/ScriptAssemblies/Unity.UnifiedRayTracing.Editor.Tests.dll not valid. Loading of assembly skipped.
Assembly UnityEditor.UI.Common.Tests.dll at Library/ScriptAssemblies/UnityEditor.UI.Common.Tests.dll not valid. Loading of assembly skipped.
Assembly UnityEditor.UI.EditorTests.dll at Library/ScriptAssemblies/UnityEditor.UI.EditorTests.dll not valid. Loading of assembly skipped.
Assembly UnityEngine.UI.Tests.dll at Library/ScriptAssemblies/UnityEngine.UI.Tests.dll not valid. Loading of assembly skipped.
Refreshing native plugins compatible for Editor in 2.03 ms, found 5 plugins.
Native extension for WindowsStandalone target not found
Native extension for WebGL target not found
[Package Manager] Failed to launch server process. Reason: Unity was launched with the -noUpm command-line argument
[Package Manager] Unable to send message (not connected to server process).
[Package Manager] Cannot connect to Unity Package Manager local server
[Package Manager] Failed to launch server process. Reason: Unity was launched with the -noUpm command-line argument
[Package Manager] Unable to send message (not connected to server process).
[Package Manager] Cannot connect to Unity Package Manager local server
ScheduleIndexationOnStartup MainProcess:False IndexOnStartup:True
Mono: successfully reloaded assembly
- Finished resetting the current domain, in  0.609 seconds
Domain Reload Profiling: 1289ms
	BeginReloadAssembly (187ms)
		DisableScriptedObjects (12ms)
		CreateAndSetChildDomain (37ms)
	RebuildCommonClasses (31ms)
	RebuildNativeTypeToScriptingClass (13ms)
	initialDomainReloadingComplete (50ms)
	LoadAllAssembliesAndSetupDomain (398ms)
		LoadAssemblies (284ms)
		AnalyzeDomain (185ms)
			TypeCache.Refresh (8ms)
			BuildScriptInfoCaches (166ms)
			ResolveRequiredComponents (9ms)
	FinalizeReload (610ms)
		SetupLoadedEditorAssemblies (0ms)
			BeforeProcessingInitializeOnLoad (132ms)
			ProcessInitializeOnLoadAttributes (241ms)
			ProcessInitializeOnLoadMethodAttributes (71ms)
			AfterProcessingInitializeOnLoad (4ms)
		AwakeInstancesAfterBackupRestoration (11ms)
Unloading 24 Unused Serialized files (Serialized files now loaded: 0)
Unloading 7302 unused Assets / (5.4 MB). Loaded Objects now: 8215.
Memory consumption went from 178.9 MB to 173.5 MB.
Total: 8.225000 ms (FindLiveObjects: 0.831300 ms CreateObjectMapping: 0.490400 ms MarkObjects: 4.417600 ms  DeleteObjects: 2.484300 ms)

Prepare: number of updated asset objects reloaded= 0
========================================================================
Received Prepare
Begin MonoManager ReloadAssembly
[Licensing::Client] Successfully resolved entitlement details
Assembly Assembly-CSharp-Editor-firstpass.dll at Library/ScriptAssemblies/Assembly-CSharp-Editor-firstpass.dll not valid. Loading of assembly skipped.
Assembly Assembly-CSharp-Editor.dll at Library/ScriptAssemblies/Assembly-CSharp-Editor.dll not valid. Loading of assembly skipped.
Assembly Assembly-CSharp-firstpass.dll at Library/ScriptAssemblies/Assembly-CSharp-firstpass.dll not valid. Loading of assembly skipped.
Assembly DocCodeExamples.dll at Library/ScriptAssemblies/DocCodeExamples.dll not valid. Loading of assembly skipped.
Assembly TestNewCustomAssembly.dll at Library/ScriptAssemblies/TestNewCustomAssembly.dll not valid. Loading of assembly skipped.
Assembly Unity.2D.Animation.EditorTests.dll at Library/ScriptAssemblies/Unity.2D.Animation.EditorTests.dll not valid. Loading of assembly skipped.
Assembly Unity.2D.Aseprite.EditorTests.dll at Library/ScriptAssemblies/Unity.2D.Aseprite.EditorTests.dll not valid. Loading of assembly skipped.
Assembly Unity.2D.Common.EditorTests.dll at Library/ScriptAssemblies/Unity.2D.Common.EditorTests.dll not valid. Loading of assembly skipped.
Assembly Unity.2D.Psdimporter.EditorTests.dll at Library/ScriptAssemblies/Unity.2D.Psdimporter.EditorTests.dll not valid. Loading of assembly skipped.
Assembly Unity.2D.Sprite.Package.EditorTests.dll at Library/ScriptAssemblies/Unity.2D.Sprite.Package.EditorTests.dll not valid. Loading of assembly skipped.
Assembly Unity.2D.SpriteShape.EditorTests.dll at Library/ScriptAssemblies/Unity.2D.SpriteShape.EditorTests.dll not valid. Loading of assembly skipped.
Assembly Unity.2D.Tilemap.Package.EditorTests.dll at Library/ScriptAssemblies/Unity.2D.Tilemap.Package.EditorTests.dll not valid. Loading of assembly skipped.
Assembly Unity.Collections.BurstCompatibilityGen.dll at Library/ScriptAssemblies/Unity.Collections.BurstCompatibilityGen.dll not valid. Loading of assembly skipped.
Assembly Unity.Collections.DocCodeSamples.dll at Library/ScriptAssemblies/Unity.Collections.DocCodeSamples.dll not valid. Loading of assembly skipped.
Assembly Unity.Collections.PerformanceTests.dll at Library/ScriptAssemblies/Unity.Collections.PerformanceTests.dll not valid. Loading of assembly skipped.
Assembly Unity.Collections.Tests.dll at Library/ScriptAssemblies/Unity.Collections.Tests.dll not valid. Loading of assembly skipped.
Assembly Unity.Collections.Tests.Playmode.dll at Library/ScriptAssemblies/Unity.Collections.Tests.Playmode.dll not valid. Loading of assembly skipped.
Assembly Unity.InputSystem.IntegrationTests.dll at Library/ScriptAssemblies/Unity.InputSystem.IntegrationTests.dll not valid. Loading of assembly skipped.
Assembly Unity.Mathematics.Tests.dll at Library/ScriptAssemblies/Unity.Mathematics.Tests.dll not valid. Loading of assembly skipped.
Assembly Unity.Multiplayer.Center.Editor.Tests.dll at Library/ScriptAssemblies/Unity.Multiplayer.Center.Editor.Tests.dll not valid. Loading of assembly skipped.
Assembly Unity.Multiplayer.Center.Tests.dll at Library/ScriptAssemblies/Unity.Multiplayer.Center.Tests.dll not valid. Loading of assembly skipped.
Assembly Unity.Nuget.Mono-Cecil.dll at Library/ScriptAssemblies/Unity.Nuget.Mono-Cecil.dll not valid. Loading of assembly skipped.
Assembly Unity.PathTracing.Editor.Tests.dll at Library/ScriptAssemblies/Unity.PathTracing.Editor.Tests.dll not valid. Loading of assembly skipped.
Assembly Unity.PathTracing.Runtime.Tests.dll at Library/ScriptAssemblies/Unity.PathTracing.Runtime.Tests.dll not valid. Loading of assembly skipped.
Assembly Unity.RenderPipelines.Core.Editor.Tests.dll at Library/ScriptAssemblies/Unity.RenderPipelines.Core.Editor.Tests.dll not valid. Loading of assembly skipped.
Assembly Unity.RenderPipelines.Core.Runtime.Tests.dll at Library/ScriptAssemblies/Unity.RenderPipelines.Core.Runtime.Tests.dll not valid. Loading of assembly skipped.
Assembly Unity.RenderPipelines.Universal.Config.Editor.Tests.dll at Library/ScriptAssemblies/Unity.RenderPipelines.Universal.Config.Editor.Tests.dll not valid. Loading of assembly skipped.
Assembly Unity.RenderPipelines.Universal.Editor.Tests.dll at Library/ScriptAssemblies/Unity.RenderPipelines.Universal.Editor.Tests.dll not valid. Loading of assembly skipped.
Assembly Unity.RenderPipelines.Universal.Runtime.Tests.dll at Library/ScriptAssemblies/Unity.RenderPipelines.Universal.Runtime.Tests.dll not valid. Loading of assembly skipped.
Assembly Unity.Searcher.EditorTests.dll at Library/ScriptAssemblies/Unity.Searcher.EditorTests.dll not valid. Loading of assembly skipped.
Assembly Unity.ShaderGraph.Editor.Tests.dll at Library/ScriptAssemblies/Unity.ShaderGraph.Editor.Tests.dll not valid. Loading of assembly skipped.
Assembly Unity.TextMeshPro.Editor.Tests.dll at Library/ScriptAssemblies/Unity.TextMeshPro.Editor.Tests.dll not valid. Loading of assembly skipped.
Assembly Unity.TextMeshPro.Tests.dll at Library/ScriptAssemblies/Unity.TextMeshPro.Tests.dll not valid. Loading of assembly skipped.
Assembly Unity.UnifiedRayTracing.Editor.Tests.dll at Library/ScriptAssemblies/Unity.UnifiedRayTracing.Editor.Tests.dll not valid. Loading of assembly skipped.
Assembly UnityEditor.UI.Common.Tests.dll at Library/ScriptAssemblies/UnityEditor.UI.Common.Tests.dll not valid. Loading of assembly skipped.
Assembly UnityEditor.UI.EditorTests.dll at Library/ScriptAssemblies/UnityEditor.UI.EditorTests.dll not valid. Loading of assembly skipped.
Assembly UnityEngine.UI.Tests.dll at Library/ScriptAssemblies/UnityEngine.UI.Tests.dll not valid. Loading of assembly skipped.
Native extension for WindowsStandalone target not found
Native extension for WebGL target not found
[Package Manager] Failed to launch server process. Reason: Unity was launched with the -noUpm command-line argument
[Package Manager] Unable to send message (not connected to server process).
[Package Manager] Cannot connect to Unity Package Manager local server
[Package Manager] Failed to launch server process. Reason: Unity was launched with the -noUpm command-line argument
[Package Manager] Unable to send message (not connected to server process).
[Package Manager] Cannot connect to Unity Package Manager local server
ScheduleIndexationOnStartup MainProcess:False IndexOnStartup:True
Mono: successfully reloaded assembly
- Finished resetting the current domain, in  0.731 seconds
Domain Reload Profiling: 1459ms
	BeginReloadAssembly (215ms)
		DisableScriptedObjects (12ms)
		CreateAndSetChildDomain (49ms)
	RebuildCommonClasses (36ms)
	RebuildNativeTypeToScriptingClass (11ms)
	initialDomainReloadingComplete (51ms)
	LoadAllAssembliesAndSetupDomain (414ms)
		LoadAssemblies (309ms)
		AnalyzeDomain (192ms)
			TypeCache.Refresh (14ms)
			BuildScriptInfoCaches (167ms)
			ResolveRequiredComponents (9ms)
	FinalizeReload (731ms)
		SetupLoadedEditorAssemblies (0ms)
			BeforeProcessingInitializeOnLoad (148ms)
			ProcessInitializeOnLoadAttributes (295ms)
			ProcessInitializeOnLoadMethodAttributes (85ms)
			AfterProcessingInitializeOnLoad (4ms)
		AwakeInstancesAfterBackupRestoration (17ms)
Unloading 24 Unused Serialized files (Serialized files now loaded: 0)
Unloading 7302 unused Assets / (6.4 MB). Loaded Objects now: 8218.
Memory consumption went from 182.0 MB to 175.6 MB.
Total: 10.731100 ms (FindLiveObjects: 0.799400 ms CreateObjectMapping: 0.881400 ms MarkObjects: 5.405200 ms  DeleteObjects: 3.643400 ms)

Prepare: number of updated asset objects reloaded= 0
========================================================================
Received Prepare
Begin MonoManager ReloadAssembly
[Licensing::Client] Successfully resolved entitlement details
Assembly Assembly-CSharp-Editor-firstpass.dll at Library/ScriptAssemblies/Assembly-CSharp-Editor-firstpass.dll not valid. Loading of assembly skipped.
Assembly Assembly-CSharp-Editor.dll at Library/ScriptAssemblies/Assembly-CSharp-Editor.dll not valid. Loading of assembly skipped.
Assembly Assembly-CSharp-firstpass.dll at Library/ScriptAssemblies/Assembly-CSharp-firstpass.dll not valid. Loading of assembly skipped.
Assembly DocCodeExamples.dll at Library/ScriptAssemblies/DocCodeExamples.dll not valid. Loading of assembly skipped.
Assembly TestNewCustomAssembly.dll at Library/ScriptAssemblies/TestNewCustomAssembly.dll not valid. Loading of assembly skipped.
Assembly Unity.2D.Animation.EditorTests.dll at Library/ScriptAssemblies/Unity.2D.Animation.EditorTests.dll not valid. Loading of assembly skipped.
Assembly Unity.2D.Aseprite.EditorTests.dll at Library/ScriptAssemblies/Unity.2D.Aseprite.EditorTests.dll not valid. Loading of assembly skipped.
Assembly Unity.2D.Common.EditorTests.dll at Library/ScriptAssemblies/Unity.2D.Common.EditorTests.dll not valid. Loading of assembly skipped.
Assembly Unity.2D.Psdimporter.EditorTests.dll at Library/ScriptAssemblies/Unity.2D.Psdimporter.EditorTests.dll not valid. Loading of assembly skipped.
Assembly Unity.2D.Sprite.Package.EditorTests.dll at Library/ScriptAssemblies/Unity.2D.Sprite.Package.EditorTests.dll not valid. Loading of assembly skipped.
Assembly Unity.2D.SpriteShape.EditorTests.dll at Library/ScriptAssemblies/Unity.2D.SpriteShape.EditorTests.dll not valid. Loading of assembly skipped.
Assembly Unity.2D.Tilemap.Package.EditorTests.dll at Library/ScriptAssemblies/Unity.2D.Tilemap.Package.EditorTests.dll not valid. Loading of assembly skipped.
Assembly Unity.Collections.BurstCompatibilityGen.dll at Library/ScriptAssemblies/Unity.Collections.BurstCompatibilityGen.dll not valid. Loading of assembly skipped.
Assembly Unity.Collections.DocCodeSamples.dll at Library/ScriptAssemblies/Unity.Collections.DocCodeSamples.dll not valid. Loading of assembly skipped.
Assembly Unity.Collections.PerformanceTests.dll at Library/ScriptAssemblies/Unity.Collections.PerformanceTests.dll not valid. Loading of assembly skipped.
Assembly Unity.Collections.Tests.dll at Library/ScriptAssemblies/Unity.Collections.Tests.dll not valid. Loading of assembly skipped.
Assembly Unity.Collections.Tests.Playmode.dll at Library/ScriptAssemblies/Unity.Collections.Tests.Playmode.dll not valid. Loading of assembly skipped.
Assembly Unity.InputSystem.IntegrationTests.dll at Library/ScriptAssemblies/Unity.InputSystem.IntegrationTests.dll not valid. Loading of assembly skipped.
Assembly Unity.Mathematics.Tests.dll at Library/ScriptAssemblies/Unity.Mathematics.Tests.dll not valid. Loading of assembly skipped.
Assembly Unity.Multiplayer.Center.Editor.Tests.dll at Library/ScriptAssemblies/Unity.Multiplayer.Center.Editor.Tests.dll not valid. Loading of assembly skipped.
Assembly Unity.Multiplayer.Center.Tests.dll at Library/ScriptAssemblies/Unity.Multiplayer.Center.Tests.dll not valid. Loading of assembly skipped.
Assembly Unity.Nuget.Mono-Cecil.dll at Library/ScriptAssemblies/Unity.Nuget.Mono-Cecil.dll not valid. Loading of assembly skipped.
Assembly Unity.PathTracing.Editor.Tests.dll at Library/ScriptAssemblies/Unity.PathTracing.Editor.Tests.dll not valid. Loading of assembly skipped.
Assembly Unity.PathTracing.Runtime.Tests.dll at Library/ScriptAssemblies/Unity.PathTracing.Runtime.Tests.dll not valid. Loading of assembly skipped.
Assembly Unity.RenderPipelines.Core.Editor.Tests.dll at Library/ScriptAssemblies/Unity.RenderPipelines.Core.Editor.Tests.dll not valid. Loading of assembly skipped.
Assembly Unity.RenderPipelines.Core.Runtime.Tests.dll at Library/ScriptAssemblies/Unity.RenderPipelines.Core.Runtime.Tests.dll not valid. Loading of assembly skipped.
Assembly Unity.RenderPipelines.Universal.Config.Editor.Tests.dll at Library/ScriptAssemblies/Unity.RenderPipelines.Universal.Config.Editor.Tests.dll not valid. Loading of assembly skipped.
Assembly Unity.RenderPipelines.Universal.Editor.Tests.dll at Library/ScriptAssemblies/Unity.RenderPipelines.Universal.Editor.Tests.dll not valid. Loading of assembly skipped.
Assembly Unity.RenderPipelines.Universal.Runtime.Tests.dll at Library/ScriptAssemblies/Unity.RenderPipelines.Universal.Runtime.Tests.dll not valid. Loading of assembly skipped.
Assembly Unity.Searcher.EditorTests.dll at Library/ScriptAssemblies/Unity.Searcher.EditorTests.dll not valid. Loading of assembly skipped.
Assembly Unity.ShaderGraph.Editor.Tests.dll at Library/ScriptAssemblies/Unity.ShaderGraph.Editor.Tests.dll not valid. Loading of assembly skipped.
Assembly Unity.TextMeshPro.Editor.Tests.dll at Library/ScriptAssemblies/Unity.TextMeshPro.Editor.Tests.dll not valid. Loading of assembly skipped.
Assembly Unity.TextMeshPro.Tests.dll at Library/ScriptAssemblies/Unity.TextMeshPro.Tests.dll not valid. Loading of assembly skipped.
Assembly Unity.UnifiedRayTracing.Editor.Tests.dll at Library/ScriptAssemblies/Unity.UnifiedRayTracing.Editor.Tests.dll not valid. Loading of assembly skipped.
Assembly UnityEditor.UI.Common.Tests.dll at Library/ScriptAssemblies/UnityEditor.UI.Common.Tests.dll not valid. Loading of assembly skipped.
Assembly UnityEditor.UI.EditorTests.dll at Library/ScriptAssemblies/UnityEditor.UI.EditorTests.dll not valid. Loading of assembly skipped.
Assembly UnityEngine.UI.Tests.dll at Library/ScriptAssemblies/UnityEngine.UI.Tests.dll not valid. Loading of assembly skipped.
Native extension for WindowsStandalone target not found
Native extension for WebGL target not found
[Package Manager] Failed to launch server process. Reason: Unity was launched with the -noUpm command-line argument
[Package Manager] Unable to send message (not connected to server process).
[Package Manager] Cannot connect to Unity Package Manager local server
[Package Manager] Failed to launch server process. Reason: Unity was launched with the -noUpm command-line argument
[Package Manager] Unable to send message (not connected to server process).
[Package Manager] Cannot connect to Unity Package Manager local server
ScheduleIndexationOnStartup MainProcess:False IndexOnStartup:True
Mono: successfully reloaded assembly
- Finished resetting the current domain, in  0.613 seconds
Domain Reload Profiling: 1308ms
	BeginReloadAssembly (193ms)
		DisableScriptedObjects (14ms)
		CreateAndSetChildDomain (46ms)
	RebuildCommonClasses (33ms)
	RebuildNativeTypeToScriptingClass (11ms)
	initialDomainReloadingComplete (52ms)
	LoadAllAssembliesAndSetupDomain (406ms)
		LoadAssemblies (295ms)
		AnalyzeDomain (181ms)
			TypeCache.Refresh (8ms)
			BuildScriptInfoCaches (161ms)
			ResolveRequiredComponents (11ms)
	FinalizeReload (613ms)
		SetupLoadedEditorAssemblies (0ms)
			BeforeProcessingInitializeOnLoad (132ms)
			ProcessInitializeOnLoadAttributes (242ms)
			ProcessInitializeOnLoadMethodAttributes (67ms)
			AfterProcessingInitializeOnLoad (4ms)
		AwakeInstancesAfterBackupRestoration (13ms)
Unloading 24 Unused Serialized files (Serialized files now loaded: 0)
Unloading 7302 unused Assets / (5.4 MB). Loaded Objects now: 8221.
Memory consumption went from 185.1 MB to 179.7 MB.
Total: 8.061700 ms (FindLiveObjects: 0.736800 ms CreateObjectMapping: 0.621500 ms MarkObjects: 4.352800 ms  DeleteObjects: 2.349400 ms)

Prepare: number of updated asset objects reloaded= 0
========================================================================
Received Prepare
Begin MonoManager ReloadAssembly
Assembly Assembly-CSharp-Editor-firstpass.dll at Library/ScriptAssemblies/Assembly-CSharp-Editor-firstpass.dll not valid. Loading of assembly skipped.
Assembly Assembly-CSharp-Editor.dll at Library/ScriptAssemblies/Assembly-CSharp-Editor.dll not valid. Loading of assembly skipped.
Assembly Assembly-CSharp-firstpass.dll at Library/ScriptAssemblies/Assembly-CSharp-firstpass.dll not valid. Loading of assembly skipped.
Assembly DocCodeExamples.dll at Library/ScriptAssemblies/DocCodeExamples.dll not valid. Loading of assembly skipped.
Assembly TestNewCustomAssembly.dll at Library/ScriptAssemblies/TestNewCustomAssembly.dll not valid. Loading of assembly skipped.
Assembly Unity.2D.Animation.EditorTests.dll at Library/ScriptAssemblies/Unity.2D.Animation.EditorTests.dll not valid. Loading of assembly skipped.
Assembly Unity.2D.Aseprite.EditorTests.dll at Library/ScriptAssemblies/Unity.2D.Aseprite.EditorTests.dll not valid. Loading of assembly skipped.
Assembly Unity.2D.Common.EditorTests.dll at Library/ScriptAssemblies/Unity.2D.Common.EditorTests.dll not valid. Loading of assembly skipped.
Assembly Unity.2D.Psdimporter.EditorTests.dll at Library/ScriptAssemblies/Unity.2D.Psdimporter.EditorTests.dll not valid. Loading of assembly skipped.
Assembly Unity.2D.Sprite.Package.EditorTests.dll at Library/ScriptAssemblies/Unity.2D.Sprite.Package.EditorTests.dll not valid. Loading of assembly skipped.
Assembly Unity.2D.SpriteShape.EditorTests.dll at Library/ScriptAssemblies/Unity.2D.SpriteShape.EditorTests.dll not valid. Loading of assembly skipped.
Assembly Unity.2D.Tilemap.Package.EditorTests.dll at Library/ScriptAssemblies/Unity.2D.Tilemap.Package.EditorTests.dll not valid. Loading of assembly skipped.
Assembly Unity.Collections.BurstCompatibilityGen.dll at Library/ScriptAssemblies/Unity.Collections.BurstCompatibilityGen.dll not valid. Loading of assembly skipped.
Assembly Unity.Collections.DocCodeSamples.dll at Library/ScriptAssemblies/Unity.Collections.DocCodeSamples.dll not valid. Loading of assembly skipped.
Assembly Unity.Collections.PerformanceTests.dll at Library/ScriptAssemblies/Unity.Collections.PerformanceTests.dll not valid. Loading of assembly skipped.
Assembly Unity.Collections.Tests.dll at Library/ScriptAssemblies/Unity.Collections.Tests.dll not valid. Loading of assembly skipped.
Assembly Unity.Collections.Tests.Playmode.dll at Library/ScriptAssemblies/Unity.Collections.Tests.Playmode.dll not valid. Loading of assembly skipped.
Assembly Unity.InputSystem.IntegrationTests.dll at Library/ScriptAssemblies/Unity.InputSystem.IntegrationTests.dll not valid. Loading of assembly skipped.
Assembly Unity.Mathematics.Tests.dll at Library/ScriptAssemblies/Unity.Mathematics.Tests.dll not valid. Loading of assembly skipped.
Assembly Unity.Multiplayer.Center.Editor.Tests.dll at Library/ScriptAssemblies/Unity.Multiplayer.Center.Editor.Tests.dll not valid. Loading of assembly skipped.
Assembly Unity.Multiplayer.Center.Tests.dll at Library/ScriptAssemblies/Unity.Multiplayer.Center.Tests.dll not valid. Loading of assembly skipped.
Assembly Unity.Nuget.Mono-Cecil.dll at Library/ScriptAssemblies/Unity.Nuget.Mono-Cecil.dll not valid. Loading of assembly skipped.
Assembly Unity.PathTracing.Editor.Tests.dll at Library/ScriptAssemblies/Unity.PathTracing.Editor.Tests.dll not valid. Loading of assembly skipped.
Assembly Unity.PathTracing.Runtime.Tests.dll at Library/ScriptAssemblies/Unity.PathTracing.Runtime.Tests.dll not valid. Loading of assembly skipped.
Assembly Unity.RenderPipelines.Core.Editor.Tests.dll at Library/ScriptAssemblies/Unity.RenderPipelines.Core.Editor.Tests.dll not valid. Loading of assembly skipped.
Assembly Unity.RenderPipelines.Core.Runtime.Tests.dll at Library/ScriptAssemblies/Unity.RenderPipelines.Core.Runtime.Tests.dll not valid. Loading of assembly skipped.
Assembly Unity.RenderPipelines.Universal.Config.Editor.Tests.dll at Library/ScriptAssemblies/Unity.RenderPipelines.Universal.Config.Editor.Tests.dll not valid. Loading of assembly skipped.
Assembly Unity.RenderPipelines.Universal.Editor.Tests.dll at Library/ScriptAssemblies/Unity.RenderPipelines.Universal.Editor.Tests.dll not valid. Loading of assembly skipped.
Assembly Unity.RenderPipelines.Universal.Runtime.Tests.dll at Library/ScriptAssemblies/Unity.RenderPipelines.Universal.Runtime.Tests.dll not valid. Loading of assembly skipped.
Assembly Unity.Searcher.EditorTests.dll at Library/ScriptAssemblies/Unity.Searcher.EditorTests.dll not valid. Loading of assembly skipped.
Assembly Unity.ShaderGraph.Editor.Tests.dll at Library/ScriptAssemblies/Unity.ShaderGraph.Editor.Tests.dll not valid. Loading of assembly skipped.
Assembly Unity.TextMeshPro.Editor.Tests.dll at Library/ScriptAssemblies/Unity.TextMeshPro.Editor.Tests.dll not valid. Loading of assembly skipped.
Assembly Unity.TextMeshPro.Tests.dll at Library/ScriptAssemblies/Unity.TextMeshPro.Tests.dll not valid. Loading of assembly skipped.
Assembly Unity.UnifiedRayTracing.Editor.Tests.dll at Library/ScriptAssemblies/Unity.UnifiedRayTracing.Editor.Tests.dll not valid. Loading of assembly skipped.
Assembly UnityEditor.UI.Common.Tests.dll at Library/ScriptAssemblies/UnityEditor.UI.Common.Tests.dll not valid. Loading of assembly skipped.
Assembly UnityEditor.UI.EditorTests.dll at Library/ScriptAssemblies/UnityEditor.UI.EditorTests.dll not valid. Loading of assembly skipped.
Assembly UnityEngine.UI.Tests.dll at Library/ScriptAssemblies/UnityEngine.UI.Tests.dll not valid. Loading of assembly skipped.
Native extension for WindowsStandalone target not found
Native extension for WebGL target not found
[Package Manager] Failed to launch server process. Reason: Unity was launched with the -noUpm command-line argument
[Package Manager] Unable to send message (not connected to server process).
[Package Manager] Cannot connect to Unity Package Manager local server
[Package Manager] Failed to launch server process. Reason: Unity was launched with the -noUpm command-line argument
[Package Manager] Unable to send message (not connected to server process).
[Package Manager] Cannot connect to Unity Package Manager local server
ScheduleIndexationOnStartup MainProcess:False IndexOnStartup:True
Mono: successfully reloaded assembly
- Finished resetting the current domain, in  0.655 seconds
Domain Reload Profiling: 1341ms
	BeginReloadAssembly (189ms)
		DisableScriptedObjects (16ms)
		CreateAndSetChildDomain (40ms)
	RebuildCommonClasses (32ms)
	RebuildNativeTypeToScriptingClass (11ms)
	initialDomainReloadingComplete (44ms)
	LoadAllAssembliesAndSetupDomain (410ms)
		LoadAssemblies (297ms)
		AnalyzeDomain (186ms)
			TypeCache.Refresh (8ms)
			BuildScriptInfoCaches (166ms)
			ResolveRequiredComponents (10ms)
	FinalizeReload (655ms)
		SetupLoadedEditorAssemblies (0ms)
			BeforeProcessingInitializeOnLoad (133ms)
			ProcessInitializeOnLoadAttributes (266ms)
			ProcessInitializeOnLoadMethodAttributes (81ms)
			AfterProcessingInitializeOnLoad (4ms)
		AwakeInstancesAfterBackupRestoration (16ms)
Unloading 24 Unused Serialized files (Serialized files now loaded: 0)
Unloading 7302 unused Assets / (6.0 MB). Loaded Objects now: 8224.
Memory consumption went from 188.2 MB to 182.2 MB.
Total: 10.006900 ms (FindLiveObjects: 0.720300 ms CreateObjectMapping: 0.909700 ms MarkObjects: 5.136000 ms  DeleteObjects: 3.239300 ms)

Prepare: number of updated asset objects reloaded= 0
========================================================================
Received Prepare
Begin MonoManager ReloadAssembly
[Licensing::Client] Successfully resolved entitlement details
Assembly Assembly-CSharp-Editor-firstpass.dll at Library/ScriptAssemblies/Assembly-CSharp-Editor-firstpass.dll not valid. Loading of assembly skipped.
Assembly Assembly-CSharp-Editor.dll at Library/ScriptAssemblies/Assembly-CSharp-Editor.dll not valid. Loading of assembly skipped.
Assembly Assembly-CSharp-firstpass.dll at Library/ScriptAssemblies/Assembly-CSharp-firstpass.dll not valid. Loading of assembly skipped.
Assembly DocCodeExamples.dll at Library/ScriptAssemblies/DocCodeExamples.dll not valid. Loading of assembly skipped.
Assembly TestNewCustomAssembly.dll at Library/ScriptAssemblies/TestNewCustomAssembly.dll not valid. Loading of assembly skipped.
Assembly Unity.2D.Animation.EditorTests.dll at Library/ScriptAssemblies/Unity.2D.Animation.EditorTests.dll not valid. Loading of assembly skipped.
Assembly Unity.2D.Aseprite.EditorTests.dll at Library/ScriptAssemblies/Unity.2D.Aseprite.EditorTests.dll not valid. Loading of assembly skipped.
Assembly Unity.2D.Common.EditorTests.dll at Library/ScriptAssemblies/Unity.2D.Common.EditorTests.dll not valid. Loading of assembly skipped.
Assembly Unity.2D.Psdimporter.EditorTests.dll at Library/ScriptAssemblies/Unity.2D.Psdimporter.EditorTests.dll not valid. Loading of assembly skipped.
Assembly Unity.2D.Sprite.Package.EditorTests.dll at Library/ScriptAssemblies/Unity.2D.Sprite.Package.EditorTests.dll not valid. Loading of assembly skipped.
Assembly Unity.2D.SpriteShape.EditorTests.dll at Library/ScriptAssemblies/Unity.2D.SpriteShape.EditorTests.dll not valid. Loading of assembly skipped.
Assembly Unity.2D.Tilemap.Package.EditorTests.dll at Library/ScriptAssemblies/Unity.2D.Tilemap.Package.EditorTests.dll not valid. Loading of assembly skipped.
Assembly Unity.Collections.BurstCompatibilityGen.dll at Library/ScriptAssemblies/Unity.Collections.BurstCompatibilityGen.dll not valid. Loading of assembly skipped.
Assembly Unity.Collections.DocCodeSamples.dll at Library/ScriptAssemblies/Unity.Collections.DocCodeSamples.dll not valid. Loading of assembly skipped.
Assembly Unity.Collections.PerformanceTests.dll at Library/ScriptAssemblies/Unity.Collections.PerformanceTests.dll not valid. Loading of assembly skipped.
Assembly Unity.Collections.Tests.dll at Library/ScriptAssemblies/Unity.Collections.Tests.dll not valid. Loading of assembly skipped.
Assembly Unity.Collections.Tests.Playmode.dll at Library/ScriptAssemblies/Unity.Collections.Tests.Playmode.dll not valid. Loading of assembly skipped.
Assembly Unity.InputSystem.IntegrationTests.dll at Library/ScriptAssemblies/Unity.InputSystem.IntegrationTests.dll not valid. Loading of assembly skipped.
Assembly Unity.Mathematics.Tests.dll at Library/ScriptAssemblies/Unity.Mathematics.Tests.dll not valid. Loading of assembly skipped.
Assembly Unity.Multiplayer.Center.Editor.Tests.dll at Library/ScriptAssemblies/Unity.Multiplayer.Center.Editor.Tests.dll not valid. Loading of assembly skipped.
Assembly Unity.Multiplayer.Center.Tests.dll at Library/ScriptAssemblies/Unity.Multiplayer.Center.Tests.dll not valid. Loading of assembly skipped.
Assembly Unity.Nuget.Mono-Cecil.dll at Library/ScriptAssemblies/Unity.Nuget.Mono-Cecil.dll not valid. Loading of assembly skipped.
Assembly Unity.PathTracing.Editor.Tests.dll at Library/ScriptAssemblies/Unity.PathTracing.Editor.Tests.dll not valid. Loading of assembly skipped.
Assembly Unity.PathTracing.Runtime.Tests.dll at Library/ScriptAssemblies/Unity.PathTracing.Runtime.Tests.dll not valid. Loading of assembly skipped.
Assembly Unity.RenderPipelines.Core.Editor.Tests.dll at Library/ScriptAssemblies/Unity.RenderPipelines.Core.Editor.Tests.dll not valid. Loading of assembly skipped.
Assembly Unity.RenderPipelines.Core.Runtime.Tests.dll at Library/ScriptAssemblies/Unity.RenderPipelines.Core.Runtime.Tests.dll not valid. Loading of assembly skipped.
Assembly Unity.RenderPipelines.Universal.Config.Editor.Tests.dll at Library/ScriptAssemblies/Unity.RenderPipelines.Universal.Config.Editor.Tests.dll not valid. Loading of assembly skipped.
Assembly Unity.RenderPipelines.Universal.Editor.Tests.dll at Library/ScriptAssemblies/Unity.RenderPipelines.Universal.Editor.Tests.dll not valid. Loading of assembly skipped.
Assembly Unity.RenderPipelines.Universal.Runtime.Tests.dll at Library/ScriptAssemblies/Unity.RenderPipelines.Universal.Runtime.Tests.dll not valid. Loading of assembly skipped.
Assembly Unity.Searcher.EditorTests.dll at Library/ScriptAssemblies/Unity.Searcher.EditorTests.dll not valid. Loading of assembly skipped.
Assembly Unity.ShaderGraph.Editor.Tests.dll at Library/ScriptAssemblies/Unity.ShaderGraph.Editor.Tests.dll not valid. Loading of assembly skipped.
Assembly Unity.TextMeshPro.Editor.Tests.dll at Library/ScriptAssemblies/Unity.TextMeshPro.Editor.Tests.dll not valid. Loading of assembly skipped.
Assembly Unity.TextMeshPro.Tests.dll at Library/ScriptAssemblies/Unity.TextMeshPro.Tests.dll not valid. Loading of assembly skipped.
Assembly Unity.UnifiedRayTracing.Editor.Tests.dll at Library/ScriptAssemblies/Unity.UnifiedRayTracing.Editor.Tests.dll not valid. Loading of assembly skipped.
Assembly UnityEditor.UI.Common.Tests.dll at Library/ScriptAssemblies/UnityEditor.UI.Common.Tests.dll not valid. Loading of assembly skipped.
Assembly UnityEditor.UI.EditorTests.dll at Library/ScriptAssemblies/UnityEditor.UI.EditorTests.dll not valid. Loading of assembly skipped.
Assembly UnityEngine.UI.Tests.dll at Library/ScriptAssemblies/UnityEngine.UI.Tests.dll not valid. Loading of assembly skipped.
Native extension for WindowsStandalone target not found
Native extension for WebGL target not found
[Package Manager] Failed to launch server process. Reason: Unity was launched with the -noUpm command-line argument
[Package Manager] Unable to send message (not connected to server process).
[Package Manager] Cannot connect to Unity Package Manager local server
[Package Manager] Failed to launch server process. Reason: Unity was launched with the -noUpm command-line argument
[Package Manager] Unable to send message (not connected to server process).
[Package Manager] Cannot connect to Unity Package Manager local server
ScheduleIndexationOnStartup MainProcess:False IndexOnStartup:True
Mono: successfully reloaded assembly
- Finished resetting the current domain, in  0.600 seconds
Domain Reload Profiling: 1276ms
	BeginReloadAssembly (182ms)
		DisableScriptedObjects (11ms)
		CreateAndSetChildDomain (41ms)
	RebuildCommonClasses (31ms)
	RebuildNativeTypeToScriptingClass (12ms)
	initialDomainReloadingComplete (48ms)
	LoadAllAssembliesAndSetupDomain (402ms)
		LoadAssemblies (290ms)
		AnalyzeDomain (181ms)
			TypeCache.Refresh (7ms)
			BuildScriptInfoCaches (162ms)
			ResolveRequiredComponents (10ms)
	FinalizeReload (601ms)
		SetupLoadedEditorAssemblies (0ms)
			BeforeProcessingInitializeOnLoad (132ms)
			ProcessInitializeOnLoadAttributes (241ms)
			ProcessInitializeOnLoadMethodAttributes (65ms)
			AfterProcessingInitializeOnLoad (3ms)
		AwakeInstancesAfterBackupRestoration (12ms)
Unloading 24 Unused Serialized files (Serialized files now loaded: 0)
Unloading 7302 unused Assets / (5.5 MB). Loaded Objects now: 8227.
Memory consumption went from 191.3 MB to 185.8 MB.
Total: 8.212500 ms (FindLiveObjects: 0.632200 ms CreateObjectMapping: 0.615000 ms MarkObjects: 4.631900 ms  DeleteObjects: 2.332500 ms)

Prepare: number of updated asset objects reloaded= 0
========================================================================
Received Prepare
Begin MonoManager ReloadAssembly
Assembly Assembly-CSharp-Editor-firstpass.dll at Library/ScriptAssemblies/Assembly-CSharp-Editor-firstpass.dll not valid. Loading of assembly skipped.
Assembly Assembly-CSharp-Editor.dll at Library/ScriptAssemblies/Assembly-CSharp-Editor.dll not valid. Loading of assembly skipped.
Assembly Assembly-CSharp-firstpass.dll at Library/ScriptAssemblies/Assembly-CSharp-firstpass.dll not valid. Loading of assembly skipped.
Assembly DocCodeExamples.dll at Library/ScriptAssemblies/DocCodeExamples.dll not valid. Loading of assembly skipped.
Assembly TestNewCustomAssembly.dll at Library/ScriptAssemblies/TestNewCustomAssembly.dll not valid. Loading of assembly skipped.
Assembly Unity.2D.Animation.EditorTests.dll at Library/ScriptAssemblies/Unity.2D.Animation.EditorTests.dll not valid. Loading of assembly skipped.
Assembly Unity.2D.Aseprite.EditorTests.dll at Library/ScriptAssemblies/Unity.2D.Aseprite.EditorTests.dll not valid. Loading of assembly skipped.
Assembly Unity.2D.Common.EditorTests.dll at Library/ScriptAssemblies/Unity.2D.Common.EditorTests.dll not valid. Loading of assembly skipped.
Assembly Unity.2D.Psdimporter.EditorTests.dll at Library/ScriptAssemblies/Unity.2D.Psdimporter.EditorTests.dll not valid. Loading of assembly skipped.
Assembly Unity.2D.Sprite.Package.EditorTests.dll at Library/ScriptAssemblies/Unity.2D.Sprite.Package.EditorTests.dll not valid. Loading of assembly skipped.
Assembly Unity.2D.SpriteShape.EditorTests.dll at Library/ScriptAssemblies/Unity.2D.SpriteShape.EditorTests.dll not valid. Loading of assembly skipped.
Assembly Unity.2D.Tilemap.Package.EditorTests.dll at Library/ScriptAssemblies/Unity.2D.Tilemap.Package.EditorTests.dll not valid. Loading of assembly skipped.
Assembly Unity.Collections.BurstCompatibilityGen.dll at Library/ScriptAssemblies/Unity.Collections.BurstCompatibilityGen.dll not valid. Loading of assembly skipped.
Assembly Unity.Collections.DocCodeSamples.dll at Library/ScriptAssemblies/Unity.Collections.DocCodeSamples.dll not valid. Loading of assembly skipped.
Assembly Unity.Collections.PerformanceTests.dll at Library/ScriptAssemblies/Unity.Collections.PerformanceTests.dll not valid. Loading of assembly skipped.
Assembly Unity.Collections.Tests.dll at Library/ScriptAssemblies/Unity.Collections.Tests.dll not valid. Loading of assembly skipped.
Assembly Unity.Collections.Tests.Playmode.dll at Library/ScriptAssemblies/Unity.Collections.Tests.Playmode.dll not valid. Loading of assembly skipped.
Assembly Unity.InputSystem.IntegrationTests.dll at Library/ScriptAssemblies/Unity.InputSystem.IntegrationTests.dll not valid. Loading of assembly skipped.
Assembly Unity.Mathematics.Tests.dll at Library/ScriptAssemblies/Unity.Mathematics.Tests.dll not valid. Loading of assembly skipped.
Assembly Unity.Multiplayer.Center.Editor.Tests.dll at Library/ScriptAssemblies/Unity.Multiplayer.Center.Editor.Tests.dll not valid. Loading of assembly skipped.
Assembly Unity.Multiplayer.Center.Tests.dll at Library/ScriptAssemblies/Unity.Multiplayer.Center.Tests.dll not valid. Loading of assembly skipped.
Assembly Unity.Nuget.Mono-Cecil.dll at Library/ScriptAssemblies/Unity.Nuget.Mono-Cecil.dll not valid. Loading of assembly skipped.
Assembly Unity.PathTracing.Editor.Tests.dll at Library/ScriptAssemblies/Unity.PathTracing.Editor.Tests.dll not valid. Loading of assembly skipped.
Assembly Unity.PathTracing.Runtime.Tests.dll at Library/ScriptAssemblies/Unity.PathTracing.Runtime.Tests.dll not valid. Loading of assembly skipped.
Assembly Unity.RenderPipelines.Core.Editor.Tests.dll at Library/ScriptAssemblies/Unity.RenderPipelines.Core.Editor.Tests.dll not valid. Loading of assembly skipped.
Assembly Unity.RenderPipelines.Core.Runtime.Tests.dll at Library/ScriptAssemblies/Unity.RenderPipelines.Core.Runtime.Tests.dll not valid. Loading of assembly skipped.
Assembly Unity.RenderPipelines.Universal.Config.Editor.Tests.dll at Library/ScriptAssemblies/Unity.RenderPipelines.Universal.Config.Editor.Tests.dll not valid. Loading of assembly skipped.
Assembly Unity.RenderPipelines.Universal.Editor.Tests.dll at Library/ScriptAssemblies/Unity.RenderPipelines.Universal.Editor.Tests.dll not valid. Loading of assembly skipped.
Assembly Unity.RenderPipelines.Universal.Runtime.Tests.dll at Library/ScriptAssemblies/Unity.RenderPipelines.Universal.Runtime.Tests.dll not valid. Loading of assembly skipped.
Assembly Unity.Searcher.EditorTests.dll at Library/ScriptAssemblies/Unity.Searcher.EditorTests.dll not valid. Loading of assembly skipped.
Assembly Unity.ShaderGraph.Editor.Tests.dll at Library/ScriptAssemblies/Unity.ShaderGraph.Editor.Tests.dll not valid. Loading of assembly skipped.
Assembly Unity.TextMeshPro.Editor.Tests.dll at Library/ScriptAssemblies/Unity.TextMeshPro.Editor.Tests.dll not valid. Loading of assembly skipped.
Assembly Unity.TextMeshPro.Tests.dll at Library/ScriptAssemblies/Unity.TextMeshPro.Tests.dll not valid. Loading of assembly skipped.
Assembly Unity.UnifiedRayTracing.Editor.Tests.dll at Library/ScriptAssemblies/Unity.UnifiedRayTracing.Editor.Tests.dll not valid. Loading of assembly skipped.
Assembly UnityEditor.UI.Common.Tests.dll at Library/ScriptAssemblies/UnityEditor.UI.Common.Tests.dll not valid. Loading of assembly skipped.
Assembly UnityEditor.UI.EditorTests.dll at Library/ScriptAssemblies/UnityEditor.UI.EditorTests.dll not valid. Loading of assembly skipped.
Assembly UnityEngine.UI.Tests.dll at Library/ScriptAssemblies/UnityEngine.UI.Tests.dll not valid. Loading of assembly skipped.
Native extension for WindowsStandalone target not found
Native extension for WebGL target not found
[Package Manager] Failed to launch server process. Reason: Unity was launched with the -noUpm command-line argument
[Package Manager] Unable to send message (not connected to server process).
[Package Manager] Cannot connect to Unity Package Manager local server
[Package Manager] Failed to launch server process. Reason: Unity was launched with the -noUpm command-line argument
[Package Manager] Unable to send message (not connected to server process).
[Package Manager] Cannot connect to Unity Package Manager local server
ScheduleIndexationOnStartup MainProcess:False IndexOnStartup:True
Mono: successfully reloaded assembly
- Finished resetting the current domain, in  0.634 seconds
Domain Reload Profiling: 1320ms
	BeginReloadAssembly (183ms)
		DisableScriptedObjects (11ms)
		CreateAndSetChildDomain (44ms)
	RebuildCommonClasses (32ms)
	RebuildNativeTypeToScriptingClass (11ms)
	initialDomainReloadingComplete (52ms)
	LoadAllAssembliesAndSetupDomain (408ms)
		LoadAssemblies (284ms)
		AnalyzeDomain (190ms)
			TypeCache.Refresh (7ms)
			BuildScriptInfoCaches (171ms)
			ResolveRequiredComponents (10ms)
	FinalizeReload (634ms)
		SetupLoadedEditorAssemblies (0ms)
			BeforeProcessingInitializeOnLoad (130ms)
			ProcessInitializeOnLoadAttributes (256ms)
			ProcessInitializeOnLoadMethodAttributes (79ms)
			AfterProcessingInitializeOnLoad (4ms)
		AwakeInstancesAfterBackupRestoration (15ms)
Unloading 24 Unused Serialized files (Serialized files now loaded: 0)
Unloading 7302 unused Assets / (6.0 MB). Loaded Objects now: 8230.
Memory consumption went from 194.4 MB to 188.4 MB.
Total: 8.546000 ms (FindLiveObjects: 0.665300 ms CreateObjectMapping: 0.630900 ms MarkObjects: 4.545500 ms  DeleteObjects: 2.700700 ms)

Prepare: number of updated asset objects reloaded= 0
========================================================================
Received Prepare
Begin MonoManager ReloadAssembly
[Licensing::Client] Successfully resolved entitlement details
Assembly Assembly-CSharp-Editor-firstpass.dll at Library/ScriptAssemblies/Assembly-CSharp-Editor-firstpass.dll not valid. Loading of assembly skipped.
Assembly Assembly-CSharp-Editor.dll at Library/ScriptAssemblies/Assembly-CSharp-Editor.dll not valid. Loading of assembly skipped.
Assembly Assembly-CSharp-firstpass.dll at Library/ScriptAssemblies/Assembly-CSharp-firstpass.dll not valid. Loading of assembly skipped.
Assembly DocCodeExamples.dll at Library/ScriptAssemblies/DocCodeExamples.dll not valid. Loading of assembly skipped.
Assembly TestNewCustomAssembly.dll at Library/ScriptAssemblies/TestNewCustomAssembly.dll not valid. Loading of assembly skipped.
Assembly Unity.2D.Animation.EditorTests.dll at Library/ScriptAssemblies/Unity.2D.Animation.EditorTests.dll not valid. Loading of assembly skipped.
Assembly Unity.2D.Aseprite.EditorTests.dll at Library/ScriptAssemblies/Unity.2D.Aseprite.EditorTests.dll not valid. Loading of assembly skipped.
Assembly Unity.2D.Common.EditorTests.dll at Library/ScriptAssemblies/Unity.2D.Common.EditorTests.dll not valid. Loading of assembly skipped.
Assembly Unity.2D.Psdimporter.EditorTests.dll at Library/ScriptAssemblies/Unity.2D.Psdimporter.EditorTests.dll not valid. Loading of assembly skipped.
Assembly Unity.2D.Sprite.Package.EditorTests.dll at Library/ScriptAssemblies/Unity.2D.Sprite.Package.EditorTests.dll not valid. Loading of assembly skipped.
Assembly Unity.2D.SpriteShape.EditorTests.dll at Library/ScriptAssemblies/Unity.2D.SpriteShape.EditorTests.dll not valid. Loading of assembly skipped.
Assembly Unity.2D.Tilemap.Package.EditorTests.dll at Library/ScriptAssemblies/Unity.2D.Tilemap.Package.EditorTests.dll not valid. Loading of assembly skipped.
Assembly Unity.Collections.BurstCompatibilityGen.dll at Library/ScriptAssemblies/Unity.Collections.BurstCompatibilityGen.dll not valid. Loading of assembly skipped.
Assembly Unity.Collections.DocCodeSamples.dll at Library/ScriptAssemblies/Unity.Collections.DocCodeSamples.dll not valid. Loading of assembly skipped.
Assembly Unity.Collections.PerformanceTests.dll at Library/ScriptAssemblies/Unity.Collections.PerformanceTests.dll not valid. Loading of assembly skipped.
Assembly Unity.Collections.Tests.dll at Library/ScriptAssemblies/Unity.Collections.Tests.dll not valid. Loading of assembly skipped.
Assembly Unity.Collections.Tests.Playmode.dll at Library/ScriptAssemblies/Unity.Collections.Tests.Playmode.dll not valid. Loading of assembly skipped.
Assembly Unity.InputSystem.IntegrationTests.dll at Library/ScriptAssemblies/Unity.InputSystem.IntegrationTests.dll not valid. Loading of assembly skipped.
Assembly Unity.Mathematics.Tests.dll at Library/ScriptAssemblies/Unity.Mathematics.Tests.dll not valid. Loading of assembly skipped.
Assembly Unity.Multiplayer.Center.Editor.Tests.dll at Library/ScriptAssemblies/Unity.Multiplayer.Center.Editor.Tests.dll not valid. Loading of assembly skipped.
Assembly Unity.Multiplayer.Center.Tests.dll at Library/ScriptAssemblies/Unity.Multiplayer.Center.Tests.dll not valid. Loading of assembly skipped.
Assembly Unity.Nuget.Mono-Cecil.dll at Library/ScriptAssemblies/Unity.Nuget.Mono-Cecil.dll not valid. Loading of assembly skipped.
Assembly Unity.PathTracing.Editor.Tests.dll at Library/ScriptAssemblies/Unity.PathTracing.Editor.Tests.dll not valid. Loading of assembly skipped.
Assembly Unity.PathTracing.Runtime.Tests.dll at Library/ScriptAssemblies/Unity.PathTracing.Runtime.Tests.dll not valid. Loading of assembly skipped.
Assembly Unity.RenderPipelines.Core.Editor.Tests.dll at Library/ScriptAssemblies/Unity.RenderPipelines.Core.Editor.Tests.dll not valid. Loading of assembly skipped.
Assembly Unity.RenderPipelines.Core.Runtime.Tests.dll at Library/ScriptAssemblies/Unity.RenderPipelines.Core.Runtime.Tests.dll not valid. Loading of assembly skipped.
Assembly Unity.RenderPipelines.Universal.Config.Editor.Tests.dll at Library/ScriptAssemblies/Unity.RenderPipelines.Universal.Config.Editor.Tests.dll not valid. Loading of assembly skipped.
Assembly Unity.RenderPipelines.Universal.Editor.Tests.dll at Library/ScriptAssemblies/Unity.RenderPipelines.Universal.Editor.Tests.dll not valid. Loading of assembly skipped.
Assembly Unity.RenderPipelines.Universal.Runtime.Tests.dll at Library/ScriptAssemblies/Unity.RenderPipelines.Universal.Runtime.Tests.dll not valid. Loading of assembly skipped.
Assembly Unity.Searcher.EditorTests.dll at Library/ScriptAssemblies/Unity.Searcher.EditorTests.dll not valid. Loading of assembly skipped.
Assembly Unity.ShaderGraph.Editor.Tests.dll at Library/ScriptAssemblies/Unity.ShaderGraph.Editor.Tests.dll not valid. Loading of assembly skipped.
Assembly Unity.TextMeshPro.Editor.Tests.dll at Library/ScriptAssemblies/Unity.TextMeshPro.Editor.Tests.dll not valid. Loading of assembly skipped.
Assembly Unity.TextMeshPro.Tests.dll at Library/ScriptAssemblies/Unity.TextMeshPro.Tests.dll not valid. Loading of assembly skipped.
Assembly Unity.UnifiedRayTracing.Editor.Tests.dll at Library/ScriptAssemblies/Unity.UnifiedRayTracing.Editor.Tests.dll not valid. Loading of assembly skipped.
Assembly UnityEditor.UI.Common.Tests.dll at Library/ScriptAssemblies/UnityEditor.UI.Common.Tests.dll not valid. Loading of assembly skipped.
Assembly UnityEditor.UI.EditorTests.dll at Library/ScriptAssemblies/UnityEditor.UI.EditorTests.dll not valid. Loading of assembly skipped.
Assembly UnityEngine.UI.Tests.dll at Library/ScriptAssemblies/UnityEngine.UI.Tests.dll not valid. Loading of assembly skipped.
Native extension for WindowsStandalone target not found
Native extension for WebGL target not found
[Package Manager] Failed to launch server process. Reason: Unity was launched with the -noUpm command-line argument
[Package Manager] Unable to send message (not connected to server process).
[Package Manager] Cannot connect to Unity Package Manager local server
[Package Manager] Failed to launch server process. Reason: Unity was launched with the -noUpm command-line argument
[Package Manager] Unable to send message (not connected to server process).
[Package Manager] Cannot connect to Unity Package Manager local server
ScheduleIndexationOnStartup MainProcess:False IndexOnStartup:True
Mono: successfully reloaded assembly
- Finished resetting the current domain, in  0.639 seconds
Domain Reload Profiling: 1316ms
	BeginReloadAssembly (193ms)
		DisableScriptedObjects (12ms)
		CreateAndSetChildDomain (45ms)
	RebuildCommonClasses (32ms)
	RebuildNativeTypeToScriptingClass (11ms)
	initialDomainReloadingComplete (50ms)
	LoadAllAssembliesAndSetupDomain (392ms)
		LoadAssemblies (285ms)
		AnalyzeDomain (180ms)
			TypeCache.Refresh (8ms)
			BuildScriptInfoCaches (161ms)
			ResolveRequiredComponents (9ms)
	FinalizeReload (639ms)
		SetupLoadedEditorAssemblies (0ms)
			InitializePlatformSupportModulesInManaged (3ms)
			BeforeProcessingInitializeOnLoad (139ms)
			ProcessInitializeOnLoadAttributes (260ms)
			ProcessInitializeOnLoadMethodAttributes (70ms)
			AfterProcessingInitializeOnLoad (4ms)
		AwakeInstancesAfterBackupRestoration (12ms)
Refreshing native plugins compatible for Editor in 2.43 ms, found 5 plugins.
Unloading 24 Unused Serialized files (Serialized files now loaded: 0)
Unloading 7302 unused Assets / (5.8 MB). Loaded Objects now: 8233.
Memory consumption went from 197.5 MB to 191.7 MB.
Total: 8.156900 ms (FindLiveObjects: 0.797000 ms CreateObjectMapping: 0.559600 ms MarkObjects: 4.338900 ms  DeleteObjects: 2.459500 ms)

Prepare: number of updated asset objects reloaded= 0
========================================================================
Received Prepare
Begin MonoManager ReloadAssembly
[Licensing::Client] Successfully resolved entitlement details
Assembly Assembly-CSharp-Editor-firstpass.dll at Library/ScriptAssemblies/Assembly-CSharp-Editor-firstpass.dll not valid. Loading of assembly skipped.
Assembly Assembly-CSharp-Editor.dll at Library/ScriptAssemblies/Assembly-CSharp-Editor.dll not valid. Loading of assembly skipped.
Assembly Assembly-CSharp-firstpass.dll at Library/ScriptAssemblies/Assembly-CSharp-firstpass.dll not valid. Loading of assembly skipped.
Assembly DocCodeExamples.dll at Library/ScriptAssemblies/DocCodeExamples.dll not valid. Loading of assembly skipped.
Assembly TestNewCustomAssembly.dll at Library/ScriptAssemblies/TestNewCustomAssembly.dll not valid. Loading of assembly skipped.
Assembly Unity.2D.Animation.EditorTests.dll at Library/ScriptAssemblies/Unity.2D.Animation.EditorTests.dll not valid. Loading of assembly skipped.
Assembly Unity.2D.Aseprite.EditorTests.dll at Library/ScriptAssemblies/Unity.2D.Aseprite.EditorTests.dll not valid. Loading of assembly skipped.
Assembly Unity.2D.Common.EditorTests.dll at Library/ScriptAssemblies/Unity.2D.Common.EditorTests.dll not valid. Loading of assembly skipped.
Assembly Unity.2D.Psdimporter.EditorTests.dll at Library/ScriptAssemblies/Unity.2D.Psdimporter.EditorTests.dll not valid. Loading of assembly skipped.
Assembly Unity.2D.Sprite.Package.EditorTests.dll at Library/ScriptAssemblies/Unity.2D.Sprite.Package.EditorTests.dll not valid. Loading of assembly skipped.
Assembly Unity.2D.SpriteShape.EditorTests.dll at Library/ScriptAssemblies/Unity.2D.SpriteShape.EditorTests.dll not valid. Loading of assembly skipped.
Assembly Unity.2D.Tilemap.Package.EditorTests.dll at Library/ScriptAssemblies/Unity.2D.Tilemap.Package.EditorTests.dll not valid. Loading of assembly skipped.
Assembly Unity.Collections.BurstCompatibilityGen.dll at Library/ScriptAssemblies/Unity.Collections.BurstCompatibilityGen.dll not valid. Loading of assembly skipped.
Assembly Unity.Collections.DocCodeSamples.dll at Library/ScriptAssemblies/Unity.Collections.DocCodeSamples.dll not valid. Loading of assembly skipped.
Assembly Unity.Collections.PerformanceTests.dll at Library/ScriptAssemblies/Unity.Collections.PerformanceTests.dll not valid. Loading of assembly skipped.
Assembly Unity.Collections.Tests.dll at Library/ScriptAssemblies/Unity.Collections.Tests.dll not valid. Loading of assembly skipped.
Assembly Unity.Collections.Tests.Playmode.dll at Library/ScriptAssemblies/Unity.Collections.Tests.Playmode.dll not valid. Loading of assembly skipped.
Assembly Unity.InputSystem.IntegrationTests.dll at Library/ScriptAssemblies/Unity.InputSystem.IntegrationTests.dll not valid. Loading of assembly skipped.
Assembly Unity.Mathematics.Tests.dll at Library/ScriptAssemblies/Unity.Mathematics.Tests.dll not valid. Loading of assembly skipped.
Assembly Unity.Multiplayer.Center.Editor.Tests.dll at Library/ScriptAssemblies/Unity.Multiplayer.Center.Editor.Tests.dll not valid. Loading of assembly skipped.
Assembly Unity.Multiplayer.Center.Tests.dll at Library/ScriptAssemblies/Unity.Multiplayer.Center.Tests.dll not valid. Loading of assembly skipped.
Assembly Unity.Nuget.Mono-Cecil.dll at Library/ScriptAssemblies/Unity.Nuget.Mono-Cecil.dll not valid. Loading of assembly skipped.
Assembly Unity.PathTracing.Editor.Tests.dll at Library/ScriptAssemblies/Unity.PathTracing.Editor.Tests.dll not valid. Loading of assembly skipped.
Assembly Unity.PathTracing.Runtime.Tests.dll at Library/ScriptAssemblies/Unity.PathTracing.Runtime.Tests.dll not valid. Loading of assembly skipped.
Assembly Unity.RenderPipelines.Core.Editor.Tests.dll at Library/ScriptAssemblies/Unity.RenderPipelines.Core.Editor.Tests.dll not valid. Loading of assembly skipped.
Assembly Unity.RenderPipelines.Core.Runtime.Tests.dll at Library/ScriptAssemblies/Unity.RenderPipelines.Core.Runtime.Tests.dll not valid. Loading of assembly skipped.
Assembly Unity.RenderPipelines.Universal.Config.Editor.Tests.dll at Library/ScriptAssemblies/Unity.RenderPipelines.Universal.Config.Editor.Tests.dll not valid. Loading of assembly skipped.
Assembly Unity.RenderPipelines.Universal.Editor.Tests.dll at Library/ScriptAssemblies/Unity.RenderPipelines.Universal.Editor.Tests.dll not valid. Loading of assembly skipped.
Assembly Unity.RenderPipelines.Universal.Runtime.Tests.dll at Library/ScriptAssemblies/Unity.RenderPipelines.Universal.Runtime.Tests.dll not valid. Loading of assembly skipped.
Assembly Unity.Searcher.EditorTests.dll at Library/ScriptAssemblies/Unity.Searcher.EditorTests.dll not valid. Loading of assembly skipped.
Assembly Unity.ShaderGraph.Editor.Tests.dll at Library/ScriptAssemblies/Unity.ShaderGraph.Editor.Tests.dll not valid. Loading of assembly skipped.
Assembly Unity.TextMeshPro.Editor.Tests.dll at Library/ScriptAssemblies/Unity.TextMeshPro.Editor.Tests.dll not valid. Loading of assembly skipped.
Assembly Unity.TextMeshPro.Tests.dll at Library/ScriptAssemblies/Unity.TextMeshPro.Tests.dll not valid. Loading of assembly skipped.
Assembly Unity.UnifiedRayTracing.Editor.Tests.dll at Library/ScriptAssemblies/Unity.UnifiedRayTracing.Editor.Tests.dll not valid. Loading of assembly skipped.
Assembly UnityEditor.UI.Common.Tests.dll at Library/ScriptAssemblies/UnityEditor.UI.Common.Tests.dll not valid. Loading of assembly skipped.
Assembly UnityEditor.UI.EditorTests.dll at Library/ScriptAssemblies/UnityEditor.UI.EditorTests.dll not valid. Loading of assembly skipped.
Assembly UnityEngine.UI.Tests.dll at Library/ScriptAssemblies/UnityEngine.UI.Tests.dll not valid. Loading of assembly skipped.
Native extension for WindowsStandalone target not found
Native extension for WebGL target not found
[Package Manager] Failed to launch server process. Reason: Unity was launched with the -noUpm command-line argument
[Package Manager] Unable to send message (not connected to server process).
[Package Manager] Cannot connect to Unity Package Manager local server
[Package Manager] Failed to launch server process. Reason: Unity was launched with the -noUpm command-line argument
[Package Manager] Unable to send message (not connected to server process).
[Package Manager] Cannot connect to Unity Package Manager local server
ScheduleIndexationOnStartup MainProcess:False IndexOnStartup:True
Mono: successfully reloaded assembly
- Finished resetting the current domain, in  0.700 seconds
Domain Reload Profiling: 1389ms
	BeginReloadAssembly (183ms)
		DisableScriptedObjects (16ms)
		CreateAndSetChildDomain (38ms)
	RebuildCommonClasses (31ms)
	RebuildNativeTypeToScriptingClass (11ms)
	initialDomainReloadingComplete (49ms)
	LoadAllAssembliesAndSetupDomain (415ms)
		LoadAssemblies (289ms)
		AnalyzeDomain (194ms)
			TypeCache.Refresh (8ms)
			BuildScriptInfoCaches (174ms)
			ResolveRequiredComponents (10ms)
	FinalizeReload (700ms)
		SetupLoadedEditorAssemblies (0ms)
			InitializePlatformSupportModulesInManaged (3ms)
			BeforeProcessingInitializeOnLoad (135ms)
			ProcessInitializeOnLoadAttributes (287ms)
			ProcessInitializeOnLoadMethodAttributes (89ms)
			AfterProcessingInitializeOnLoad (5ms)
		AwakeInstancesAfterBackupRestoration (16ms)
Unloading 24 Unused Serialized files (Serialized files now loaded: 0)
Unloading 7302 unused Assets / (5.5 MB). Loaded Objects now: 8236.
Memory consumption went from 200.6 MB to 195.1 MB.
Total: 8.850000 ms (FindLiveObjects: 0.657100 ms CreateObjectMapping: 0.607800 ms MarkObjects: 4.994700 ms  DeleteObjects: 2.589400 ms)

Prepare: number of updated asset objects reloaded= 0
========================================================================
Received Prepare
Begin MonoManager ReloadAssembly
Assembly Assembly-CSharp-Editor-firstpass.dll at Library/ScriptAssemblies/Assembly-CSharp-Editor-firstpass.dll not valid. Loading of assembly skipped.
Assembly Assembly-CSharp-Editor.dll at Library/ScriptAssemblies/Assembly-CSharp-Editor.dll not valid. Loading of assembly skipped.
Assembly Assembly-CSharp-firstpass.dll at Library/ScriptAssemblies/Assembly-CSharp-firstpass.dll not valid. Loading of assembly skipped.
Assembly DocCodeExamples.dll at Library/ScriptAssemblies/DocCodeExamples.dll not valid. Loading of assembly skipped.
Assembly TestNewCustomAssembly.dll at Library/ScriptAssemblies/TestNewCustomAssembly.dll not valid. Loading of assembly skipped.
Assembly Unity.2D.Animation.EditorTests.dll at Library/ScriptAssemblies/Unity.2D.Animation.EditorTests.dll not valid. Loading of assembly skipped.
Assembly Unity.2D.Aseprite.EditorTests.dll at Library/ScriptAssemblies/Unity.2D.Aseprite.EditorTests.dll not valid. Loading of assembly skipped.
Assembly Unity.2D.Common.EditorTests.dll at Library/ScriptAssemblies/Unity.2D.Common.EditorTests.dll not valid. Loading of assembly skipped.
Assembly Unity.2D.Psdimporter.EditorTests.dll at Library/ScriptAssemblies/Unity.2D.Psdimporter.EditorTests.dll not valid. Loading of assembly skipped.
Assembly Unity.2D.Sprite.Package.EditorTests.dll at Library/ScriptAssemblies/Unity.2D.Sprite.Package.EditorTests.dll not valid. Loading of assembly skipped.
Assembly Unity.2D.SpriteShape.EditorTests.dll at Library/ScriptAssemblies/Unity.2D.SpriteShape.EditorTests.dll not valid. Loading of assembly skipped.
Assembly Unity.2D.Tilemap.Package.EditorTests.dll at Library/ScriptAssemblies/Unity.2D.Tilemap.Package.EditorTests.dll not valid. Loading of assembly skipped.
Assembly Unity.Collections.BurstCompatibilityGen.dll at Library/ScriptAssemblies/Unity.Collections.BurstCompatibilityGen.dll not valid. Loading of assembly skipped.
Assembly Unity.Collections.DocCodeSamples.dll at Library/ScriptAssemblies/Unity.Collections.DocCodeSamples.dll not valid. Loading of assembly skipped.
Assembly Unity.Collections.PerformanceTests.dll at Library/ScriptAssemblies/Unity.Collections.PerformanceTests.dll not valid. Loading of assembly skipped.
Assembly Unity.Collections.Tests.dll at Library/ScriptAssemblies/Unity.Collections.Tests.dll not valid. Loading of assembly skipped.
Assembly Unity.Collections.Tests.Playmode.dll at Library/ScriptAssemblies/Unity.Collections.Tests.Playmode.dll not valid. Loading of assembly skipped.
Assembly Unity.InputSystem.IntegrationTests.dll at Library/ScriptAssemblies/Unity.InputSystem.IntegrationTests.dll not valid. Loading of assembly skipped.
Assembly Unity.Mathematics.Tests.dll at Library/ScriptAssemblies/Unity.Mathematics.Tests.dll not valid. Loading of assembly skipped.
Assembly Unity.Multiplayer.Center.Editor.Tests.dll at Library/ScriptAssemblies/Unity.Multiplayer.Center.Editor.Tests.dll not valid. Loading of assembly skipped.
Assembly Unity.Multiplayer.Center.Tests.dll at Library/ScriptAssemblies/Unity.Multiplayer.Center.Tests.dll not valid. Loading of assembly skipped.
Assembly Unity.Nuget.Mono-Cecil.dll at Library/ScriptAssemblies/Unity.Nuget.Mono-Cecil.dll not valid. Loading of assembly skipped.
Assembly Unity.PathTracing.Editor.Tests.dll at Library/ScriptAssemblies/Unity.PathTracing.Editor.Tests.dll not valid. Loading of assembly skipped.
Assembly Unity.PathTracing.Runtime.Tests.dll at Library/ScriptAssemblies/Unity.PathTracing.Runtime.Tests.dll not valid. Loading of assembly skipped.
Assembly Unity.RenderPipelines.Core.Editor.Tests.dll at Library/ScriptAssemblies/Unity.RenderPipelines.Core.Editor.Tests.dll not valid. Loading of assembly skipped.
Assembly Unity.RenderPipelines.Core.Runtime.Tests.dll at Library/ScriptAssemblies/Unity.RenderPipelines.Core.Runtime.Tests.dll not valid. Loading of assembly skipped.
Assembly Unity.RenderPipelines.Universal.Config.Editor.Tests.dll at Library/ScriptAssemblies/Unity.RenderPipelines.Universal.Config.Editor.Tests.dll not valid. Loading of assembly skipped.
Assembly Unity.RenderPipelines.Universal.Editor.Tests.dll at Library/ScriptAssemblies/Unity.RenderPipelines.Universal.Editor.Tests.dll not valid. Loading of assembly skipped.
Assembly Unity.RenderPipelines.Universal.Runtime.Tests.dll at Library/ScriptAssemblies/Unity.RenderPipelines.Universal.Runtime.Tests.dll not valid. Loading of assembly skipped.
Assembly Unity.Searcher.EditorTests.dll at Library/ScriptAssemblies/Unity.Searcher.EditorTests.dll not valid. Loading of assembly skipped.
Assembly Unity.ShaderGraph.Editor.Tests.dll at Library/ScriptAssemblies/Unity.ShaderGraph.Editor.Tests.dll not valid. Loading of assembly skipped.
Assembly Unity.TextMeshPro.Editor.Tests.dll at Library/ScriptAssemblies/Unity.TextMeshPro.Editor.Tests.dll not valid. Loading of assembly skipped.
Assembly Unity.TextMeshPro.Tests.dll at Library/ScriptAssemblies/Unity.TextMeshPro.Tests.dll not valid. Loading of assembly skipped.
Assembly Unity.UnifiedRayTracing.Editor.Tests.dll at Library/ScriptAssemblies/Unity.UnifiedRayTracing.Editor.Tests.dll not valid. Loading of assembly skipped.
Assembly UnityEditor.UI.Common.Tests.dll at Library/ScriptAssemblies/UnityEditor.UI.Common.Tests.dll not valid. Loading of assembly skipped.
Assembly UnityEditor.UI.EditorTests.dll at Library/ScriptAssemblies/UnityEditor.UI.EditorTests.dll not valid. Loading of assembly skipped.
Assembly UnityEngine.UI.Tests.dll at Library/ScriptAssemblies/UnityEngine.UI.Tests.dll not valid. Loading of assembly skipped.
Native extension for WindowsStandalone target not found
Native extension for WebGL target not found
[Package Manager] Failed to launch server process. Reason: Unity was launched with the -noUpm command-line argument
[Package Manager] Unable to send message (not connected to server process).
[Package Manager] Cannot connect to Unity Package Manager local server
[Package Manager] Failed to launch server process. Reason: Unity was launched with the -noUpm command-line argument
[Package Manager] Unable to send message (not connected to server process).
[Package Manager] Cannot connect to Unity Package Manager local server
ScheduleIndexationOnStartup MainProcess:False IndexOnStartup:True
Mono: successfully reloaded assembly
- Finished resetting the current domain, in  0.635 seconds
Domain Reload Profiling: 1309ms
	BeginReloadAssembly (180ms)
		DisableScriptedObjects (12ms)
		CreateAndSetChildDomain (43ms)
	RebuildCommonClasses (31ms)
	RebuildNativeTypeToScriptingClass (12ms)
	initialDomainReloadingComplete (54ms)
	LoadAllAssembliesAndSetupDomain (396ms)
		LoadAssemblies (277ms)
		AnalyzeDomain (185ms)
			TypeCache.Refresh (8ms)
			BuildScriptInfoCaches (166ms)
			ResolveRequiredComponents (9ms)
	FinalizeReload (636ms)
		SetupLoadedEditorAssemblies (0ms)
			BeforeProcessingInitializeOnLoad (134ms)
			ProcessInitializeOnLoadAttributes (253ms)
			ProcessInitializeOnLoadMethodAttributes (80ms)
			AfterProcessingInitializeOnLoad (5ms)
		AwakeInstancesAfterBackupRestoration (14ms)
Unloading 24 Unused Serialized files (Serialized files now loaded: 0)
Unloading 7302 unused Assets / (5.5 MB). Loaded Objects now: 8239.
Memory consumption went from 203.8 MB to 198.3 MB.
Total: 9.518600 ms (FindLiveObjects: 0.754300 ms CreateObjectMapping: 0.626000 ms MarkObjects: 4.982200 ms  DeleteObjects: 3.154300 ms)

Prepare: number of updated asset objects reloaded= 0
========================================================================
Received Prepare
Begin MonoManager ReloadAssembly
[Licensing::Client] Successfully resolved entitlement details
Assembly Assembly-CSharp-Editor-firstpass.dll at Library/ScriptAssemblies/Assembly-CSharp-Editor-firstpass.dll not valid. Loading of assembly skipped.
Assembly Assembly-CSharp-Editor.dll at Library/ScriptAssemblies/Assembly-CSharp-Editor.dll not valid. Loading of assembly skipped.
Assembly Assembly-CSharp-firstpass.dll at Library/ScriptAssemblies/Assembly-CSharp-firstpass.dll not valid. Loading of assembly skipped.
Assembly DocCodeExamples.dll at Library/ScriptAssemblies/DocCodeExamples.dll not valid. Loading of assembly skipped.
Assembly TestNewCustomAssembly.dll at Library/ScriptAssemblies/TestNewCustomAssembly.dll not valid. Loading of assembly skipped.
Assembly Unity.2D.Animation.EditorTests.dll at Library/ScriptAssemblies/Unity.2D.Animation.EditorTests.dll not valid. Loading of assembly skipped.
Assembly Unity.2D.Aseprite.EditorTests.dll at Library/ScriptAssemblies/Unity.2D.Aseprite.EditorTests.dll not valid. Loading of assembly skipped.
Assembly Unity.2D.Common.EditorTests.dll at Library/ScriptAssemblies/Unity.2D.Common.EditorTests.dll not valid. Loading of assembly skipped.
Assembly Unity.2D.Psdimporter.EditorTests.dll at Library/ScriptAssemblies/Unity.2D.Psdimporter.EditorTests.dll not valid. Loading of assembly skipped.
Assembly Unity.2D.Sprite.Package.EditorTests.dll at Library/ScriptAssemblies/Unity.2D.Sprite.Package.EditorTests.dll not valid. Loading of assembly skipped.
Assembly Unity.2D.SpriteShape.EditorTests.dll at Library/ScriptAssemblies/Unity.2D.SpriteShape.EditorTests.dll not valid. Loading of assembly skipped.
Assembly Unity.2D.Tilemap.Package.EditorTests.dll at Library/ScriptAssemblies/Unity.2D.Tilemap.Package.EditorTests.dll not valid. Loading of assembly skipped.
Assembly Unity.Collections.BurstCompatibilityGen.dll at Library/ScriptAssemblies/Unity.Collections.BurstCompatibilityGen.dll not valid. Loading of assembly skipped.
Assembly Unity.Collections.DocCodeSamples.dll at Library/ScriptAssemblies/Unity.Collections.DocCodeSamples.dll not valid. Loading of assembly skipped.
Assembly Unity.Collections.PerformanceTests.dll at Library/ScriptAssemblies/Unity.Collections.PerformanceTests.dll not valid. Loading of assembly skipped.
Assembly Unity.Collections.Tests.dll at Library/ScriptAssemblies/Unity.Collections.Tests.dll not valid. Loading of assembly skipped.
Assembly Unity.Collections.Tests.Playmode.dll at Library/ScriptAssemblies/Unity.Collections.Tests.Playmode.dll not valid. Loading of assembly skipped.
Assembly Unity.InputSystem.IntegrationTests.dll at Library/ScriptAssemblies/Unity.InputSystem.IntegrationTests.dll not valid. Loading of assembly skipped.
Assembly Unity.Mathematics.Tests.dll at Library/ScriptAssemblies/Unity.Mathematics.Tests.dll not valid. Loading of assembly skipped.
Assembly Unity.Multiplayer.Center.Editor.Tests.dll at Library/ScriptAssemblies/Unity.Multiplayer.Center.Editor.Tests.dll not valid. Loading of assembly skipped.
Assembly Unity.Multiplayer.Center.Tests.dll at Library/ScriptAssemblies/Unity.Multiplayer.Center.Tests.dll not valid. Loading of assembly skipped.
Assembly Unity.Nuget.Mono-Cecil.dll at Library/ScriptAssemblies/Unity.Nuget.Mono-Cecil.dll not valid. Loading of assembly skipped.
Assembly Unity.PathTracing.Editor.Tests.dll at Library/ScriptAssemblies/Unity.PathTracing.Editor.Tests.dll not valid. Loading of assembly skipped.
Assembly Unity.PathTracing.Runtime.Tests.dll at Library/ScriptAssemblies/Unity.PathTracing.Runtime.Tests.dll not valid. Loading of assembly skipped.
Assembly Unity.RenderPipelines.Core.Editor.Tests.dll at Library/ScriptAssemblies/Unity.RenderPipelines.Core.Editor.Tests.dll not valid. Loading of assembly skipped.
Assembly Unity.RenderPipelines.Core.Runtime.Tests.dll at Library/ScriptAssemblies/Unity.RenderPipelines.Core.Runtime.Tests.dll not valid. Loading of assembly skipped.
Assembly Unity.RenderPipelines.Universal.Config.Editor.Tests.dll at Library/ScriptAssemblies/Unity.RenderPipelines.Universal.Config.Editor.Tests.dll not valid. Loading of assembly skipped.
Assembly Unity.RenderPipelines.Universal.Editor.Tests.dll at Library/ScriptAssemblies/Unity.RenderPipelines.Universal.Editor.Tests.dll not valid. Loading of assembly skipped.
Assembly Unity.RenderPipelines.Universal.Runtime.Tests.dll at Library/ScriptAssemblies/Unity.RenderPipelines.Universal.Runtime.Tests.dll not valid. Loading of assembly skipped.
Assembly Unity.Searcher.EditorTests.dll at Library/ScriptAssemblies/Unity.Searcher.EditorTests.dll not valid. Loading of assembly skipped.
Assembly Unity.ShaderGraph.Editor.Tests.dll at Library/ScriptAssemblies/Unity.ShaderGraph.Editor.Tests.dll not valid. Loading of assembly skipped.
Assembly Unity.TextMeshPro.Editor.Tests.dll at Library/ScriptAssemblies/Unity.TextMeshPro.Editor.Tests.dll not valid. Loading of assembly skipped.
Assembly Unity.TextMeshPro.Tests.dll at Library/ScriptAssemblies/Unity.TextMeshPro.Tests.dll not valid. Loading of assembly skipped.
Assembly Unity.UnifiedRayTracing.Editor.Tests.dll at Library/ScriptAssemblies/Unity.UnifiedRayTracing.Editor.Tests.dll not valid. Loading of assembly skipped.
Assembly UnityEditor.UI.Common.Tests.dll at Library/ScriptAssemblies/UnityEditor.UI.Common.Tests.dll not valid. Loading of assembly skipped.
Assembly UnityEditor.UI.EditorTests.dll at Library/ScriptAssemblies/UnityEditor.UI.EditorTests.dll not valid. Loading of assembly skipped.
Assembly UnityEngine.UI.Tests.dll at Library/ScriptAssemblies/UnityEngine.UI.Tests.dll not valid. Loading of assembly skipped.
Native extension for WindowsStandalone target not found
Native extension for WebGL target not found
[Package Manager] Failed to launch server process. Reason: Unity was launched with the -noUpm command-line argument
[Package Manager] Unable to send message (not connected to server process).
[Package Manager] Cannot connect to Unity Package Manager local server
[Package Manager] Failed to launch server process. Reason: Unity was launched with the -noUpm command-line argument
[Package Manager] Unable to send message (not connected to server process).
[Package Manager] Cannot connect to Unity Package Manager local server
ScheduleIndexationOnStartup MainProcess:False IndexOnStartup:True
Mono: successfully reloaded assembly
- Finished resetting the current domain, in  0.623 seconds
Domain Reload Profiling: 1275ms
	BeginReloadAssembly (174ms)
		DisableScriptedObjects (11ms)
		CreateAndSetChildDomain (36ms)
	RebuildCommonClasses (31ms)
	RebuildNativeTypeToScriptingClass (11ms)
	initialDomainReloadingComplete (49ms)
	LoadAllAssembliesAndSetupDomain (387ms)
		LoadAssemblies (270ms)
		AnalyzeDomain (181ms)
			TypeCache.Refresh (8ms)
			BuildScriptInfoCaches (162ms)
			ResolveRequiredComponents (9ms)
	FinalizeReload (623ms)
		SetupLoadedEditorAssemblies (0ms)
			InitializePlatformSupportModulesInManaged (3ms)
			BeforeProcessingInitializeOnLoad (134ms)
			ProcessInitializeOnLoadAttributes (241ms)
			ProcessInitializeOnLoadMethodAttributes (74ms)
			AfterProcessingInitializeOnLoad (4ms)
		AwakeInstancesAfterBackupRestoration (12ms)
Unloading 24 Unused Serialized files (Serialized files now loaded: 0)
Unloading 7302 unused Assets / (5.5 MB). Loaded Objects now: 8242.
Memory consumption went from 206.9 MB to 201.4 MB.
Total: 9.349000 ms (FindLiveObjects: 0.744800 ms CreateObjectMapping: 0.604800 ms MarkObjects: 5.291100 ms  DeleteObjects: 2.706700 ms)

Prepare: number of updated asset objects reloaded= 0
========================================================================
Received Prepare
Unloading 24 Unused Serialized files (Serialized files now loaded: 0)
Unloading 7288 unused Assets / (5.4 MB). Loaded Objects now: 8243.
Memory consumption went from 210.1 MB to 204.7 MB.
Total: 9.611000 ms (FindLiveObjects: 0.715100 ms CreateObjectMapping: 0.534600 ms MarkObjects: 5.929100 ms  DeleteObjects: 2.431000 ms)

Prepare: number of updated asset objects reloaded= 0
========================================================================
Received Import Request.
  Time since last request: 4461.411480 seconds.
  path: Assets/FieldEntrance.cs
  importAddress: Guid(500bb35468697e640807e8eb5d1a9b57) Importer(815301076,1909f56bfc062723c751e8b465ee728b)
Start importing Assets/FieldEntrance.cs using Guid(500bb35468697e640807e8eb5d1a9b57) Importer(815301076,1909f56bfc062723c751e8b465ee728b) (PreviewImporter) -> (Import Result ID: 'abf1059405683ae0b45fe021ac637964') in 0.0040284 seconds [static and dynamic dependencies]. Details - ImportResultOutputID=256ffccee7b41d56846d707e2d24f138 DependenciesID=4979ead3ba8db50c8e4f658fbd8221a9 StaticDependenciesID=e63c997f9e7f402ebcd37cd0a8e45e70 
Number of updated asset objects reloaded before import = 0Number of asset objects unloaded after import = 0

========================================================================
Received Prepare
Begin MonoManager ReloadAssembly
[Licensing::Client] Successfully resolved entitlement details
Assembly Assembly-CSharp-Editor-firstpass.dll at Library/ScriptAssemblies/Assembly-CSharp-Editor-firstpass.dll not valid. Loading of assembly skipped.
Assembly Assembly-CSharp-Editor.dll at Library/ScriptAssemblies/Assembly-CSharp-Editor.dll not valid. Loading of assembly skipped.
Assembly Assembly-CSharp-firstpass.dll at Library/ScriptAssemblies/Assembly-CSharp-firstpass.dll not valid. Loading of assembly skipped.
Assembly DocCodeExamples.dll at Library/ScriptAssemblies/DocCodeExamples.dll not valid. Loading of assembly skipped.
Assembly TestNewCustomAssembly.dll at Library/ScriptAssemblies/TestNewCustomAssembly.dll not valid. Loading of assembly skipped.
Assembly Unity.2D.Animation.EditorTests.dll at Library/ScriptAssemblies/Unity.2D.Animation.EditorTests.dll not valid. Loading of assembly skipped.
Assembly Unity.2D.Aseprite.EditorTests.dll at Library/ScriptAssemblies/Unity.2D.Aseprite.EditorTests.dll not valid. Loading of assembly skipped.
Assembly Unity.2D.Common.EditorTests.dll at Library/ScriptAssemblies/Unity.2D.Common.EditorTests.dll not valid. Loading of assembly skipped.
Assembly Unity.2D.Psdimporter.EditorTests.dll at Library/ScriptAssemblies/Unity.2D.Psdimporter.EditorTests.dll not valid. Loading of assembly skipped.
Assembly Unity.2D.Sprite.Package.EditorTests.dll at Library/ScriptAssemblies/Unity.2D.Sprite.Package.EditorTests.dll not valid. Loading of assembly skipped.
Assembly Unity.2D.SpriteShape.EditorTests.dll at Library/ScriptAssemblies/Unity.2D.SpriteShape.EditorTests.dll not valid. Loading of assembly skipped.
Assembly Unity.2D.Tilemap.Package.EditorTests.dll at Library/ScriptAssemblies/Unity.2D.Tilemap.Package.EditorTests.dll not valid. Loading of assembly skipped.
Assembly Unity.Collections.BurstCompatibilityGen.dll at Library/ScriptAssemblies/Unity.Collections.BurstCompatibilityGen.dll not valid. Loading of assembly skipped.
Assembly Unity.Collections.DocCodeSamples.dll at Library/ScriptAssemblies/Unity.Collections.DocCodeSamples.dll not valid. Loading of assembly skipped.
Assembly Unity.Collections.PerformanceTests.dll at Library/ScriptAssemblies/Unity.Collections.PerformanceTests.dll not valid. Loading of assembly skipped.
Assembly Unity.Collections.Tests.dll at Library/ScriptAssemblies/Unity.Collections.Tests.dll not valid. Loading of assembly skipped.
Assembly Unity.Collections.Tests.Playmode.dll at Library/ScriptAssemblies/Unity.Collections.Tests.Playmode.dll not valid. Loading of assembly skipped.
Assembly Unity.InputSystem.IntegrationTests.dll at Library/ScriptAssemblies/Unity.InputSystem.IntegrationTests.dll not valid. Loading of assembly skipped.
Assembly Unity.Mathematics.Tests.dll at Library/ScriptAssemblies/Unity.Mathematics.Tests.dll not valid. Loading of assembly skipped.
Assembly Unity.Multiplayer.Center.Editor.Tests.dll at Library/ScriptAssemblies/Unity.Multiplayer.Center.Editor.Tests.dll not valid. Loading of assembly skipped.
Assembly Unity.Multiplayer.Center.Tests.dll at Library/ScriptAssemblies/Unity.Multiplayer.Center.Tests.dll not valid. Loading of assembly skipped.
Assembly Unity.Nuget.Mono-Cecil.dll at Library/ScriptAssemblies/Unity.Nuget.Mono-Cecil.dll not valid. Loading of assembly skipped.
Assembly Unity.PathTracing.Editor.Tests.dll at Library/ScriptAssemblies/Unity.PathTracing.Editor.Tests.dll not valid. Loading of assembly skipped.
Assembly Unity.PathTracing.Runtime.Tests.dll at Library/ScriptAssemblies/Unity.PathTracing.Runtime.Tests.dll not valid. Loading of assembly skipped.
Assembly Unity.RenderPipelines.Core.Editor.Tests.dll at Library/ScriptAssemblies/Unity.RenderPipelines.Core.Editor.Tests.dll not valid. Loading of assembly skipped.
Assembly Unity.RenderPipelines.Core.Runtime.Tests.dll at Library/ScriptAssemblies/Unity.RenderPipelines.Core.Runtime.Tests.dll not valid. Loading of assembly skipped.
Assembly Unity.RenderPipelines.Universal.Config.Editor.Tests.dll at Library/ScriptAssemblies/Unity.RenderPipelines.Universal.Config.Editor.Tests.dll not valid. Loading of assembly skipped.
Assembly Unity.RenderPipelines.Universal.Editor.Tests.dll at Library/ScriptAssemblies/Unity.RenderPipelines.Universal.Editor.Tests.dll not valid. Loading of assembly skipped.
Assembly Unity.RenderPipelines.Universal.Runtime.Tests.dll at Library/ScriptAssemblies/Unity.RenderPipelines.Universal.Runtime.Tests.dll not valid. Loading of assembly skipped.
Assembly Unity.Searcher.EditorTests.dll at Library/ScriptAssemblies/Unity.Searcher.EditorTests.dll not valid. Loading of assembly skipped.
Assembly Unity.ShaderGraph.Editor.Tests.dll at Library/ScriptAssemblies/Unity.ShaderGraph.Editor.Tests.dll not valid. Loading of assembly skipped.
Assembly Unity.TextMeshPro.Editor.Tests.dll at Library/ScriptAssemblies/Unity.TextMeshPro.Editor.Tests.dll not valid. Loading of assembly skipped.
Assembly Unity.TextMeshPro.Tests.dll at Library/ScriptAssemblies/Unity.TextMeshPro.Tests.dll not valid. Loading of assembly skipped.
Assembly Unity.UnifiedRayTracing.Editor.Tests.dll at Library/ScriptAssemblies/Unity.UnifiedRayTracing.Editor.Tests.dll not valid. Loading of assembly skipped.
Assembly UnityEditor.UI.Common.Tests.dll at Library/ScriptAssemblies/UnityEditor.UI.Common.Tests.dll not valid. Loading of assembly skipped.
Assembly UnityEditor.UI.EditorTests.dll at Library/ScriptAssemblies/UnityEditor.UI.EditorTests.dll not valid. Loading of assembly skipped.
Assembly UnityEngine.UI.Tests.dll at Library/ScriptAssemblies/UnityEngine.UI.Tests.dll not valid. Loading of assembly skipped.
Native extension for WindowsStandalone target not found
Native extension for WebGL target not found
[Package Manager] Failed to launch server process. Reason: Unity was launched with the -noUpm command-line argument
[Package Manager] Unable to send message (not connected to server process).
[Package Manager] Cannot connect to Unity Package Manager local server
[Package Manager] Failed to launch server process. Reason: Unity was launched with the -noUpm command-line argument
[Package Manager] Unable to send message (not connected to server process).
[Package Manager] Cannot connect to Unity Package Manager local server
ScheduleIndexationOnStartup MainProcess:False IndexOnStartup:True
Mono: successfully reloaded assembly
- Finished resetting the current domain, in  0.715 seconds
Domain Reload Profiling: 2168ms
	BeginReloadAssembly (416ms)
		DisableScriptedObjects (28ms)
		CreateAndSetChildDomain (73ms)
	RebuildCommonClasses (74ms)
	RebuildNativeTypeToScriptingClass (24ms)
	initialDomainReloadingComplete (123ms)
	LoadAllAssembliesAndSetupDomain (815ms)
		LoadAssemblies (771ms)
		AnalyzeDomain (237ms)
			TypeCache.Refresh (28ms)
			BuildScriptInfoCaches (198ms)
			ResolveRequiredComponents (10ms)
	FinalizeReload (716ms)
		SetupLoadedEditorAssemblies (0ms)
			BeforeProcessingInitializeOnLoad (160ms)
			ProcessInitializeOnLoadAttributes (280ms)
			ProcessInitializeOnLoadMethodAttributes (77ms)
			AfterProcessingInitializeOnLoad (4ms)
		AwakeInstancesAfterBackupRestoration (13ms)
Unloading 24 Unused Serialized files (Serialized files now loaded: 0)
Unloading 7303 unused Assets / (6.1 MB). Loaded Objects now: 8246.
Memory consumption went from 173.4 MB to 167.3 MB.
Total: 8.867300 ms (FindLiveObjects: 0.769200 ms CreateObjectMapping: 0.589600 ms MarkObjects: 4.501800 ms  DeleteObjects: 3.004800 ms)

Prepare: number of updated asset objects reloaded= 0
========================================================================
Received Import Request.
  Time since last request: 68.203564 seconds.
  path: Assets/Scenes/FlowerFieldArt.png
  importAddress: Guid(13c858c244740464da15655896f3e3b2) Importer(2089858483,b0f066a214c2f5e87bad3c948f4d605d)
Start importing Assets/Scenes/FlowerFieldArt.png using Guid(13c858c244740464da15655896f3e3b2) Importer(2089858483,b0f066a214c2f5e87bad3c948f4d605d) (ScriptedImporter) -> (Import Result ID: '0cd01c9778e3ee9dcba2b0b9a1c5bde8') in 0.1598283 seconds [static and dynamic dependencies]. Details - ImportResultOutputID=bfb18376d683d2e314d3a74c441132e1 DependenciesID=c08198770aabea3e2805ce9e8daa4c44 StaticDependenciesID=ea33f2529cc082565051d64d3a3fed1f 
Number of updated asset objects reloaded before import = 0Number of asset objects unloaded after import = 3

========================================================================
Received Prepare
Unloading 24 Unused Serialized files (Serialized files now loaded: 0)
Unloading 7288 unused Assets / (5.6 MB). Loaded Objects now: 8246.
Memory consumption went from 173.7 MB to 168.0 MB.
Total: 7.787500 ms (FindLiveObjects: 0.662400 ms CreateObjectMapping: 0.568300 ms MarkObjects: 4.173700 ms  DeleteObjects: 2.382100 ms)

Prepare: number of updated asset objects reloaded= 0
========================================================================
Received Import Request.
  Time since last request: 1.024041 seconds.
  path: Assets/FieldEntranceTrigger.cs
  importAddress: Guid(500bb35468697e640807e8eb5d1a9b57) Importer(815301076,1909f56bfc062723c751e8b465ee728b)
Start importing Assets/FieldEntranceTrigger.cs using Guid(500bb35468697e640807e8eb5d1a9b57) Importer(815301076,1909f56bfc062723c751e8b465ee728b) (PreviewImporter) -> (Import Result ID: '2cb74cfd9e6680c0ac04b4db163091ad') in 0.0023331 seconds [static and dynamic dependencies]. Details - ImportResultOutputID=256ffccee7b41d56846d707e2d24f138 DependenciesID=e90270030f0b57ee810b2193ab7c3314 StaticDependenciesID=7b26f137c041a4d5caa298e2f847eb4b 
Number of updated asset objects reloaded before import = 0Number of asset objects unloaded after import = 0

========================================================================
Received Prepare
Begin MonoManager ReloadAssembly
[Licensing::Client] Successfully resolved entitlement details
Assembly Assembly-CSharp-Editor-firstpass.dll at Library/ScriptAssemblies/Assembly-CSharp-Editor-firstpass.dll not valid. Loading of assembly skipped.
Assembly Assembly-CSharp-Editor.dll at Library/ScriptAssemblies/Assembly-CSharp-Editor.dll not valid. Loading of assembly skipped.
Assembly Assembly-CSharp-firstpass.dll at Library/ScriptAssemblies/Assembly-CSharp-firstpass.dll not valid. Loading of assembly skipped.
Assembly DocCodeExamples.dll at Library/ScriptAssemblies/DocCodeExamples.dll not valid. Loading of assembly skipped.
Assembly TestNewCustomAssembly.dll at Library/ScriptAssemblies/TestNewCustomAssembly.dll not valid. Loading of assembly skipped.
Assembly Unity.2D.Animation.EditorTests.dll at Library/ScriptAssemblies/Unity.2D.Animation.EditorTests.dll not valid. Loading of assembly skipped.
Assembly Unity.2D.Aseprite.EditorTests.dll at Library/ScriptAssemblies/Unity.2D.Aseprite.EditorTests.dll not valid. Loading of assembly skipped.
Assembly Unity.2D.Common.EditorTests.dll at Library/ScriptAssemblies/Unity.2D.Common.EditorTests.dll not valid. Loading of assembly skipped.
Assembly Unity.2D.Psdimporter.EditorTests.dll at Library/ScriptAssemblies/Unity.2D.Psdimporter.EditorTests.dll not valid. Loading of assembly skipped.
Assembly Unity.2D.Sprite.Package.EditorTests.dll at Library/ScriptAssemblies/Unity.2D.Sprite.Package.EditorTests.dll not valid. Loading of assembly skipped.
Assembly Unity.2D.SpriteShape.EditorTests.dll at Library/ScriptAssemblies/Unity.2D.SpriteShape.EditorTests.dll not valid. Loading of assembly skipped.
Assembly Unity.2D.Tilemap.Package.EditorTests.dll at Library/ScriptAssemblies/Unity.2D.Tilemap.Package.EditorTests.dll not valid. Loading of assembly skipped.
Assembly Unity.Collections.BurstCompatibilityGen.dll at Library/ScriptAssemblies/Unity.Collections.BurstCompatibilityGen.dll not valid. Loading of assembly skipped.
Assembly Unity.Collections.DocCodeSamples.dll at Library/ScriptAssemblies/Unity.Collections.DocCodeSamples.dll not valid. Loading of assembly skipped.
Assembly Unity.Collections.PerformanceTests.dll at Library/ScriptAssemblies/Unity.Collections.PerformanceTests.dll not valid. Loading of assembly skipped.
Assembly Unity.Collections.Tests.dll at Library/ScriptAssemblies/Unity.Collections.Tests.dll not valid. Loading of assembly skipped.
Assembly Unity.Collections.Tests.Playmode.dll at Library/ScriptAssemblies/Unity.Collections.Tests.Playmode.dll not valid. Loading of assembly skipped.
Assembly Unity.InputSystem.IntegrationTests.dll at Library/ScriptAssemblies/Unity.InputSystem.IntegrationTests.dll not valid. Loading of assembly skipped.
Assembly Unity.Mathematics.Tests.dll at Library/ScriptAssemblies/Unity.Mathematics.Tests.dll not valid. Loading of assembly skipped.
Assembly Unity.Multiplayer.Center.Editor.Tests.dll at Library/ScriptAssemblies/Unity.Multiplayer.Center.Editor.Tests.dll not valid. Loading of assembly skipped.
Assembly Unity.Multiplayer.Center.Tests.dll at Library/ScriptAssemblies/Unity.Multiplayer.Center.Tests.dll not valid. Loading of assembly skipped.
Assembly Unity.Nuget.Mono-Cecil.dll at Library/ScriptAssemblies/Unity.Nuget.Mono-Cecil.dll not valid. Loading of assembly skipped.
Assembly Unity.PathTracing.Editor.Tests.dll at Library/ScriptAssemblies/Unity.PathTracing.Editor.Tests.dll not valid. Loading of assembly skipped.
Assembly Unity.PathTracing.Runtime.Tests.dll at Library/ScriptAssemblies/Unity.PathTracing.Runtime.Tests.dll not valid. Loading of assembly skipped.
Assembly Unity.RenderPipelines.Core.Editor.Tests.dll at Library/ScriptAssemblies/Unity.RenderPipelines.Core.Editor.Tests.dll not valid. Loading of assembly skipped.
Assembly Unity.RenderPipelines.Core.Runtime.Tests.dll at Library/ScriptAssemblies/Unity.RenderPipelines.Core.Runtime.Tests.dll not valid. Loading of assembly skipped.
Assembly Unity.RenderPipelines.Universal.Config.Editor.Tests.dll at Library/ScriptAssemblies/Unity.RenderPipelines.Universal.Config.Editor.Tests.dll not valid. Loading of assembly skipped.
Assembly Unity.RenderPipelines.Universal.Editor.Tests.dll at Library/ScriptAssemblies/Unity.RenderPipelines.Universal.Editor.Tests.dll not valid. Loading of assembly skipped.
Assembly Unity.RenderPipelines.Universal.Runtime.Tests.dll at Library/ScriptAssemblies/Unity.RenderPipelines.Universal.Runtime.Tests.dll not valid. Loading of assembly skipped.
Assembly Unity.Searcher.EditorTests.dll at Library/ScriptAssemblies/Unity.Searcher.EditorTests.dll not valid. Loading of assembly skipped.
Assembly Unity.ShaderGraph.Editor.Tests.dll at Library/ScriptAssemblies/Unity.ShaderGraph.Editor.Tests.dll not valid. Loading of assembly skipped.
Assembly Unity.TextMeshPro.Editor.Tests.dll at Library/ScriptAssemblies/Unity.TextMeshPro.Editor.Tests.dll not valid. Loading of assembly skipped.
Assembly Unity.TextMeshPro.Tests.dll at Library/ScriptAssemblies/Unity.TextMeshPro.Tests.dll not valid. Loading of assembly skipped.
Assembly Unity.UnifiedRayTracing.Editor.Tests.dll at Library/ScriptAssemblies/Unity.UnifiedRayTracing.Editor.Tests.dll not valid. Loading of assembly skipped.
Assembly UnityEditor.UI.Common.Tests.dll at Library/ScriptAssemblies/UnityEditor.UI.Common.Tests.dll not valid. Loading of assembly skipped.
Assembly UnityEditor.UI.EditorTests.dll at Library/ScriptAssemblies/UnityEditor.UI.EditorTests.dll not valid. Loading of assembly skipped.
Assembly UnityEngine.UI.Tests.dll at Library/ScriptAssemblies/UnityEngine.UI.Tests.dll not valid. Loading of assembly skipped.
Native extension for WindowsStandalone target not found
Native extension for WebGL target not found
[Package Manager] Failed to launch server process. Reason: Unity was launched with the -noUpm command-line argument
[Package Manager] Unable to send message (not connected to server process).
[Package Manager] Cannot connect to Unity Package Manager local server
[Package Manager] Failed to launch server process. Reason: Unity was launched with the -noUpm command-line argument
[Package Manager] Unable to send message (not connected to server process).
[Package Manager] Cannot connect to Unity Package Manager local server
ScheduleIndexationOnStartup MainProcess:False IndexOnStartup:True
Mono: successfully reloaded assembly
- Finished resetting the current domain, in  0.842 seconds
Domain Reload Profiling: 2058ms
	BeginReloadAssembly (376ms)
		DisableScriptedObjects (26ms)
		CreateAndSetChildDomain (70ms)
	RebuildCommonClasses (68ms)
	RebuildNativeTypeToScriptingClass (26ms)
	initialDomainReloadingComplete (112ms)
	LoadAllAssembliesAndSetupDomain (633ms)
		LoadAssemblies (551ms)
		AnalyzeDomain (246ms)
			TypeCache.Refresh (16ms)
			BuildScriptInfoCaches (214ms)
			ResolveRequiredComponents (14ms)
	FinalizeReload (843ms)
		SetupLoadedEditorAssemblies (0ms)
			InitializePlatformSupportModulesInManaged (3ms)
			BeforeProcessingInitializeOnLoad (184ms)
			ProcessInitializeOnLoadAttributes (345ms)
			ProcessInitializeOnLoadMethodAttributes (92ms)
			AfterProcessingInitializeOnLoad (4ms)
		AwakeInstancesAfterBackupRestoration (20ms)
Unloading 24 Unused Serialized files (Serialized files now loaded: 0)
Unloading 7303 unused Assets / (5.4 MB). Loaded Objects now: 8249.
Memory consumption went from 173.5 MB to 168.1 MB.
Total: 9.313400 ms (FindLiveObjects: 0.873200 ms CreateObjectMapping: 0.437700 ms MarkObjects: 5.400500 ms  DeleteObjects: 2.600600 ms)

Prepare: number of updated asset objects reloaded= 0
========================================================================
Received Import Request.
  Time since last request: 10.742040 seconds.
  path: Assets/FieldEntranceTrigger.cs
  importAddress: Guid(500bb35468697e640807e8eb5d1a9b57) Importer(815301076,1909f56bfc062723c751e8b465ee728b)
Start importing Assets/FieldEntranceTrigger.cs using Guid(500bb35468697e640807e8eb5d1a9b57) Importer(815301076,1909f56bfc062723c751e8b465ee728b) (PreviewImporter) -> (Import Result ID: '5a6c46dff75fedb761bf97e94e48b786') in 0.0030948 seconds [static and dynamic dependencies]. Details - ImportResultOutputID=256ffccee7b41d56846d707e2d24f138 DependenciesID=3472f01b324db61c45754db7cabad4c7 StaticDependenciesID=7b26f137c041a4d5caa298e2f847eb4b 
Number of updated asset objects reloaded before import = 0Number of asset objects unloaded after import = 0

========================================================================
Received Prepare
Begin MonoManager ReloadAssembly
Assembly Assembly-CSharp-Editor-firstpass.dll at Library/ScriptAssemblies/Assembly-CSharp-Editor-firstpass.dll not valid. Loading of assembly skipped.
Assembly Assembly-CSharp-Editor.dll at Library/ScriptAssemblies/Assembly-CSharp-Editor.dll not valid. Loading of assembly skipped.
Assembly Assembly-CSharp-firstpass.dll at Library/ScriptAssemblies/Assembly-CSharp-firstpass.dll not valid. Loading of assembly skipped.
Assembly DocCodeExamples.dll at Library/ScriptAssemblies/DocCodeExamples.dll not valid. Loading of assembly skipped.
Assembly TestNewCustomAssembly.dll at Library/ScriptAssemblies/TestNewCustomAssembly.dll not valid. Loading of assembly skipped.
Assembly Unity.2D.Animation.EditorTests.dll at Library/ScriptAssemblies/Unity.2D.Animation.EditorTests.dll not valid. Loading of assembly skipped.
Assembly Unity.2D.Aseprite.EditorTests.dll at Library/ScriptAssemblies/Unity.2D.Aseprite.EditorTests.dll not valid. Loading of assembly skipped.
Assembly Unity.2D.Common.EditorTests.dll at Library/ScriptAssemblies/Unity.2D.Common.EditorTests.dll not valid. Loading of assembly skipped.
Assembly Unity.2D.Psdimporter.EditorTests.dll at Library/ScriptAssemblies/Unity.2D.Psdimporter.EditorTests.dll not valid. Loading of assembly skipped.
Assembly Unity.2D.Sprite.Package.EditorTests.dll at Library/ScriptAssemblies/Unity.2D.Sprite.Package.EditorTests.dll not valid. Loading of assembly skipped.
Assembly Unity.2D.SpriteShape.EditorTests.dll at Library/ScriptAssemblies/Unity.2D.SpriteShape.EditorTests.dll not valid. Loading of assembly skipped.
Assembly Unity.2D.Tilemap.Package.EditorTests.dll at Library/ScriptAssemblies/Unity.2D.Tilemap.Package.EditorTests.dll not valid. Loading of assembly skipped.
Assembly Unity.Collections.BurstCompatibilityGen.dll at Library/ScriptAssemblies/Unity.Collections.BurstCompatibilityGen.dll not valid. Loading of assembly skipped.
Assembly Unity.Collections.DocCodeSamples.dll at Library/ScriptAssemblies/Unity.Collections.DocCodeSamples.dll not valid. Loading of assembly skipped.
Assembly Unity.Collections.PerformanceTests.dll at Library/ScriptAssemblies/Unity.Collections.PerformanceTests.dll not valid. Loading of assembly skipped.
Assembly Unity.Collections.Tests.dll at Library/ScriptAssemblies/Unity.Collections.Tests.dll not valid. Loading of assembly skipped.
Assembly Unity.Collections.Tests.Playmode.dll at Library/ScriptAssemblies/Unity.Collections.Tests.Playmode.dll not valid. Loading of assembly skipped.
Assembly Unity.InputSystem.IntegrationTests.dll at Library/ScriptAssemblies/Unity.InputSystem.IntegrationTests.dll not valid. Loading of assembly skipped.
Assembly Unity.Mathematics.Tests.dll at Library/ScriptAssemblies/Unity.Mathematics.Tests.dll not valid. Loading of assembly skipped.
Assembly Unity.Multiplayer.Center.Editor.Tests.dll at Library/ScriptAssemblies/Unity.Multiplayer.Center.Editor.Tests.dll not valid. Loading of assembly skipped.
Assembly Unity.Multiplayer.Center.Tests.dll at Library/ScriptAssemblies/Unity.Multiplayer.Center.Tests.dll not valid. Loading of assembly skipped.
Assembly Unity.Nuget.Mono-Cecil.dll at Library/ScriptAssemblies/Unity.Nuget.Mono-Cecil.dll not valid. Loading of assembly skipped.
Assembly Unity.PathTracing.Editor.Tests.dll at Library/ScriptAssemblies/Unity.PathTracing.Editor.Tests.dll not valid. Loading of assembly skipped.
Assembly Unity.PathTracing.Runtime.Tests.dll at Library/ScriptAssemblies/Unity.PathTracing.Runtime.Tests.dll not valid. Loading of assembly skipped.
Assembly Unity.RenderPipelines.Core.Editor.Tests.dll at Library/ScriptAssemblies/Unity.RenderPipelines.Core.Editor.Tests.dll not valid. Loading of assembly skipped.
Assembly Unity.RenderPipelines.Core.Runtime.Tests.dll at Library/ScriptAssemblies/Unity.RenderPipelines.Core.Runtime.Tests.dll not valid. Loading of assembly skipped.
Assembly Unity.RenderPipelines.Universal.Config.Editor.Tests.dll at Library/ScriptAssemblies/Unity.RenderPipelines.Universal.Config.Editor.Tests.dll not valid. Loading of assembly skipped.
Assembly Unity.RenderPipelines.Universal.Editor.Tests.dll at Library/ScriptAssemblies/Unity.RenderPipelines.Universal.Editor.Tests.dll not valid. Loading of assembly skipped.
Assembly Unity.RenderPipelines.Universal.Runtime.Tests.dll at Library/ScriptAssemblies/Unity.RenderPipelines.Universal.Runtime.Tests.dll not valid. Loading of assembly skipped.
Assembly Unity.Searcher.EditorTests.dll at Library/ScriptAssemblies/Unity.Searcher.EditorTests.dll not valid. Loading of assembly skipped.
Assembly Unity.ShaderGraph.Editor.Tests.dll at Library/ScriptAssemblies/Unity.ShaderGraph.Editor.Tests.dll not valid. Loading of assembly skipped.
Assembly Unity.TextMeshPro.Editor.Tests.dll at Library/ScriptAssemblies/Unity.TextMeshPro.Editor.Tests.dll not valid. Loading of assembly skipped.
Assembly Unity.TextMeshPro.Tests.dll at Library/ScriptAssemblies/Unity.TextMeshPro.Tests.dll not valid. Loading of assembly skipped.
Assembly Unity.UnifiedRayTracing.Editor.Tests.dll at Library/ScriptAssemblies/Unity.UnifiedRayTracing.Editor.Tests.dll not valid. Loading of assembly skipped.
Assembly UnityEditor.UI.Common.Tests.dll at Library/ScriptAssemblies/UnityEditor.UI.Common.Tests.dll not valid. Loading of assembly skipped.
Assembly UnityEditor.UI.EditorTests.dll at Library/ScriptAssemblies/UnityEditor.UI.EditorTests.dll not valid. Loading of assembly skipped.
Assembly UnityEngine.UI.Tests.dll at Library/ScriptAssemblies/UnityEngine.UI.Tests.dll not valid. Loading of assembly skipped.
Refreshing native plugins compatible for Editor in 3.21 ms, found 5 plugins.
Native extension for WindowsStandalone target not found
Native extension for WebGL target not found
[Package Manager] Failed to launch server process. Reason: Unity was launched with the -noUpm command-line argument
[Package Manager] Unable to send message (not connected to server process).
[Package Manager] Cannot connect to Unity Package Manager local server
[Package Manager] Failed to launch server process. Reason: Unity was launched with the -noUpm command-line argument
[Package Manager] Unable to send message (not connected to server process).
[Package Manager] Cannot connect to Unity Package Manager local server
ScheduleIndexationOnStartup MainProcess:False IndexOnStartup:True
Mono: successfully reloaded assembly
- Finished resetting the current domain, in  0.844 seconds
Domain Reload Profiling: 1725ms
	BeginReloadAssembly (240ms)
		DisableScriptedObjects (13ms)
		CreateAndSetChildDomain (58ms)
	RebuildCommonClasses (40ms)
	RebuildNativeTypeToScriptingClass (13ms)
	initialDomainReloadingComplete (62ms)
	LoadAllAssembliesAndSetupDomain (525ms)
		LoadAssemblies (384ms)
		AnalyzeDomain (223ms)
			TypeCache.Refresh (11ms)
			BuildScriptInfoCaches (197ms)
			ResolveRequiredComponents (13ms)
	FinalizeReload (844ms)
		SetupLoadedEditorAssemblies (0ms)
			BeforeProcessingInitializeOnLoad (181ms)
			ProcessInitializeOnLoadAttributes (340ms)
			ProcessInitializeOnLoadMethodAttributes (100ms)
			AfterProcessingInitializeOnLoad (4ms)
		AwakeInstancesAfterBackupRestoration (17ms)
Unloading 24 Unused Serialized files (Serialized files now loaded: 0)
Unloading 7303 unused Assets / (5.8 MB). Loaded Objects now: 8252.
Memory consumption went from 173.5 MB to 167.8 MB.
Total: 9.888300 ms (FindLiveObjects: 0.892700 ms CreateObjectMapping: 0.949400 ms MarkObjects: 5.400900 ms  DeleteObjects: 2.642800 ms)

Prepare: number of updated asset objects reloaded= 0
========================================================================
Received Prepare
Begin MonoManager ReloadAssembly
[Licensing::Client] Successfully resolved entitlement details
Assembly Assembly-CSharp-Editor-firstpass.dll at Library/ScriptAssemblies/Assembly-CSharp-Editor-firstpass.dll not valid. Loading of assembly skipped.
Assembly Assembly-CSharp-Editor.dll at Library/ScriptAssemblies/Assembly-CSharp-Editor.dll not valid. Loading of assembly skipped.
Assembly Assembly-CSharp-firstpass.dll at Library/ScriptAssemblies/Assembly-CSharp-firstpass.dll not valid. Loading of assembly skipped.
Assembly DocCodeExamples.dll at Library/ScriptAssemblies/DocCodeExamples.dll not valid. Loading of assembly skipped.
Assembly TestNewCustomAssembly.dll at Library/ScriptAssemblies/TestNewCustomAssembly.dll not valid. Loading of assembly skipped.
Assembly Unity.2D.Animation.EditorTests.dll at Library/ScriptAssemblies/Unity.2D.Animation.EditorTests.dll not valid. Loading of assembly skipped.
Assembly Unity.2D.Aseprite.EditorTests.dll at Library/ScriptAssemblies/Unity.2D.Aseprite.EditorTests.dll not valid. Loading of assembly skipped.
Assembly Unity.2D.Common.EditorTests.dll at Library/ScriptAssemblies/Unity.2D.Common.EditorTests.dll not valid. Loading of assembly skipped.
Assembly Unity.2D.Psdimporter.EditorTests.dll at Library/ScriptAssemblies/Unity.2D.Psdimporter.EditorTests.dll not valid. Loading of assembly skipped.
Assembly Unity.2D.Sprite.Package.EditorTests.dll at Library/ScriptAssemblies/Unity.2D.Sprite.Package.EditorTests.dll not valid. Loading of assembly skipped.
Assembly Unity.2D.SpriteShape.EditorTests.dll at Library/ScriptAssemblies/Unity.2D.SpriteShape.EditorTests.dll not valid. Loading of assembly skipped.
Assembly Unity.2D.Tilemap.Package.EditorTests.dll at Library/ScriptAssemblies/Unity.2D.Tilemap.Package.EditorTests.dll not valid. Loading of assembly skipped.
Assembly Unity.Collections.BurstCompatibilityGen.dll at Library/ScriptAssemblies/Unity.Collections.BurstCompatibilityGen.dll not valid. Loading of assembly skipped.
Assembly Unity.Collections.DocCodeSamples.dll at Library/ScriptAssemblies/Unity.Collections.DocCodeSamples.dll not valid. Loading of assembly skipped.
Assembly Unity.Collections.PerformanceTests.dll at Library/ScriptAssemblies/Unity.Collections.PerformanceTests.dll not valid. Loading of assembly skipped.
Assembly Unity.Collections.Tests.dll at Library/ScriptAssemblies/Unity.Collections.Tests.dll not valid. Loading of assembly skipped.
Assembly Unity.Collections.Tests.Playmode.dll at Library/ScriptAssemblies/Unity.Collections.Tests.Playmode.dll not valid. Loading of assembly skipped.
Assembly Unity.InputSystem.IntegrationTests.dll at Library/ScriptAssemblies/Unity.InputSystem.IntegrationTests.dll not valid. Loading of assembly skipped.
Assembly Unity.Mathematics.Tests.dll at Library/ScriptAssemblies/Unity.Mathematics.Tests.dll not valid. Loading of assembly skipped.
Assembly Unity.Multiplayer.Center.Editor.Tests.dll at Library/ScriptAssemblies/Unity.Multiplayer.Center.Editor.Tests.dll not valid. Loading of assembly skipped.
Assembly Unity.Multiplayer.Center.Tests.dll at Library/ScriptAssemblies/Unity.Multiplayer.Center.Tests.dll not valid. Loading of assembly skipped.
Assembly Unity.Nuget.Mono-Cecil.dll at Library/ScriptAssemblies/Unity.Nuget.Mono-Cecil.dll not valid. Loading of assembly skipped.
Assembly Unity.PathTracing.Editor.Tests.dll at Library/ScriptAssemblies/Unity.PathTracing.Editor.Tests.dll not valid. Loading of assembly skipped.
Assembly Unity.PathTracing.Runtime.Tests.dll at Library/ScriptAssemblies/Unity.PathTracing.Runtime.Tests.dll not valid. Loading of assembly skipped.
Assembly Unity.RenderPipelines.Core.Editor.Tests.dll at Library/ScriptAssemblies/Unity.RenderPipelines.Core.Editor.Tests.dll not valid. Loading of assembly skipped.
Assembly Unity.RenderPipelines.Core.Runtime.Tests.dll at Library/ScriptAssemblies/Unity.RenderPipelines.Core.Runtime.Tests.dll not valid. Loading of assembly skipped.
Assembly Unity.RenderPipelines.Universal.Config.Editor.Tests.dll at Library/ScriptAssemblies/Unity.RenderPipelines.Universal.Config.Editor.Tests.dll not valid. Loading of assembly skipped.
Assembly Unity.RenderPipelines.Universal.Editor.Tests.dll at Library/ScriptAssemblies/Unity.RenderPipelines.Universal.Editor.Tests.dll not valid. Loading of assembly skipped.
Assembly Unity.RenderPipelines.Universal.Runtime.Tests.dll at Library/ScriptAssemblies/Unity.RenderPipelines.Universal.Runtime.Tests.dll not valid. Loading of assembly skipped.
Assembly Unity.Searcher.EditorTests.dll at Library/ScriptAssemblies/Unity.Searcher.EditorTests.dll not valid. Loading of assembly skipped.
Assembly Unity.ShaderGraph.Editor.Tests.dll at Library/ScriptAssemblies/Unity.ShaderGraph.Editor.Tests.dll not valid. Loading of assembly skipped.
Assembly Unity.TextMeshPro.Editor.Tests.dll at Library/ScriptAssemblies/Unity.TextMeshPro.Editor.Tests.dll not valid. Loading of assembly skipped.
Assembly Unity.TextMeshPro.Tests.dll at Library/ScriptAssemblies/Unity.TextMeshPro.Tests.dll not valid. Loading of assembly skipped.
Assembly Unity.UnifiedRayTracing.Editor.Tests.dll at Library/ScriptAssemblies/Unity.UnifiedRayTracing.Editor.Tests.dll not valid. Loading of assembly skipped.
Assembly UnityEditor.UI.Common.Tests.dll at Library/ScriptAssemblies/UnityEditor.UI.Common.Tests.dll not valid. Loading of assembly skipped.
Assembly UnityEditor.UI.EditorTests.dll at Library/ScriptAssemblies/UnityEditor.UI.EditorTests.dll not valid. Loading of assembly skipped.
Assembly UnityEngine.UI.Tests.dll at Library/ScriptAssemblies/UnityEngine.UI.Tests.dll not valid. Loading of assembly skipped.
Refreshing native plugins compatible for Editor in 2.42 ms, found 5 plugins.
Native extension for WindowsStandalone target not found
Native extension for WebGL target not found
[Package Manager] Failed to launch server process. Reason: Unity was launched with the -noUpm command-line argument
[Package Manager] Unable to send message (not connected to server process).
[Package Manager] Cannot connect to Unity Package Manager local server
[Package Manager] Failed to launch server process. Reason: Unity was launched with the -noUpm command-line argument
[Package Manager] Unable to send message (not connected to server process).
[Package Manager] Cannot connect to Unity Package Manager local server
ScheduleIndexationOnStartup MainProcess:False IndexOnStartup:True
Mono: successfully reloaded assembly
- Finished resetting the current domain, in  0.826 seconds
Domain Reload Profiling: 1796ms
	BeginReloadAssembly (219ms)
		DisableScriptedObjects (15ms)
		CreateAndSetChildDomain (42ms)
	RebuildCommonClasses (54ms)
	RebuildNativeTypeToScriptingClass (18ms)
	initialDomainReloadingComplete (82ms)
	LoadAllAssembliesAndSetupDomain (596ms)
		LoadAssemblies (421ms)
		AnalyzeDomain (266ms)
			TypeCache.Refresh (14ms)
			BuildScriptInfoCaches (236ms)
			ResolveRequiredComponents (14ms)
	FinalizeReload (826ms)
		SetupLoadedEditorAssemblies (0ms)
			InitializePlatformSupportModulesInManaged (3ms)
			BeforeProcessingInitializeOnLoad (172ms)
			ProcessInitializeOnLoadAttributes (318ms)
			ProcessInitializeOnLoadMethodAttributes (97ms)
			AfterProcessingInitializeOnLoad (4ms)
		AwakeInstancesAfterBackupRestoration (18ms)
Unloading 24 Unused Serialized files (Serialized files now loaded: 0)
Unloading 7303 unused Assets / (5.7 MB). Loaded Objects now: 8255.
Memory consumption went from 176.6 MB to 170.9 MB.
Total: 9.459300 ms (FindLiveObjects: 0.653000 ms CreateObjectMapping: 0.699000 ms MarkObjects: 5.192300 ms  DeleteObjects: 2.913100 ms)

Prepare: number of updated asset objects reloaded= 0
========================================================================
Received Prepare
Begin MonoManager ReloadAssembly
Assembly Assembly-CSharp-Editor-firstpass.dll at Library/ScriptAssemblies/Assembly-CSharp-Editor-firstpass.dll not valid. Loading of assembly skipped.
Assembly Assembly-CSharp-Editor.dll at Library/ScriptAssemblies/Assembly-CSharp-Editor.dll not valid. Loading of assembly skipped.
Assembly Assembly-CSharp-firstpass.dll at Library/ScriptAssemblies/Assembly-CSharp-firstpass.dll not valid. Loading of assembly skipped.
Assembly DocCodeExamples.dll at Library/ScriptAssemblies/DocCodeExamples.dll not valid. Loading of assembly skipped.
Assembly TestNewCustomAssembly.dll at Library/ScriptAssemblies/TestNewCustomAssembly.dll not valid. Loading of assembly skipped.
Assembly Unity.2D.Animation.EditorTests.dll at Library/ScriptAssemblies/Unity.2D.Animation.EditorTests.dll not valid. Loading of assembly skipped.
Assembly Unity.2D.Aseprite.EditorTests.dll at Library/ScriptAssemblies/Unity.2D.Aseprite.EditorTests.dll not valid. Loading of assembly skipped.
Assembly Unity.2D.Common.EditorTests.dll at Library/ScriptAssemblies/Unity.2D.Common.EditorTests.dll not valid. Loading of assembly skipped.
Assembly Unity.2D.Psdimporter.EditorTests.dll at Library/ScriptAssemblies/Unity.2D.Psdimporter.EditorTests.dll not valid. Loading of assembly skipped.
Assembly Unity.2D.Sprite.Package.EditorTests.dll at Library/ScriptAssemblies/Unity.2D.Sprite.Package.EditorTests.dll not valid. Loading of assembly skipped.
Assembly Unity.2D.SpriteShape.EditorTests.dll at Library/ScriptAssemblies/Unity.2D.SpriteShape.EditorTests.dll not valid. Loading of assembly skipped.
Assembly Unity.2D.Tilemap.Package.EditorTests.dll at Library/ScriptAssemblies/Unity.2D.Tilemap.Package.EditorTests.dll not valid. Loading of assembly skipped.
Assembly Unity.Collections.BurstCompatibilityGen.dll at Library/ScriptAssemblies/Unity.Collections.BurstCompatibilityGen.dll not valid. Loading of assembly skipped.
Assembly Unity.Collections.DocCodeSamples.dll at Library/ScriptAssemblies/Unity.Collections.DocCodeSamples.dll not valid. Loading of assembly skipped.
Assembly Unity.Collections.PerformanceTests.dll at Library/ScriptAssemblies/Unity.Collections.PerformanceTests.dll not valid. Loading of assembly skipped.
Assembly Unity.Collections.Tests.dll at Library/ScriptAssemblies/Unity.Collections.Tests.dll not valid. Loading of assembly skipped.
Assembly Unity.Collections.Tests.Playmode.dll at Library/ScriptAssemblies/Unity.Collections.Tests.Playmode.dll not valid. Loading of assembly skipped.
Assembly Unity.InputSystem.IntegrationTests.dll at Library/ScriptAssemblies/Unity.InputSystem.IntegrationTests.dll not valid. Loading of assembly skipped.
Assembly Unity.Mathematics.Tests.dll at Library/ScriptAssemblies/Unity.Mathematics.Tests.dll not valid. Loading of assembly skipped.
Assembly Unity.Multiplayer.Center.Editor.Tests.dll at Library/ScriptAssemblies/Unity.Multiplayer.Center.Editor.Tests.dll not valid. Loading of assembly skipped.
Assembly Unity.Multiplayer.Center.Tests.dll at Library/ScriptAssemblies/Unity.Multiplayer.Center.Tests.dll not valid. Loading of assembly skipped.
Assembly Unity.Nuget.Mono-Cecil.dll at Library/ScriptAssemblies/Unity.Nuget.Mono-Cecil.dll not valid. Loading of assembly skipped.
Assembly Unity.PathTracing.Editor.Tests.dll at Library/ScriptAssemblies/Unity.PathTracing.Editor.Tests.dll not valid. Loading of assembly skipped.
Assembly Unity.PathTracing.Runtime.Tests.dll at Library/ScriptAssemblies/Unity.PathTracing.Runtime.Tests.dll not valid. Loading of assembly skipped.
Assembly Unity.RenderPipelines.Core.Editor.Tests.dll at Library/ScriptAssemblies/Unity.RenderPipelines.Core.Editor.Tests.dll not valid. Loading of assembly skipped.
Assembly Unity.RenderPipelines.Core.Runtime.Tests.dll at Library/ScriptAssemblies/Unity.RenderPipelines.Core.Runtime.Tests.dll not valid. Loading of assembly skipped.
Assembly Unity.RenderPipelines.Universal.Config.Editor.Tests.dll at Library/ScriptAssemblies/Unity.RenderPipelines.Universal.Config.Editor.Tests.dll not valid. Loading of assembly skipped.
Assembly Unity.RenderPipelines.Universal.Editor.Tests.dll at Library/ScriptAssemblies/Unity.RenderPipelines.Universal.Editor.Tests.dll not valid. Loading of assembly skipped.
Assembly Unity.RenderPipelines.Universal.Runtime.Tests.dll at Library/ScriptAssemblies/Unity.RenderPipelines.Universal.Runtime.Tests.dll not valid. Loading of assembly skipped.
Assembly Unity.Searcher.EditorTests.dll at Library/ScriptAssemblies/Unity.Searcher.EditorTests.dll not valid. Loading of assembly skipped.
Assembly Unity.ShaderGraph.Editor.Tests.dll at Library/ScriptAssemblies/Unity.ShaderGraph.Editor.Tests.dll not valid. Loading of assembly skipped.
Assembly Unity.TextMeshPro.Editor.Tests.dll at Library/ScriptAssemblies/Unity.TextMeshPro.Editor.Tests.dll not valid. Loading of assembly skipped.
Assembly Unity.TextMeshPro.Tests.dll at Library/ScriptAssemblies/Unity.TextMeshPro.Tests.dll not valid. Loading of assembly skipped.
Assembly Unity.UnifiedRayTracing.Editor.Tests.dll at Library/ScriptAssemblies/Unity.UnifiedRayTracing.Editor.Tests.dll not valid. Loading of assembly skipped.
Assembly UnityEditor.UI.Common.Tests.dll at Library/ScriptAssemblies/UnityEditor.UI.Common.Tests.dll not valid. Loading of assembly skipped.
Assembly UnityEditor.UI.EditorTests.dll at Library/ScriptAssemblies/UnityEditor.UI.EditorTests.dll not valid. Loading of assembly skipped.
Assembly UnityEngine.UI.Tests.dll at Library/ScriptAssemblies/UnityEngine.UI.Tests.dll not valid. Loading of assembly skipped.
Native extension for WindowsStandalone target not found
Native extension for WebGL target not found
[Package Manager] Failed to launch server process. Reason: Unity was launched with the -noUpm command-line argument
[Package Manager] Unable to send message (not connected to server process).
[Package Manager] Cannot connect to Unity Package Manager local server
[Package Manager] Failed to launch server process. Reason: Unity was launched with the -noUpm command-line argument
[Package Manager] Unable to send message (not connected to server process).
[Package Manager] Cannot connect to Unity Package Manager local server
ScheduleIndexationOnStartup MainProcess:False IndexOnStartup:True
Mono: successfully reloaded assembly
- Finished resetting the current domain, in  0.620 seconds
Domain Reload Profiling: 1285ms
	BeginReloadAssembly (179ms)
		DisableScriptedObjects (11ms)
		CreateAndSetChildDomain (39ms)
	RebuildCommonClasses (31ms)
	RebuildNativeTypeToScriptingClass (11ms)
	initialDomainReloadingComplete (52ms)
	LoadAllAssembliesAndSetupDomain (391ms)
		LoadAssemblies (281ms)
		AnalyzeDomain (180ms)
			TypeCache.Refresh (8ms)
			BuildScriptInfoCaches (161ms)
			ResolveRequiredComponents (9ms)
	FinalizeReload (620ms)
		SetupLoadedEditorAssemblies (0ms)
			BeforeProcessingInitializeOnLoad (135ms)
			ProcessInitializeOnLoadAttributes (242ms)
			ProcessInitializeOnLoadMethodAttributes (69ms)
			AfterProcessingInitializeOnLoad (4ms)
		AwakeInstancesAfterBackupRestoration (15ms)
Unloading 24 Unused Serialized files (Serialized files now loaded: 0)
Unloading 7303 unused Assets / (5.4 MB). Loaded Objects now: 8258.
Memory consumption went from 179.7 MB to 174.3 MB.
Total: 8.616900 ms (FindLiveObjects: 0.654000 ms CreateObjectMapping: 0.573900 ms MarkObjects: 4.866400 ms  DeleteObjects: 2.521500 ms)

Prepare: number of updated asset objects reloaded= 0
========================================================================
Received Prepare
Begin MonoManager ReloadAssembly
Assembly Assembly-CSharp-Editor-firstpass.dll at Library/ScriptAssemblies/Assembly-CSharp-Editor-firstpass.dll not valid. Loading of assembly skipped.
Assembly Assembly-CSharp-Editor.dll at Library/ScriptAssemblies/Assembly-CSharp-Editor.dll not valid. Loading of assembly skipped.
Assembly Assembly-CSharp-firstpass.dll at Library/ScriptAssemblies/Assembly-CSharp-firstpass.dll not valid. Loading of assembly skipped.
Assembly DocCodeExamples.dll at Library/ScriptAssemblies/DocCodeExamples.dll not valid. Loading of assembly skipped.
Assembly TestNewCustomAssembly.dll at Library/ScriptAssemblies/TestNewCustomAssembly.dll not valid. Loading of assembly skipped.
Assembly Unity.2D.Animation.EditorTests.dll at Library/ScriptAssemblies/Unity.2D.Animation.EditorTests.dll not valid. Loading of assembly skipped.
Assembly Unity.2D.Aseprite.EditorTests.dll at Library/ScriptAssemblies/Unity.2D.Aseprite.EditorTests.dll not valid. Loading of assembly skipped.
Assembly Unity.2D.Common.EditorTests.dll at Library/ScriptAssemblies/Unity.2D.Common.EditorTests.dll not valid. Loading of assembly skipped.
Assembly Unity.2D.Psdimporter.EditorTests.dll at Library/ScriptAssemblies/Unity.2D.Psdimporter.EditorTests.dll not valid. Loading of assembly skipped.
Assembly Unity.2D.Sprite.Package.EditorTests.dll at Library/ScriptAssemblies/Unity.2D.Sprite.Package.EditorTests.dll not valid. Loading of assembly skipped.
Assembly Unity.2D.SpriteShape.EditorTests.dll at Library/ScriptAssemblies/Unity.2D.SpriteShape.EditorTests.dll not valid. Loading of assembly skipped.
Assembly Unity.2D.Tilemap.Package.EditorTests.dll at Library/ScriptAssemblies/Unity.2D.Tilemap.Package.EditorTests.dll not valid. Loading of assembly skipped.
Assembly Unity.Collections.BurstCompatibilityGen.dll at Library/ScriptAssemblies/Unity.Collections.BurstCompatibilityGen.dll not valid. Loading of assembly skipped.
Assembly Unity.Collections.DocCodeSamples.dll at Library/ScriptAssemblies/Unity.Collections.DocCodeSamples.dll not valid. Loading of assembly skipped.
Assembly Unity.Collections.PerformanceTests.dll at Library/ScriptAssemblies/Unity.Collections.PerformanceTests.dll not valid. Loading of assembly skipped.
Assembly Unity.Collections.Tests.dll at Library/ScriptAssemblies/Unity.Collections.Tests.dll not valid. Loading of assembly skipped.
Assembly Unity.Collections.Tests.Playmode.dll at Library/ScriptAssemblies/Unity.Collections.Tests.Playmode.dll not valid. Loading of assembly skipped.
Assembly Unity.InputSystem.IntegrationTests.dll at Library/ScriptAssemblies/Unity.InputSystem.IntegrationTests.dll not valid. Loading of assembly skipped.
Assembly Unity.Mathematics.Tests.dll at Library/ScriptAssemblies/Unity.Mathematics.Tests.dll not valid. Loading of assembly skipped.
Assembly Unity.Multiplayer.Center.Editor.Tests.dll at Library/ScriptAssemblies/Unity.Multiplayer.Center.Editor.Tests.dll not valid. Loading of assembly skipped.
Assembly Unity.Multiplayer.Center.Tests.dll at Library/ScriptAssemblies/Unity.Multiplayer.Center.Tests.dll not valid. Loading of assembly skipped.
Assembly Unity.Nuget.Mono-Cecil.dll at Library/ScriptAssemblies/Unity.Nuget.Mono-Cecil.dll not valid. Loading of assembly skipped.
Assembly Unity.PathTracing.Editor.Tests.dll at Library/ScriptAssemblies/Unity.PathTracing.Editor.Tests.dll not valid. Loading of assembly skipped.
Assembly Unity.PathTracing.Runtime.Tests.dll at Library/ScriptAssemblies/Unity.PathTracing.Runtime.Tests.dll not valid. Loading of assembly skipped.
Assembly Unity.RenderPipelines.Core.Editor.Tests.dll at Library/ScriptAssemblies/Unity.RenderPipelines.Core.Editor.Tests.dll not valid. Loading of assembly skipped.
Assembly Unity.RenderPipelines.Core.Runtime.Tests.dll at Library/ScriptAssemblies/Unity.RenderPipelines.Core.Runtime.Tests.dll not valid. Loading of assembly skipped.
Assembly Unity.RenderPipelines.Universal.Config.Editor.Tests.dll at Library/ScriptAssemblies/Unity.RenderPipelines.Universal.Config.Editor.Tests.dll not valid. Loading of assembly skipped.
Assembly Unity.RenderPipelines.Universal.Editor.Tests.dll at Library/ScriptAssemblies/Unity.RenderPipelines.Universal.Editor.Tests.dll not valid. Loading of assembly skipped.
Assembly Unity.RenderPipelines.Universal.Runtime.Tests.dll at Library/ScriptAssemblies/Unity.RenderPipelines.Universal.Runtime.Tests.dll not valid. Loading of assembly skipped.
Assembly Unity.Searcher.EditorTests.dll at Library/ScriptAssemblies/Unity.Searcher.EditorTests.dll not valid. Loading of assembly skipped.
Assembly Unity.ShaderGraph.Editor.Tests.dll at Library/ScriptAssemblies/Unity.ShaderGraph.Editor.Tests.dll not valid. Loading of assembly skipped.
Assembly Unity.TextMeshPro.Editor.Tests.dll at Library/ScriptAssemblies/Unity.TextMeshPro.Editor.Tests.dll not valid. Loading of assembly skipped.
Assembly Unity.TextMeshPro.Tests.dll at Library/ScriptAssemblies/Unity.TextMeshPro.Tests.dll not valid. Loading of assembly skipped.
Assembly Unity.UnifiedRayTracing.Editor.Tests.dll at Library/ScriptAssemblies/Unity.UnifiedRayTracing.Editor.Tests.dll not valid. Loading of assembly skipped.
Assembly UnityEditor.UI.Common.Tests.dll at Library/ScriptAssemblies/UnityEditor.UI.Common.Tests.dll not valid. Loading of assembly skipped.
Assembly UnityEditor.UI.EditorTests.dll at Library/ScriptAssemblies/UnityEditor.UI.EditorTests.dll not valid. Loading of assembly skipped.
Assembly UnityEngine.UI.Tests.dll at Library/ScriptAssemblies/UnityEngine.UI.Tests.dll not valid. Loading of assembly skipped.
Native extension for WindowsStandalone target not found
Native extension for WebGL target not found
[Package Manager] Failed to launch server process. Reason: Unity was launched with the -noUpm command-line argument
[Package Manager] Unable to send message (not connected to server process).
[Package Manager] Cannot connect to Unity Package Manager local server
[Package Manager] Failed to launch server process. Reason: Unity was launched with the -noUpm command-line argument
[Package Manager] Unable to send message (not connected to server process).
[Package Manager] Cannot connect to Unity Package Manager local server
ScheduleIndexationOnStartup MainProcess:False IndexOnStartup:True
Mono: successfully reloaded assembly
- Finished resetting the current domain, in  0.691 seconds
Domain Reload Profiling: 1379ms
	BeginReloadAssembly (181ms)
		DisableScriptedObjects (10ms)
		CreateAndSetChildDomain (44ms)
	RebuildCommonClasses (31ms)
	RebuildNativeTypeToScriptingClass (10ms)
	initialDomainReloadingComplete (51ms)
	LoadAllAssembliesAndSetupDomain (414ms)
		LoadAssemblies (291ms)
		AnalyzeDomain (191ms)
			TypeCache.Refresh (8ms)
			BuildScriptInfoCaches (173ms)
			ResolveRequiredComponents (9ms)
	FinalizeReload (692ms)
		SetupLoadedEditorAssemblies (0ms)
			BeforeProcessingInitializeOnLoad (133ms)
			ProcessInitializeOnLoadAttributes (285ms)
			ProcessInitializeOnLoadMethodAttributes (80ms)
			AfterProcessingInitializeOnLoad (6ms)
		AwakeInstancesAfterBackupRestoration (14ms)
Unloading 24 Unused Serialized files (Serialized files now loaded: 0)
Unloading 7303 unused Assets / (5.8 MB). Loaded Objects now: 8261.
Memory consumption went from 182.8 MB to 177.1 MB.
Total: 9.911300 ms (FindLiveObjects: 0.797500 ms CreateObjectMapping: 0.634900 ms MarkObjects: 5.450800 ms  DeleteObjects: 3.026500 ms)

Prepare: number of updated asset objects reloaded= 0
========================================================================
Received Prepare
Begin MonoManager ReloadAssembly
[Licensing::Client] Successfully resolved entitlement details
Assembly Assembly-CSharp-Editor-firstpass.dll at Library/ScriptAssemblies/Assembly-CSharp-Editor-firstpass.dll not valid. Loading of assembly skipped.
Assembly Assembly-CSharp-Editor.dll at Library/ScriptAssemblies/Assembly-CSharp-Editor.dll not valid. Loading of assembly skipped.
Assembly Assembly-CSharp-firstpass.dll at Library/ScriptAssemblies/Assembly-CSharp-firstpass.dll not valid. Loading of assembly skipped.
Assembly DocCodeExamples.dll at Library/ScriptAssemblies/DocCodeExamples.dll not valid. Loading of assembly skipped.
Assembly TestNewCustomAssembly.dll at Library/ScriptAssemblies/TestNewCustomAssembly.dll not valid. Loading of assembly skipped.
Assembly Unity.2D.Animation.EditorTests.dll at Library/ScriptAssemblies/Unity.2D.Animation.EditorTests.dll not valid. Loading of assembly skipped.
Assembly Unity.2D.Aseprite.EditorTests.dll at Library/ScriptAssemblies/Unity.2D.Aseprite.EditorTests.dll not valid. Loading of assembly skipped.
Assembly Unity.2D.Common.EditorTests.dll at Library/ScriptAssemblies/Unity.2D.Common.EditorTests.dll not valid. Loading of assembly skipped.
Assembly Unity.2D.Psdimporter.EditorTests.dll at Library/ScriptAssemblies/Unity.2D.Psdimporter.EditorTests.dll not valid. Loading of assembly skipped.
Assembly Unity.2D.Sprite.Package.EditorTests.dll at Library/ScriptAssemblies/Unity.2D.Sprite.Package.EditorTests.dll not valid. Loading of assembly skipped.
Assembly Unity.2D.SpriteShape.EditorTests.dll at Library/ScriptAssemblies/Unity.2D.SpriteShape.EditorTests.dll not valid. Loading of assembly skipped.
Assembly Unity.2D.Tilemap.Package.EditorTests.dll at Library/ScriptAssemblies/Unity.2D.Tilemap.Package.EditorTests.dll not valid. Loading of assembly skipped.
Assembly Unity.Collections.BurstCompatibilityGen.dll at Library/ScriptAssemblies/Unity.Collections.BurstCompatibilityGen.dll not valid. Loading of assembly skipped.
Assembly Unity.Collections.DocCodeSamples.dll at Library/ScriptAssemblies/Unity.Collections.DocCodeSamples.dll not valid. Loading of assembly skipped.
Assembly Unity.Collections.PerformanceTests.dll at Library/ScriptAssemblies/Unity.Collections.PerformanceTests.dll not valid. Loading of assembly skipped.
Assembly Unity.Collections.Tests.dll at Library/ScriptAssemblies/Unity.Collections.Tests.dll not valid. Loading of assembly skipped.
Assembly Unity.Collections.Tests.Playmode.dll at Library/ScriptAssemblies/Unity.Collections.Tests.Playmode.dll not valid. Loading of assembly skipped.
Assembly Unity.InputSystem.IntegrationTests.dll at Library/ScriptAssemblies/Unity.InputSystem.IntegrationTests.dll not valid. Loading of assembly skipped.
Assembly Unity.Mathematics.Tests.dll at Library/ScriptAssemblies/Unity.Mathematics.Tests.dll not valid. Loading of assembly skipped.
Assembly Unity.Multiplayer.Center.Editor.Tests.dll at Library/ScriptAssemblies/Unity.Multiplayer.Center.Editor.Tests.dll not valid. Loading of assembly skipped.
Assembly Unity.Multiplayer.Center.Tests.dll at Library/ScriptAssemblies/Unity.Multiplayer.Center.Tests.dll not valid. Loading of assembly skipped.
Assembly Unity.Nuget.Mono-Cecil.dll at Library/ScriptAssemblies/Unity.Nuget.Mono-Cecil.dll not valid. Loading of assembly skipped.
Assembly Unity.PathTracing.Editor.Tests.dll at Library/ScriptAssemblies/Unity.PathTracing.Editor.Tests.dll not valid. Loading of assembly skipped.
Assembly Unity.PathTracing.Runtime.Tests.dll at Library/ScriptAssemblies/Unity.PathTracing.Runtime.Tests.dll not valid. Loading of assembly skipped.
Assembly Unity.RenderPipelines.Core.Editor.Tests.dll at Library/ScriptAssemblies/Unity.RenderPipelines.Core.Editor.Tests.dll not valid. Loading of assembly skipped.
Assembly Unity.RenderPipelines.Core.Runtime.Tests.dll at Library/ScriptAssemblies/Unity.RenderPipelines.Core.Runtime.Tests.dll not valid. Loading of assembly skipped.
Assembly Unity.RenderPipelines.Universal.Config.Editor.Tests.dll at Library/ScriptAssemblies/Unity.RenderPipelines.Universal.Config.Editor.Tests.dll not valid. Loading of assembly skipped.
Assembly Unity.RenderPipelines.Universal.Editor.Tests.dll at Library/ScriptAssemblies/Unity.RenderPipelines.Universal.Editor.Tests.dll not valid. Loading of assembly skipped.
Assembly Unity.RenderPipelines.Universal.Runtime.Tests.dll at Library/ScriptAssemblies/Unity.RenderPipelines.Universal.Runtime.Tests.dll not valid. Loading of assembly skipped.
Assembly Unity.Searcher.EditorTests.dll at Library/ScriptAssemblies/Unity.Searcher.EditorTests.dll not valid. Loading of assembly skipped.
Assembly Unity.ShaderGraph.Editor.Tests.dll at Library/ScriptAssemblies/Unity.ShaderGraph.Editor.Tests.dll not valid. Loading of assembly skipped.
Assembly Unity.TextMeshPro.Editor.Tests.dll at Library/ScriptAssemblies/Unity.TextMeshPro.Editor.Tests.dll not valid. Loading of assembly skipped.
Assembly Unity.TextMeshPro.Tests.dll at Library/ScriptAssemblies/Unity.TextMeshPro.Tests.dll not valid. Loading of assembly skipped.
Assembly Unity.UnifiedRayTracing.Editor.Tests.dll at Library/ScriptAssemblies/Unity.UnifiedRayTracing.Editor.Tests.dll not valid. Loading of assembly skipped.
Assembly UnityEditor.UI.Common.Tests.dll at Library/ScriptAssemblies/UnityEditor.UI.Common.Tests.dll not valid. Loading of assembly skipped.
Assembly UnityEditor.UI.EditorTests.dll at Library/ScriptAssemblies/UnityEditor.UI.EditorTests.dll not valid. Loading of assembly skipped.
Assembly UnityEngine.UI.Tests.dll at Library/ScriptAssemblies/UnityEngine.UI.Tests.dll not valid. Loading of assembly skipped.
Native extension for WindowsStandalone target not found
Native extension for WebGL target not found
[Package Manager] Failed to launch server process. Reason: Unity was launched with the -noUpm command-line argument
[Package Manager] Unable to send message (not connected to server process).
[Package Manager] Cannot connect to Unity Package Manager local server
[Package Manager] Failed to launch server process. Reason: Unity was launched with the -noUpm command-line argument
[Package Manager] Unable to send message (not connected to server process).
[Package Manager] Cannot connect to Unity Package Manager local server
ScheduleIndexationOnStartup MainProcess:False IndexOnStartup:True
Mono: successfully reloaded assembly
- Finished resetting the current domain, in  0.619 seconds
Domain Reload Profiling: 1304ms
	BeginReloadAssembly (194ms)
		DisableScriptedObjects (14ms)
		CreateAndSetChildDomain (41ms)
	RebuildCommonClasses (34ms)
	RebuildNativeTypeToScriptingClass (13ms)
	initialDomainReloadingComplete (53ms)
	LoadAllAssembliesAndSetupDomain (391ms)
		LoadAssemblies (287ms)
		AnalyzeDomain (176ms)
			TypeCache.Refresh (8ms)
			BuildScriptInfoCaches (157ms)
			ResolveRequiredComponents (9ms)
	FinalizeReload (619ms)
		SetupLoadedEditorAssemblies (0ms)
			BeforeProcessingInitializeOnLoad (137ms)
			ProcessInitializeOnLoadAttributes (240ms)
			ProcessInitializeOnLoadMethodAttributes (68ms)
			AfterProcessingInitializeOnLoad (5ms)
		AwakeInstancesAfterBackupRestoration (15ms)
Unloading 24 Unused Serialized files (Serialized files now loaded: 0)
Unloading 7303 unused Assets / (4.8 MB). Loaded Objects now: 8264.
Memory consumption went from 185.9 MB to 181.1 MB.
Total: 8.466800 ms (FindLiveObjects: 0.903000 ms CreateObjectMapping: 0.897500 ms MarkObjects: 4.334100 ms  DeleteObjects: 2.330600 ms)

Prepare: number of updated asset objects reloaded= 0
========================================================================
Received Prepare
Begin MonoManager ReloadAssembly
[Licensing::Client] Successfully resolved entitlement details
Assembly Assembly-CSharp-Editor-firstpass.dll at Library/ScriptAssemblies/Assembly-CSharp-Editor-firstpass.dll not valid. Loading of assembly skipped.
Assembly Assembly-CSharp-Editor.dll at Library/ScriptAssemblies/Assembly-CSharp-Editor.dll not valid. Loading of assembly skipped.
Assembly Assembly-CSharp-firstpass.dll at Library/ScriptAssemblies/Assembly-CSharp-firstpass.dll not valid. Loading of assembly skipped.
Assembly DocCodeExamples.dll at Library/ScriptAssemblies/DocCodeExamples.dll not valid. Loading of assembly skipped.
Assembly TestNewCustomAssembly.dll at Library/ScriptAssemblies/TestNewCustomAssembly.dll not valid. Loading of assembly skipped.
Assembly Unity.2D.Animation.EditorTests.dll at Library/ScriptAssemblies/Unity.2D.Animation.EditorTests.dll not valid. Loading of assembly skipped.
Assembly Unity.2D.Aseprite.EditorTests.dll at Library/ScriptAssemblies/Unity.2D.Aseprite.EditorTests.dll not valid. Loading of assembly skipped.
Assembly Unity.2D.Common.EditorTests.dll at Library/ScriptAssemblies/Unity.2D.Common.EditorTests.dll not valid. Loading of assembly skipped.
Assembly Unity.2D.Psdimporter.EditorTests.dll at Library/ScriptAssemblies/Unity.2D.Psdimporter.EditorTests.dll not valid. Loading of assembly skipped.
Assembly Unity.2D.Sprite.Package.EditorTests.dll at Library/ScriptAssemblies/Unity.2D.Sprite.Package.EditorTests.dll not valid. Loading of assembly skipped.
Assembly Unity.2D.SpriteShape.EditorTests.dll at Library/ScriptAssemblies/Unity.2D.SpriteShape.EditorTests.dll not valid. Loading of assembly skipped.
Assembly Unity.2D.Tilemap.Package.EditorTests.dll at Library/ScriptAssemblies/Unity.2D.Tilemap.Package.EditorTests.dll not valid. Loading of assembly skipped.
Assembly Unity.Collections.BurstCompatibilityGen.dll at Library/ScriptAssemblies/Unity.Collections.BurstCompatibilityGen.dll not valid. Loading of assembly skipped.
Assembly Unity.Collections.DocCodeSamples.dll at Library/ScriptAssemblies/Unity.Collections.DocCodeSamples.dll not valid. Loading of assembly skipped.
Assembly Unity.Collections.PerformanceTests.dll at Library/ScriptAssemblies/Unity.Collections.PerformanceTests.dll not valid. Loading of assembly skipped.
Assembly Unity.Collections.Tests.dll at Library/ScriptAssemblies/Unity.Collections.Tests.dll not valid. Loading of assembly skipped.
Assembly Unity.Collections.Tests.Playmode.dll at Library/ScriptAssemblies/Unity.Collections.Tests.Playmode.dll not valid. Loading of assembly skipped.
Assembly Unity.InputSystem.IntegrationTests.dll at Library/ScriptAssemblies/Unity.InputSystem.IntegrationTests.dll not valid. Loading of assembly skipped.
Assembly Unity.Mathematics.Tests.dll at Library/ScriptAssemblies/Unity.Mathematics.Tests.dll not valid. Loading of assembly skipped.
Assembly Unity.Multiplayer.Center.Editor.Tests.dll at Library/ScriptAssemblies/Unity.Multiplayer.Center.Editor.Tests.dll not valid. Loading of assembly skipped.
Assembly Unity.Multiplayer.Center.Tests.dll at Library/ScriptAssemblies/Unity.Multiplayer.Center.Tests.dll not valid. Loading of assembly skipped.
Assembly Unity.Nuget.Mono-Cecil.dll at Library/ScriptAssemblies/Unity.Nuget.Mono-Cecil.dll not valid. Loading of assembly skipped.
Assembly Unity.PathTracing.Editor.Tests.dll at Library/ScriptAssemblies/Unity.PathTracing.Editor.Tests.dll not valid. Loading of assembly skipped.
Assembly Unity.PathTracing.Runtime.Tests.dll at Library/ScriptAssemblies/Unity.PathTracing.Runtime.Tests.dll not valid. Loading of assembly skipped.
Assembly Unity.RenderPipelines.Core.Editor.Tests.dll at Library/ScriptAssemblies/Unity.RenderPipelines.Core.Editor.Tests.dll not valid. Loading of assembly skipped.
Assembly Unity.RenderPipelines.Core.Runtime.Tests.dll at Library/ScriptAssemblies/Unity.RenderPipelines.Core.Runtime.Tests.dll not valid. Loading of assembly skipped.
Assembly Unity.RenderPipelines.Universal.Config.Editor.Tests.dll at Library/ScriptAssemblies/Unity.RenderPipelines.Universal.Config.Editor.Tests.dll not valid. Loading of assembly skipped.
Assembly Unity.RenderPipelines.Universal.Editor.Tests.dll at Library/ScriptAssemblies/Unity.RenderPipelines.Universal.Editor.Tests.dll not valid. Loading of assembly skipped.
Assembly Unity.RenderPipelines.Universal.Runtime.Tests.dll at Library/ScriptAssemblies/Unity.RenderPipelines.Universal.Runtime.Tests.dll not valid. Loading of assembly skipped.
Assembly Unity.Searcher.EditorTests.dll at Library/ScriptAssemblies/Unity.Searcher.EditorTests.dll not valid. Loading of assembly skipped.
Assembly Unity.ShaderGraph.Editor.Tests.dll at Library/ScriptAssemblies/Unity.ShaderGraph.Editor.Tests.dll not valid. Loading of assembly skipped.
Assembly Unity.TextMeshPro.Editor.Tests.dll at Library/ScriptAssemblies/Unity.TextMeshPro.Editor.Tests.dll not valid. Loading of assembly skipped.
Assembly Unity.TextMeshPro.Tests.dll at Library/ScriptAssemblies/Unity.TextMeshPro.Tests.dll not valid. Loading of assembly skipped.
Assembly Unity.UnifiedRayTracing.Editor.Tests.dll at Library/ScriptAssemblies/Unity.UnifiedRayTracing.Editor.Tests.dll not valid. Loading of assembly skipped.
Assembly UnityEditor.UI.Common.Tests.dll at Library/ScriptAssemblies/UnityEditor.UI.Common.Tests.dll not valid. Loading of assembly skipped.
Assembly UnityEditor.UI.EditorTests.dll at Library/ScriptAssemblies/UnityEditor.UI.EditorTests.dll not valid. Loading of assembly skipped.
Assembly UnityEngine.UI.Tests.dll at Library/ScriptAssemblies/UnityEngine.UI.Tests.dll not valid. Loading of assembly skipped.
Native extension for WindowsStandalone target not found
Native extension for WebGL target not found
[Package Manager] Failed to launch server process. Reason: Unity was launched with the -noUpm command-line argument
[Package Manager] Unable to send message (not connected to server process).
[Package Manager] Cannot connect to Unity Package Manager local server
[Package Manager] Failed to launch server process. Reason: Unity was launched with the -noUpm command-line argument
[Package Manager] Unable to send message (not connected to server process).
[Package Manager] Cannot connect to Unity Package Manager local server
ScheduleIndexationOnStartup MainProcess:False IndexOnStartup:True
Mono: successfully reloaded assembly
- Finished resetting the current domain, in  0.689 seconds
Domain Reload Profiling: 1389ms
	BeginReloadAssembly (188ms)
		DisableScriptedObjects (12ms)
		CreateAndSetChildDomain (39ms)
	RebuildCommonClasses (31ms)
	RebuildNativeTypeToScriptingClass (11ms)
	initialDomainReloadingComplete (55ms)
	LoadAllAssembliesAndSetupDomain (414ms)
		LoadAssemblies (301ms)
		AnalyzeDomain (186ms)
			TypeCache.Refresh (11ms)
			BuildScriptInfoCaches (164ms)
			ResolveRequiredComponents (9ms)
	FinalizeReload (690ms)
		SetupLoadedEditorAssemblies (0ms)
			BeforeProcessingInitializeOnLoad (149ms)
			ProcessInitializeOnLoadAttributes (274ms)
			ProcessInitializeOnLoadMethodAttributes (85ms)
			AfterProcessingInitializeOnLoad (6ms)
		AwakeInstancesAfterBackupRestoration (17ms)
Unloading 24 Unused Serialized files (Serialized files now loaded: 0)
Unloading 7303 unused Assets / (5.8 MB). Loaded Objects now: 8267.
Memory consumption went from 189.1 MB to 183.3 MB.
Total: 9.431300 ms (FindLiveObjects: 0.785300 ms CreateObjectMapping: 0.654200 ms MarkObjects: 4.869600 ms  DeleteObjects: 3.120300 ms)

Prepare: number of updated asset objects reloaded= 0
========================================================================
Received Prepare
Begin MonoManager ReloadAssembly
Assembly Assembly-CSharp-Editor-firstpass.dll at Library/ScriptAssemblies/Assembly-CSharp-Editor-firstpass.dll not valid. Loading of assembly skipped.
Assembly Assembly-CSharp-Editor.dll at Library/ScriptAssemblies/Assembly-CSharp-Editor.dll not valid. Loading of assembly skipped.
Assembly Assembly-CSharp-firstpass.dll at Library/ScriptAssemblies/Assembly-CSharp-firstpass.dll not valid. Loading of assembly skipped.
Assembly DocCodeExamples.dll at Library/ScriptAssemblies/DocCodeExamples.dll not valid. Loading of assembly skipped.
Assembly TestNewCustomAssembly.dll at Library/ScriptAssemblies/TestNewCustomAssembly.dll not valid. Loading of assembly skipped.
Assembly Unity.2D.Animation.EditorTests.dll at Library/ScriptAssemblies/Unity.2D.Animation.EditorTests.dll not valid. Loading of assembly skipped.
Assembly Unity.2D.Aseprite.EditorTests.dll at Library/ScriptAssemblies/Unity.2D.Aseprite.EditorTests.dll not valid. Loading of assembly skipped.
Assembly Unity.2D.Common.EditorTests.dll at Library/ScriptAssemblies/Unity.2D.Common.EditorTests.dll not valid. Loading of assembly skipped.
Assembly Unity.2D.Psdimporter.EditorTests.dll at Library/ScriptAssemblies/Unity.2D.Psdimporter.EditorTests.dll not valid. Loading of assembly skipped.
Assembly Unity.2D.Sprite.Package.EditorTests.dll at Library/ScriptAssemblies/Unity.2D.Sprite.Package.EditorTests.dll not valid. Loading of assembly skipped.
Assembly Unity.2D.SpriteShape.EditorTests.dll at Library/ScriptAssemblies/Unity.2D.SpriteShape.EditorTests.dll not valid. Loading of assembly skipped.
Assembly Unity.2D.Tilemap.Package.EditorTests.dll at Library/ScriptAssemblies/Unity.2D.Tilemap.Package.EditorTests.dll not valid. Loading of assembly skipped.
Assembly Unity.Collections.BurstCompatibilityGen.dll at Library/ScriptAssemblies/Unity.Collections.BurstCompatibilityGen.dll not valid. Loading of assembly skipped.
Assembly Unity.Collections.DocCodeSamples.dll at Library/ScriptAssemblies/Unity.Collections.DocCodeSamples.dll not valid. Loading of assembly skipped.
Assembly Unity.Collections.PerformanceTests.dll at Library/ScriptAssemblies/Unity.Collections.PerformanceTests.dll not valid. Loading of assembly skipped.
Assembly Unity.Collections.Tests.dll at Library/ScriptAssemblies/Unity.Collections.Tests.dll not valid. Loading of assembly skipped.
Assembly Unity.Collections.Tests.Playmode.dll at Library/ScriptAssemblies/Unity.Collections.Tests.Playmode.dll not valid. Loading of assembly skipped.
Assembly Unity.InputSystem.IntegrationTests.dll at Library/ScriptAssemblies/Unity.InputSystem.IntegrationTests.dll not valid. Loading of assembly skipped.
Assembly Unity.Mathematics.Tests.dll at Library/ScriptAssemblies/Unity.Mathematics.Tests.dll not valid. Loading of assembly skipped.
Assembly Unity.Multiplayer.Center.Editor.Tests.dll at Library/ScriptAssemblies/Unity.Multiplayer.Center.Editor.Tests.dll not valid. Loading of assembly skipped.
Assembly Unity.Multiplayer.Center.Tests.dll at Library/ScriptAssemblies/Unity.Multiplayer.Center.Tests.dll not valid. Loading of assembly skipped.
Assembly Unity.Nuget.Mono-Cecil.dll at Library/ScriptAssemblies/Unity.Nuget.Mono-Cecil.dll not valid. Loading of assembly skipped.
Assembly Unity.PathTracing.Editor.Tests.dll at Library/ScriptAssemblies/Unity.PathTracing.Editor.Tests.dll not valid. Loading of assembly skipped.
Assembly Unity.PathTracing.Runtime.Tests.dll at Library/ScriptAssemblies/Unity.PathTracing.Runtime.Tests.dll not valid. Loading of assembly skipped.
Assembly Unity.RenderPipelines.Core.Editor.Tests.dll at Library/ScriptAssemblies/Unity.RenderPipelines.Core.Editor.Tests.dll not valid. Loading of assembly skipped.
Assembly Unity.RenderPipelines.Core.Runtime.Tests.dll at Library/ScriptAssemblies/Unity.RenderPipelines.Core.Runtime.Tests.dll not valid. Loading of assembly skipped.
Assembly Unity.RenderPipelines.Universal.Config.Editor.Tests.dll at Library/ScriptAssemblies/Unity.RenderPipelines.Universal.Config.Editor.Tests.dll not valid. Loading of assembly skipped.
Assembly Unity.RenderPipelines.Universal.Editor.Tests.dll at Library/ScriptAssemblies/Unity.RenderPipelines.Universal.Editor.Tests.dll not valid. Loading of assembly skipped.
Assembly Unity.RenderPipelines.Universal.Runtime.Tests.dll at Library/ScriptAssemblies/Unity.RenderPipelines.Universal.Runtime.Tests.dll not valid. Loading of assembly skipped.
Assembly Unity.Searcher.EditorTests.dll at Library/ScriptAssemblies/Unity.Searcher.EditorTests.dll not valid. Loading of assembly skipped.
Assembly Unity.ShaderGraph.Editor.Tests.dll at Library/ScriptAssemblies/Unity.ShaderGraph.Editor.Tests.dll not valid. Loading of assembly skipped.
Assembly Unity.TextMeshPro.Editor.Tests.dll at Library/ScriptAssemblies/Unity.TextMeshPro.Editor.Tests.dll not valid. Loading of assembly skipped.
Assembly Unity.TextMeshPro.Tests.dll at Library/ScriptAssemblies/Unity.TextMeshPro.Tests.dll not valid. Loading of assembly skipped.
Assembly Unity.UnifiedRayTracing.Editor.Tests.dll at Library/ScriptAssemblies/Unity.UnifiedRayTracing.Editor.Tests.dll not valid. Loading of assembly skipped.
Assembly UnityEditor.UI.Common.Tests.dll at Library/ScriptAssemblies/UnityEditor.UI.Common.Tests.dll not valid. Loading of assembly skipped.
Assembly UnityEditor.UI.EditorTests.dll at Library/ScriptAssemblies/UnityEditor.UI.EditorTests.dll not valid. Loading of assembly skipped.
Assembly UnityEngine.UI.Tests.dll at Library/ScriptAssemblies/UnityEngine.UI.Tests.dll not valid. Loading of assembly skipped.
Native extension for WindowsStandalone target not found
Native extension for WebGL target not found
[Package Manager] Failed to launch server process. Reason: Unity was launched with the -noUpm command-line argument
[Package Manager] Unable to send message (not connected to server process).
[Package Manager] Cannot connect to Unity Package Manager local server
[Package Manager] Failed to launch server process. Reason: Unity was launched with the -noUpm command-line argument
[Package Manager] Unable to send message (not connected to server process).
[Package Manager] Cannot connect to Unity Package Manager local server
ScheduleIndexationOnStartup MainProcess:False IndexOnStartup:True
Mono: successfully reloaded assembly
- Finished resetting the current domain, in  0.625 seconds
Domain Reload Profiling: 1290ms
	BeginReloadAssembly (187ms)
		DisableScriptedObjects (11ms)
		CreateAndSetChildDomain (46ms)
	RebuildCommonClasses (31ms)
	RebuildNativeTypeToScriptingClass (10ms)
	initialDomainReloadingComplete (50ms)
	LoadAllAssembliesAndSetupDomain (386ms)
		LoadAssemblies (279ms)
		AnalyzeDomain (178ms)
			TypeCache.Refresh (8ms)
			BuildScriptInfoCaches (160ms)
			ResolveRequiredComponents (9ms)
	FinalizeReload (626ms)
		SetupLoadedEditorAssemblies (0ms)
			BeforeProcessingInitializeOnLoad (138ms)
			ProcessInitializeOnLoadAttributes (254ms)
			ProcessInitializeOnLoadMethodAttributes (69ms)
			AfterProcessingInitializeOnLoad (4ms)
		AwakeInstancesAfterBackupRestoration (12ms)
Unloading 24 Unused Serialized files (Serialized files now loaded: 0)
Unloading 7303 unused Assets / (5.7 MB). Loaded Objects now: 8270.
Memory consumption went from 192.2 MB to 186.4 MB.
Total: 7.819000 ms (FindLiveObjects: 0.657300 ms CreateObjectMapping: 0.694500 ms MarkObjects: 4.206500 ms  DeleteObjects: 2.259700 ms)

Prepare: number of updated asset objects reloaded= 0
========================================================================
Received Prepare
Begin MonoManager ReloadAssembly
[Licensing::Client] Successfully resolved entitlement details
Assembly Assembly-CSharp-Editor-firstpass.dll at Library/ScriptAssemblies/Assembly-CSharp-Editor-firstpass.dll not valid. Loading of assembly skipped.
Assembly Assembly-CSharp-Editor.dll at Library/ScriptAssemblies/Assembly-CSharp-Editor.dll not valid. Loading of assembly skipped.
Assembly Assembly-CSharp-firstpass.dll at Library/ScriptAssemblies/Assembly-CSharp-firstpass.dll not valid. Loading of assembly skipped.
Assembly DocCodeExamples.dll at Library/ScriptAssemblies/DocCodeExamples.dll not valid. Loading of assembly skipped.
Assembly TestNewCustomAssembly.dll at Library/ScriptAssemblies/TestNewCustomAssembly.dll not valid. Loading of assembly skipped.
Assembly Unity.2D.Animation.EditorTests.dll at Library/ScriptAssemblies/Unity.2D.Animation.EditorTests.dll not valid. Loading of assembly skipped.
Assembly Unity.2D.Aseprite.EditorTests.dll at Library/ScriptAssemblies/Unity.2D.Aseprite.EditorTests.dll not valid. Loading of assembly skipped.
Assembly Unity.2D.Common.EditorTests.dll at Library/ScriptAssemblies/Unity.2D.Common.EditorTests.dll not valid. Loading of assembly skipped.
Assembly Unity.2D.Psdimporter.EditorTests.dll at Library/ScriptAssemblies/Unity.2D.Psdimporter.EditorTests.dll not valid. Loading of assembly skipped.
Assembly Unity.2D.Sprite.Package.EditorTests.dll at Library/ScriptAssemblies/Unity.2D.Sprite.Package.EditorTests.dll not valid. Loading of assembly skipped.
Assembly Unity.2D.SpriteShape.EditorTests.dll at Library/ScriptAssemblies/Unity.2D.SpriteShape.EditorTests.dll not valid. Loading of assembly skipped.
Assembly Unity.2D.Tilemap.Package.EditorTests.dll at Library/ScriptAssemblies/Unity.2D.Tilemap.Package.EditorTests.dll not valid. Loading of assembly skipped.
Assembly Unity.Collections.BurstCompatibilityGen.dll at Library/ScriptAssemblies/Unity.Collections.BurstCompatibilityGen.dll not valid. Loading of assembly skipped.
Assembly Unity.Collections.DocCodeSamples.dll at Library/ScriptAssemblies/Unity.Collections.DocCodeSamples.dll not valid. Loading of assembly skipped.
Assembly Unity.Collections.PerformanceTests.dll at Library/ScriptAssemblies/Unity.Collections.PerformanceTests.dll not valid. Loading of assembly skipped.
Assembly Unity.Collections.Tests.dll at Library/ScriptAssemblies/Unity.Collections.Tests.dll not valid. Loading of assembly skipped.
Assembly Unity.Collections.Tests.Playmode.dll at Library/ScriptAssemblies/Unity.Collections.Tests.Playmode.dll not valid. Loading of assembly skipped.
Assembly Unity.InputSystem.IntegrationTests.dll at Library/ScriptAssemblies/Unity.InputSystem.IntegrationTests.dll not valid. Loading of assembly skipped.
Assembly Unity.Mathematics.Tests.dll at Library/ScriptAssemblies/Unity.Mathematics.Tests.dll not valid. Loading of assembly skipped.
Assembly Unity.Multiplayer.Center.Editor.Tests.dll at Library/ScriptAssemblies/Unity.Multiplayer.Center.Editor.Tests.dll not valid. Loading of assembly skipped.
Assembly Unity.Multiplayer.Center.Tests.dll at Library/ScriptAssemblies/Unity.Multiplayer.Center.Tests.dll not valid. Loading of assembly skipped.
Assembly Unity.Nuget.Mono-Cecil.dll at Library/ScriptAssemblies/Unity.Nuget.Mono-Cecil.dll not valid. Loading of assembly skipped.
Assembly Unity.PathTracing.Editor.Tests.dll at Library/ScriptAssemblies/Unity.PathTracing.Editor.Tests.dll not valid. Loading of assembly skipped.
Assembly Unity.PathTracing.Runtime.Tests.dll at Library/ScriptAssemblies/Unity.PathTracing.Runtime.Tests.dll not valid. Loading of assembly skipped.
Assembly Unity.RenderPipelines.Core.Editor.Tests.dll at Library/ScriptAssemblies/Unity.RenderPipelines.Core.Editor.Tests.dll not valid. Loading of assembly skipped.
Assembly Unity.RenderPipelines.Core.Runtime.Tests.dll at Library/ScriptAssemblies/Unity.RenderPipelines.Core.Runtime.Tests.dll not valid. Loading of assembly skipped.
Assembly Unity.RenderPipelines.Universal.Config.Editor.Tests.dll at Library/ScriptAssemblies/Unity.RenderPipelines.Universal.Config.Editor.Tests.dll not valid. Loading of assembly skipped.
Assembly Unity.RenderPipelines.Universal.Editor.Tests.dll at Library/ScriptAssemblies/Unity.RenderPipelines.Universal.Editor.Tests.dll not valid. Loading of assembly skipped.
Assembly Unity.RenderPipelines.Universal.Runtime.Tests.dll at Library/ScriptAssemblies/Unity.RenderPipelines.Universal.Runtime.Tests.dll not valid. Loading of assembly skipped.
Assembly Unity.Searcher.EditorTests.dll at Library/ScriptAssemblies/Unity.Searcher.EditorTests.dll not valid. Loading of assembly skipped.
Assembly Unity.ShaderGraph.Editor.Tests.dll at Library/ScriptAssemblies/Unity.ShaderGraph.Editor.Tests.dll not valid. Loading of assembly skipped.
Assembly Unity.TextMeshPro.Editor.Tests.dll at Library/ScriptAssemblies/Unity.TextMeshPro.Editor.Tests.dll not valid. Loading of assembly skipped.
Assembly Unity.TextMeshPro.Tests.dll at Library/ScriptAssemblies/Unity.TextMeshPro.Tests.dll not valid. Loading of assembly skipped.
Assembly Unity.UnifiedRayTracing.Editor.Tests.dll at Library/ScriptAssemblies/Unity.UnifiedRayTracing.Editor.Tests.dll not valid. Loading of assembly skipped.
Assembly UnityEditor.UI.Common.Tests.dll at Library/ScriptAssemblies/UnityEditor.UI.Common.Tests.dll not valid. Loading of assembly skipped.
Assembly UnityEditor.UI.EditorTests.dll at Library/ScriptAssemblies/UnityEditor.UI.EditorTests.dll not valid. Loading of assembly skipped.
Assembly UnityEngine.UI.Tests.dll at Library/ScriptAssemblies/UnityEngine.UI.Tests.dll not valid. Loading of assembly skipped.
Native extension for WindowsStandalone target not found
Native extension for WebGL target not found
[Package Manager] Failed to launch server process. Reason: Unity was launched with the -noUpm command-line argument
[Package Manager] Unable to send message (not connected to server process).
[Package Manager] Cannot connect to Unity Package Manager local server
[Package Manager] Failed to launch server process. Reason: Unity was launched with the -noUpm command-line argument
[Package Manager] Unable to send message (not connected to server process).
[Package Manager] Cannot connect to Unity Package Manager local server
ScheduleIndexationOnStartup MainProcess:False IndexOnStartup:True
Mono: successfully reloaded assembly
- Finished resetting the current domain, in  0.744 seconds
Domain Reload Profiling: 6367ms
	BeginReloadAssembly (903ms)
		DisableScriptedObjects (11ms)
		CreateAndSetChildDomain (41ms)
	RebuildCommonClasses (284ms)
	RebuildNativeTypeToScriptingClass (12ms)
	initialDomainReloadingComplete (59ms)
	LoadAllAssembliesAndSetupDomain (4364ms)
		LoadAssemblies (4749ms)
		AnalyzeDomain (403ms)
			TypeCache.Refresh (9ms)
			BuildScriptInfoCaches (382ms)
			ResolveRequiredComponents (11ms)
	FinalizeReload (745ms)
		SetupLoadedEditorAssemblies (0ms)
			BeforeProcessingInitializeOnLoad (167ms)
			ProcessInitializeOnLoadAttributes (272ms)
			ProcessInitializeOnLoadMethodAttributes (81ms)
			AfterProcessingInitializeOnLoad (5ms)
		AwakeInstancesAfterBackupRestoration (15ms)
Unloading 24 Unused Serialized files (Serialized files now loaded: 0)
Unloading 7303 unused Assets / (5.2 MB). Loaded Objects now: 8273.
Memory consumption went from 195.3 MB to 190.0 MB.
Total: 8.710700 ms (FindLiveObjects: 0.802900 ms CreateObjectMapping: 0.790000 ms MarkObjects: 4.529000 ms  DeleteObjects: 2.587100 ms)

Prepare: number of updated asset objects reloaded= 0
========================================================================
Received Prepare
Begin MonoManager ReloadAssembly
[Licensing::Client] Successfully resolved entitlement details
Assembly Assembly-CSharp-Editor-firstpass.dll at Library/ScriptAssemblies/Assembly-CSharp-Editor-firstpass.dll not valid. Loading of assembly skipped.
Assembly Assembly-CSharp-Editor.dll at Library/ScriptAssemblies/Assembly-CSharp-Editor.dll not valid. Loading of assembly skipped.
Assembly Assembly-CSharp-firstpass.dll at Library/ScriptAssemblies/Assembly-CSharp-firstpass.dll not valid. Loading of assembly skipped.
Assembly DocCodeExamples.dll at Library/ScriptAssemblies/DocCodeExamples.dll not valid. Loading of assembly skipped.
Assembly TestNewCustomAssembly.dll at Library/ScriptAssemblies/TestNewCustomAssembly.dll not valid. Loading of assembly skipped.
Assembly Unity.2D.Animation.EditorTests.dll at Library/ScriptAssemblies/Unity.2D.Animation.EditorTests.dll not valid. Loading of assembly skipped.
Assembly Unity.2D.Aseprite.EditorTests.dll at Library/ScriptAssemblies/Unity.2D.Aseprite.EditorTests.dll not valid. Loading of assembly skipped.
Assembly Unity.2D.Common.EditorTests.dll at Library/ScriptAssemblies/Unity.2D.Common.EditorTests.dll not valid. Loading of assembly skipped.
Assembly Unity.2D.Psdimporter.EditorTests.dll at Library/ScriptAssemblies/Unity.2D.Psdimporter.EditorTests.dll not valid. Loading of assembly skipped.
Assembly Unity.2D.Sprite.Package.EditorTests.dll at Library/ScriptAssemblies/Unity.2D.Sprite.Package.EditorTests.dll not valid. Loading of assembly skipped.
Assembly Unity.2D.SpriteShape.EditorTests.dll at Library/ScriptAssemblies/Unity.2D.SpriteShape.EditorTests.dll not valid. Loading of assembly skipped.
Assembly Unity.2D.Tilemap.Package.EditorTests.dll at Library/ScriptAssemblies/Unity.2D.Tilemap.Package.EditorTests.dll not valid. Loading of assembly skipped.
Assembly Unity.Collections.BurstCompatibilityGen.dll at Library/ScriptAssemblies/Unity.Collections.BurstCompatibilityGen.dll not valid. Loading of assembly skipped.
Assembly Unity.Collections.DocCodeSamples.dll at Library/ScriptAssemblies/Unity.Collections.DocCodeSamples.dll not valid. Loading of assembly skipped.
Assembly Unity.Collections.PerformanceTests.dll at Library/ScriptAssemblies/Unity.Collections.PerformanceTests.dll not valid. Loading of assembly skipped.
Assembly Unity.Collections.Tests.dll at Library/ScriptAssemblies/Unity.Collections.Tests.dll not valid. Loading of assembly skipped.
Assembly Unity.Collections.Tests.Playmode.dll at Library/ScriptAssemblies/Unity.Collections.Tests.Playmode.dll not valid. Loading of assembly skipped.
Assembly Unity.InputSystem.IntegrationTests.dll at Library/ScriptAssemblies/Unity.InputSystem.IntegrationTests.dll not valid. Loading of assembly skipped.
Assembly Unity.Mathematics.Tests.dll at Library/ScriptAssemblies/Unity.Mathematics.Tests.dll not valid. Loading of assembly skipped.
Assembly Unity.Multiplayer.Center.Editor.Tests.dll at Library/ScriptAssemblies/Unity.Multiplayer.Center.Editor.Tests.dll not valid. Loading of assembly skipped.
Assembly Unity.Multiplayer.Center.Tests.dll at Library/ScriptAssemblies/Unity.Multiplayer.Center.Tests.dll not valid. Loading of assembly skipped.
Assembly Unity.Nuget.Mono-Cecil.dll at Library/ScriptAssemblies/Unity.Nuget.Mono-Cecil.dll not valid. Loading of assembly skipped.
Assembly Unity.PathTracing.Editor.Tests.dll at Library/ScriptAssemblies/Unity.PathTracing.Editor.Tests.dll not valid. Loading of assembly skipped.
Assembly Unity.PathTracing.Runtime.Tests.dll at Library/ScriptAssemblies/Unity.PathTracing.Runtime.Tests.dll not valid. Loading of assembly skipped.
Assembly Unity.RenderPipelines.Core.Editor.Tests.dll at Library/ScriptAssemblies/Unity.RenderPipelines.Core.Editor.Tests.dll not valid. Loading of assembly skipped.
Assembly Unity.RenderPipelines.Core.Runtime.Tests.dll at Library/ScriptAssemblies/Unity.RenderPipelines.Core.Runtime.Tests.dll not valid. Loading of assembly skipped.
Assembly Unity.RenderPipelines.Universal.Config.Editor.Tests.dll at Library/ScriptAssemblies/Unity.RenderPipelines.Universal.Config.Editor.Tests.dll not valid. Loading of assembly skipped.
Assembly Unity.RenderPipelines.Universal.Editor.Tests.dll at Library/ScriptAssemblies/Unity.RenderPipelines.Universal.Editor.Tests.dll not valid. Loading of assembly skipped.
Assembly Unity.RenderPipelines.Universal.Runtime.Tests.dll at Library/ScriptAssemblies/Unity.RenderPipelines.Universal.Runtime.Tests.dll not valid. Loading of assembly skipped.
Assembly Unity.Searcher.EditorTests.dll at Library/ScriptAssemblies/Unity.Searcher.EditorTests.dll not valid. Loading of assembly skipped.
Assembly Unity.ShaderGraph.Editor.Tests.dll at Library/ScriptAssemblies/Unity.ShaderGraph.Editor.Tests.dll not valid. Loading of assembly skipped.
Assembly Unity.TextMeshPro.Editor.Tests.dll at Library/ScriptAssemblies/Unity.TextMeshPro.Editor.Tests.dll not valid. Loading of assembly skipped.
Assembly Unity.TextMeshPro.Tests.dll at Library/ScriptAssemblies/Unity.TextMeshPro.Tests.dll not valid. Loading of assembly skipped.
Assembly Unity.UnifiedRayTracing.Editor.Tests.dll at Library/ScriptAssemblies/Unity.UnifiedRayTracing.Editor.Tests.dll not valid. Loading of assembly skipped.
Assembly UnityEditor.UI.Common.Tests.dll at Library/ScriptAssemblies/UnityEditor.UI.Common.Tests.dll not valid. Loading of assembly skipped.
Assembly UnityEditor.UI.EditorTests.dll at Library/ScriptAssemblies/UnityEditor.UI.EditorTests.dll not valid. Loading of assembly skipped.
Assembly UnityEngine.UI.Tests.dll at Library/ScriptAssemblies/UnityEngine.UI.Tests.dll not valid. Loading of assembly skipped.
Native extension for WindowsStandalone target not found
Native extension for WebGL target not found
[Package Manager] Failed to launch server process. Reason: Unity was launched with the -noUpm command-line argument
[Package Manager] Unable to send message (not connected to server process).
[Package Manager] Cannot connect to Unity Package Manager local server
[Package Manager] Failed to launch server process. Reason: Unity was launched with the -noUpm command-line argument
[Package Manager] Unable to send message (not connected to server process).
[Package Manager] Cannot connect to Unity Package Manager local server
ScheduleIndexationOnStartup MainProcess:False IndexOnStartup:True
Mono: successfully reloaded assembly
- Finished resetting the current domain, in  0.629 seconds
Domain Reload Profiling: 1305ms
	BeginReloadAssembly (186ms)
		DisableScriptedObjects (15ms)
		CreateAndSetChildDomain (40ms)
	RebuildCommonClasses (32ms)
	RebuildNativeTypeToScriptingClass (16ms)
	initialDomainReloadingComplete (48ms)
	LoadAllAssembliesAndSetupDomain (394ms)
		LoadAssemblies (274ms)
		AnalyzeDomain (186ms)
			TypeCache.Refresh (8ms)
			BuildScriptInfoCaches (167ms)
			ResolveRequiredComponents (10ms)
	FinalizeReload (629ms)
		SetupLoadedEditorAssemblies (0ms)
			BeforeProcessingInitializeOnLoad (135ms)
			ProcessInitializeOnLoadAttributes (246ms)
			ProcessInitializeOnLoadMethodAttributes (76ms)
			AfterProcessingInitializeOnLoad (4ms)
		AwakeInstancesAfterBackupRestoration (12ms)
Refreshing native plugins compatible for Editor in 2.23 ms, found 5 plugins.
Unloading 24 Unused Serialized files (Serialized files now loaded: 0)
Unloading 7303 unused Assets / (5.1 MB). Loaded Objects now: 8276.
Memory consumption went from 198.4 MB to 193.2 MB.
Total: 8.450800 ms (FindLiveObjects: 0.727900 ms CreateObjectMapping: 0.637100 ms MarkObjects: 4.376900 ms  DeleteObjects: 2.707300 ms)

Prepare: number of updated asset objects reloaded= 0
========================================================================
Received Prepare
Begin MonoManager ReloadAssembly
Assembly Assembly-CSharp-Editor-firstpass.dll at Library/ScriptAssemblies/Assembly-CSharp-Editor-firstpass.dll not valid. Loading of assembly skipped.
Assembly Assembly-CSharp-Editor.dll at Library/ScriptAssemblies/Assembly-CSharp-Editor.dll not valid. Loading of assembly skipped.
Assembly Assembly-CSharp-firstpass.dll at Library/ScriptAssemblies/Assembly-CSharp-firstpass.dll not valid. Loading of assembly skipped.
Assembly DocCodeExamples.dll at Library/ScriptAssemblies/DocCodeExamples.dll not valid. Loading of assembly skipped.
Assembly TestNewCustomAssembly.dll at Library/ScriptAssemblies/TestNewCustomAssembly.dll not valid. Loading of assembly skipped.
Assembly Unity.2D.Animation.EditorTests.dll at Library/ScriptAssemblies/Unity.2D.Animation.EditorTests.dll not valid. Loading of assembly skipped.
Assembly Unity.2D.Aseprite.EditorTests.dll at Library/ScriptAssemblies/Unity.2D.Aseprite.EditorTests.dll not valid. Loading of assembly skipped.
Assembly Unity.2D.Common.EditorTests.dll at Library/ScriptAssemblies/Unity.2D.Common.EditorTests.dll not valid. Loading of assembly skipped.
Assembly Unity.2D.Psdimporter.EditorTests.dll at Library/ScriptAssemblies/Unity.2D.Psdimporter.EditorTests.dll not valid. Loading of assembly skipped.
Assembly Unity.2D.Sprite.Package.EditorTests.dll at Library/ScriptAssemblies/Unity.2D.Sprite.Package.EditorTests.dll not valid. Loading of assembly skipped.
Assembly Unity.2D.SpriteShape.EditorTests.dll at Library/ScriptAssemblies/Unity.2D.SpriteShape.EditorTests.dll not valid. Loading of assembly skipped.
Assembly Unity.2D.Tilemap.Package.EditorTests.dll at Library/ScriptAssemblies/Unity.2D.Tilemap.Package.EditorTests.dll not valid. Loading of assembly skipped.
Assembly Unity.Collections.BurstCompatibilityGen.dll at Library/ScriptAssemblies/Unity.Collections.BurstCompatibilityGen.dll not valid. Loading of assembly skipped.
Assembly Unity.Collections.DocCodeSamples.dll at Library/ScriptAssemblies/Unity.Collections.DocCodeSamples.dll not valid. Loading of assembly skipped.
Assembly Unity.Collections.PerformanceTests.dll at Library/ScriptAssemblies/Unity.Collections.PerformanceTests.dll not valid. Loading of assembly skipped.
Assembly Unity.Collections.Tests.dll at Library/ScriptAssemblies/Unity.Collections.Tests.dll not valid. Loading of assembly skipped.
Assembly Unity.Collections.Tests.Playmode.dll at Library/ScriptAssemblies/Unity.Collections.Tests.Playmode.dll not valid. Loading of assembly skipped.
Assembly Unity.InputSystem.IntegrationTests.dll at Library/ScriptAssemblies/Unity.InputSystem.IntegrationTests.dll not valid. Loading of assembly skipped.
Assembly Unity.Mathematics.Tests.dll at Library/ScriptAssemblies/Unity.Mathematics.Tests.dll not valid. Loading of assembly skipped.
Assembly Unity.Multiplayer.Center.Editor.Tests.dll at Library/ScriptAssemblies/Unity.Multiplayer.Center.Editor.Tests.dll not valid. Loading of assembly skipped.
Assembly Unity.Multiplayer.Center.Tests.dll at Library/ScriptAssemblies/Unity.Multiplayer.Center.Tests.dll not valid. Loading of assembly skipped.
Assembly Unity.Nuget.Mono-Cecil.dll at Library/ScriptAssemblies/Unity.Nuget.Mono-Cecil.dll not valid. Loading of assembly skipped.
Assembly Unity.PathTracing.Editor.Tests.dll at Library/ScriptAssemblies/Unity.PathTracing.Editor.Tests.dll not valid. Loading of assembly skipped.
Assembly Unity.PathTracing.Runtime.Tests.dll at Library/ScriptAssemblies/Unity.PathTracing.Runtime.Tests.dll not valid. Loading of assembly skipped.
Assembly Unity.RenderPipelines.Core.Editor.Tests.dll at Library/ScriptAssemblies/Unity.RenderPipelines.Core.Editor.Tests.dll not valid. Loading of assembly skipped.
Assembly Unity.RenderPipelines.Core.Runtime.Tests.dll at Library/ScriptAssemblies/Unity.RenderPipelines.Core.Runtime.Tests.dll not valid. Loading of assembly skipped.
Assembly Unity.RenderPipelines.Universal.Config.Editor.Tests.dll at Library/ScriptAssemblies/Unity.RenderPipelines.Universal.Config.Editor.Tests.dll not valid. Loading of assembly skipped.
Assembly Unity.RenderPipelines.Universal.Editor.Tests.dll at Library/ScriptAssemblies/Unity.RenderPipelines.Universal.Editor.Tests.dll not valid. Loading of assembly skipped.
Assembly Unity.RenderPipelines.Universal.Runtime.Tests.dll at Library/ScriptAssemblies/Unity.RenderPipelines.Universal.Runtime.Tests.dll not valid. Loading of assembly skipped.
Assembly Unity.Searcher.EditorTests.dll at Library/ScriptAssemblies/Unity.Searcher.EditorTests.dll not valid. Loading of assembly skipped.
Assembly Unity.ShaderGraph.Editor.Tests.dll at Library/ScriptAssemblies/Unity.ShaderGraph.Editor.Tests.dll not valid. Loading of assembly skipped.
Assembly Unity.TextMeshPro.Editor.Tests.dll at Library/ScriptAssemblies/Unity.TextMeshPro.Editor.Tests.dll not valid. Loading of assembly skipped.
Assembly Unity.TextMeshPro.Tests.dll at Library/ScriptAssemblies/Unity.TextMeshPro.Tests.dll not valid. Loading of assembly skipped.
Assembly Unity.UnifiedRayTracing.Editor.Tests.dll at Library/ScriptAssemblies/Unity.UnifiedRayTracing.Editor.Tests.dll not valid. Loading of assembly skipped.
Assembly UnityEditor.UI.Common.Tests.dll at Library/ScriptAssemblies/UnityEditor.UI.Common.Tests.dll not valid. Loading of assembly skipped.
Assembly UnityEditor.UI.EditorTests.dll at Library/ScriptAssemblies/UnityEditor.UI.EditorTests.dll not valid. Loading of assembly skipped.
Assembly UnityEngine.UI.Tests.dll at Library/ScriptAssemblies/UnityEngine.UI.Tests.dll not valid. Loading of assembly skipped.
Native extension for WindowsStandalone target not found
Native extension for WebGL target not found
[Package Manager] Failed to launch server process. Reason: Unity was launched with the -noUpm command-line argument
[Package Manager] Unable to send message (not connected to server process).
[Package Manager] Cannot connect to Unity Package Manager local server
[Package Manager] Failed to launch server process. Reason: Unity was launched with the -noUpm command-line argument
[Package Manager] Unable to send message (not connected to server process).
[Package Manager] Cannot connect to Unity Package Manager local server
ScheduleIndexationOnStartup MainProcess:False IndexOnStartup:True
Mono: successfully reloaded assembly
- Finished resetting the current domain, in  0.630 seconds
Domain Reload Profiling: 1301ms
	BeginReloadAssembly (182ms)
		DisableScriptedObjects (10ms)
		CreateAndSetChildDomain (44ms)
	RebuildCommonClasses (31ms)
	RebuildNativeTypeToScriptingClass (11ms)
	initialDomainReloadingComplete (49ms)
	LoadAllAssembliesAndSetupDomain (398ms)
		LoadAssemblies (283ms)
		AnalyzeDomain (182ms)
			TypeCache.Refresh (8ms)
			BuildScriptInfoCaches (163ms)
			ResolveRequiredComponents (9ms)
	FinalizeReload (631ms)
		SetupLoadedEditorAssemblies (0ms)
			BeforeProcessingInitializeOnLoad (136ms)
			ProcessInitializeOnLoadAttributes (263ms)
			ProcessInitializeOnLoadMethodAttributes (70ms)
			AfterProcessingInitializeOnLoad (4ms)
		AwakeInstancesAfterBackupRestoration (12ms)
Unloading 24 Unused Serialized files (Serialized files now loaded: 0)
Unloading 7303 unused Assets / (5.2 MB). Loaded Objects now: 8279.
Memory consumption went from 201.5 MB to 196.2 MB.
Total: 8.508200 ms (FindLiveObjects: 0.771400 ms CreateObjectMapping: 0.565800 ms MarkObjects: 4.311500 ms  DeleteObjects: 2.857800 ms)

Prepare: number of updated asset objects reloaded= 0
========================================================================
Received Prepare
Begin MonoManager ReloadAssembly
[Licensing::Client] Successfully resolved entitlement details
Assembly Assembly-CSharp-Editor-firstpass.dll at Library/ScriptAssemblies/Assembly-CSharp-Editor-firstpass.dll not valid. Loading of assembly skipped.
Assembly Assembly-CSharp-Editor.dll at Library/ScriptAssemblies/Assembly-CSharp-Editor.dll not valid. Loading of assembly skipped.
Assembly Assembly-CSharp-firstpass.dll at Library/ScriptAssemblies/Assembly-CSharp-firstpass.dll not valid. Loading of assembly skipped.
Assembly DocCodeExamples.dll at Library/ScriptAssemblies/DocCodeExamples.dll not valid. Loading of assembly skipped.
Assembly TestNewCustomAssembly.dll at Library/ScriptAssemblies/TestNewCustomAssembly.dll not valid. Loading of assembly skipped.
Assembly Unity.2D.Animation.EditorTests.dll at Library/ScriptAssemblies/Unity.2D.Animation.EditorTests.dll not valid. Loading of assembly skipped.
Assembly Unity.2D.Aseprite.EditorTests.dll at Library/ScriptAssemblies/Unity.2D.Aseprite.EditorTests.dll not valid. Loading of assembly skipped.
Assembly Unity.2D.Common.EditorTests.dll at Library/ScriptAssemblies/Unity.2D.Common.EditorTests.dll not valid. Loading of assembly skipped.
Assembly Unity.2D.Psdimporter.EditorTests.dll at Library/ScriptAssemblies/Unity.2D.Psdimporter.EditorTests.dll not valid. Loading of assembly skipped.
Assembly Unity.2D.Sprite.Package.EditorTests.dll at Library/ScriptAssemblies/Unity.2D.Sprite.Package.EditorTests.dll not valid. Loading of assembly skipped.
Assembly Unity.2D.SpriteShape.EditorTests.dll at Library/ScriptAssemblies/Unity.2D.SpriteShape.EditorTests.dll not valid. Loading of assembly skipped.
Assembly Unity.2D.Tilemap.Package.EditorTests.dll at Library/ScriptAssemblies/Unity.2D.Tilemap.Package.EditorTests.dll not valid. Loading of assembly skipped.
Assembly Unity.Collections.BurstCompatibilityGen.dll at Library/ScriptAssemblies/Unity.Collections.BurstCompatibilityGen.dll not valid. Loading of assembly skipped.
Assembly Unity.Collections.DocCodeSamples.dll at Library/ScriptAssemblies/Unity.Collections.DocCodeSamples.dll not valid. Loading of assembly skipped.
Assembly Unity.Collections.PerformanceTests.dll at Library/ScriptAssemblies/Unity.Collections.PerformanceTests.dll not valid. Loading of assembly skipped.
Assembly Unity.Collections.Tests.dll at Library/ScriptAssemblies/Unity.Collections.Tests.dll not valid. Loading of assembly skipped.
Assembly Unity.Collections.Tests.Playmode.dll at Library/ScriptAssemblies/Unity.Collections.Tests.Playmode.dll not valid. Loading of assembly skipped.
Assembly Unity.InputSystem.IntegrationTests.dll at Library/ScriptAssemblies/Unity.InputSystem.IntegrationTests.dll not valid. Loading of assembly skipped.
Assembly Unity.Mathematics.Tests.dll at Library/ScriptAssemblies/Unity.Mathematics.Tests.dll not valid. Loading of assembly skipped.
Assembly Unity.Multiplayer.Center.Editor.Tests.dll at Library/ScriptAssemblies/Unity.Multiplayer.Center.Editor.Tests.dll not valid. Loading of assembly skipped.
Assembly Unity.Multiplayer.Center.Tests.dll at Library/ScriptAssemblies/Unity.Multiplayer.Center.Tests.dll not valid. Loading of assembly skipped.
Assembly Unity.Nuget.Mono-Cecil.dll at Library/ScriptAssemblies/Unity.Nuget.Mono-Cecil.dll not valid. Loading of assembly skipped.
Assembly Unity.PathTracing.Editor.Tests.dll at Library/ScriptAssemblies/Unity.PathTracing.Editor.Tests.dll not valid. Loading of assembly skipped.
Assembly Unity.PathTracing.Runtime.Tests.dll at Library/ScriptAssemblies/Unity.PathTracing.Runtime.Tests.dll not valid. Loading of assembly skipped.
Assembly Unity.RenderPipelines.Core.Editor.Tests.dll at Library/ScriptAssemblies/Unity.RenderPipelines.Core.Editor.Tests.dll not valid. Loading of assembly skipped.
Assembly Unity.RenderPipelines.Core.Runtime.Tests.dll at Library/ScriptAssemblies/Unity.RenderPipelines.Core.Runtime.Tests.dll not valid. Loading of assembly skipped.
Assembly Unity.RenderPipelines.Universal.Config.Editor.Tests.dll at Library/ScriptAssemblies/Unity.RenderPipelines.Universal.Config.Editor.Tests.dll not valid. Loading of assembly skipped.
Assembly Unity.RenderPipelines.Universal.Editor.Tests.dll at Library/ScriptAssemblies/Unity.RenderPipelines.Universal.Editor.Tests.dll not valid. Loading of assembly skipped.
Assembly Unity.RenderPipelines.Universal.Runtime.Tests.dll at Library/ScriptAssemblies/Unity.RenderPipelines.Universal.Runtime.Tests.dll not valid. Loading of assembly skipped.
Assembly Unity.Searcher.EditorTests.dll at Library/ScriptAssemblies/Unity.Searcher.EditorTests.dll not valid. Loading of assembly skipped.
Assembly Unity.ShaderGraph.Editor.Tests.dll at Library/ScriptAssemblies/Unity.ShaderGraph.Editor.Tests.dll not valid. Loading of assembly skipped.
Assembly Unity.TextMeshPro.Editor.Tests.dll at Library/ScriptAssemblies/Unity.TextMeshPro.Editor.Tests.dll not valid. Loading of assembly skipped.
Assembly Unity.TextMeshPro.Tests.dll at Library/ScriptAssemblies/Unity.TextMeshPro.Tests.dll not valid. Loading of assembly skipped.
Assembly Unity.UnifiedRayTracing.Editor.Tests.dll at Library/ScriptAssemblies/Unity.UnifiedRayTracing.Editor.Tests.dll not valid. Loading of assembly skipped.
Assembly UnityEditor.UI.Common.Tests.dll at Library/ScriptAssemblies/UnityEditor.UI.Common.Tests.dll not valid. Loading of assembly skipped.
Assembly UnityEditor.UI.EditorTests.dll at Library/ScriptAssemblies/UnityEditor.UI.EditorTests.dll not valid. Loading of assembly skipped.
Assembly UnityEngine.UI.Tests.dll at Library/ScriptAssemblies/UnityEngine.UI.Tests.dll not valid. Loading of assembly skipped.
Native extension for WindowsStandalone target not found
Native extension for WebGL target not found
[Package Manager] Failed to launch server process. Reason: Unity was launched with the -noUpm command-line argument
[Package Manager] Unable to send message (not connected to server process).
[Package Manager] Cannot connect to Unity Package Manager local server
[Package Manager] Failed to launch server process. Reason: Unity was launched with the -noUpm command-line argument
[Package Manager] Unable to send message (not connected to server process).
[Package Manager] Cannot connect to Unity Package Manager local server
ScheduleIndexationOnStartup MainProcess:False IndexOnStartup:True
Mono: successfully reloaded assembly
- Finished resetting the current domain, in  0.630 seconds
Domain Reload Profiling: 1310ms
	BeginReloadAssembly (188ms)
		DisableScriptedObjects (12ms)
		CreateAndSetChildDomain (40ms)
	RebuildCommonClasses (34ms)
	RebuildNativeTypeToScriptingClass (11ms)
	initialDomainReloadingComplete (45ms)
	LoadAllAssembliesAndSetupDomain (402ms)
		LoadAssemblies (288ms)
		AnalyzeDomain (189ms)
			TypeCache.Refresh (8ms)
			BuildScriptInfoCaches (170ms)
			ResolveRequiredComponents (10ms)
	FinalizeReload (630ms)
		SetupLoadedEditorAssemblies (0ms)
			BeforeProcessingInitializeOnLoad (132ms)
			ProcessInitializeOnLoadAttributes (254ms)
			ProcessInitializeOnLoadMethodAttributes (73ms)
			AfterProcessingInitializeOnLoad (5ms)
		AwakeInstancesAfterBackupRestoration (16ms)
Unloading 24 Unused Serialized files (Serialized files now loaded: 0)
Unloading 7303 unused Assets / (5.5 MB). Loaded Objects now: 8282.
Memory consumption went from 204.6 MB to 199.0 MB.
Total: 9.001000 ms (FindLiveObjects: 0.745700 ms CreateObjectMapping: 0.637700 ms MarkObjects: 4.690600 ms  DeleteObjects: 2.925400 ms)

Prepare: number of updated asset objects reloaded= 0
========================================================================
Received Prepare
Refreshing native plugins compatible for Editor in 2.04 ms, found 5 plugins.
Unloading 24 Unused Serialized files (Serialized files now loaded: 0)
Unloading 7289 unused Assets / (5.7 MB). Loaded Objects now: 8283.
Memory consumption went from 207.8 MB to 202.1 MB.
Total: 8.834300 ms (FindLiveObjects: 0.716000 ms CreateObjectMapping: 0.581500 ms MarkObjects: 5.108000 ms  DeleteObjects: 2.427500 ms)

Prepare: number of updated asset objects reloaded= 0
========================================================================
Received Import Request.
  Time since last request: 1098.989772 seconds.
  path: Assets/CameraFollow.cs
  importAddress: Guid(30b2af0ef1dd77c44852d9930abddd47) Importer(815301076,1909f56bfc062723c751e8b465ee728b)
Start importing Assets/CameraFollow.cs using Guid(30b2af0ef1dd77c44852d9930abddd47) Importer(815301076,1909f56bfc062723c751e8b465ee728b) (PreviewImporter) -> (Import Result ID: 'f5a191f86b05820339823838996ed359') in 0.0045739 seconds [static and dynamic dependencies]. Details - ImportResultOutputID=425aab692972e087d5f8833aa43ab702 DependenciesID=cfc316afadc9817fd885b31d8f6996d3 StaticDependenciesID=478a11471f22532c73902d6e610b9cf3 
Number of updated asset objects reloaded before import = 0Number of asset objects unloaded after import = 0

========================================================================
Received Prepare
Begin MonoManager ReloadAssembly
[Licensing::Client] Successfully resolved entitlement details
Assembly Assembly-CSharp-Editor-firstpass.dll at Library/ScriptAssemblies/Assembly-CSharp-Editor-firstpass.dll not valid. Loading of assembly skipped.
Assembly Assembly-CSharp-Editor.dll at Library/ScriptAssemblies/Assembly-CSharp-Editor.dll not valid. Loading of assembly skipped.
Assembly Assembly-CSharp-firstpass.dll at Library/ScriptAssemblies/Assembly-CSharp-firstpass.dll not valid. Loading of assembly skipped.
Assembly DocCodeExamples.dll at Library/ScriptAssemblies/DocCodeExamples.dll not valid. Loading of assembly skipped.
Assembly TestNewCustomAssembly.dll at Library/ScriptAssemblies/TestNewCustomAssembly.dll not valid. Loading of assembly skipped.
Assembly Unity.2D.Animation.EditorTests.dll at Library/ScriptAssemblies/Unity.2D.Animation.EditorTests.dll not valid. Loading of assembly skipped.
Assembly Unity.2D.Aseprite.EditorTests.dll at Library/ScriptAssemblies/Unity.2D.Aseprite.EditorTests.dll not valid. Loading of assembly skipped.
Assembly Unity.2D.Common.EditorTests.dll at Library/ScriptAssemblies/Unity.2D.Common.EditorTests.dll not valid. Loading of assembly skipped.
Assembly Unity.2D.Psdimporter.EditorTests.dll at Library/ScriptAssemblies/Unity.2D.Psdimporter.EditorTests.dll not valid. Loading of assembly skipped.
Assembly Unity.2D.Sprite.Package.EditorTests.dll at Library/ScriptAssemblies/Unity.2D.Sprite.Package.EditorTests.dll not valid. Loading of assembly skipped.
Assembly Unity.2D.SpriteShape.EditorTests.dll at Library/ScriptAssemblies/Unity.2D.SpriteShape.EditorTests.dll not valid. Loading of assembly skipped.
Assembly Unity.2D.Tilemap.Package.EditorTests.dll at Library/ScriptAssemblies/Unity.2D.Tilemap.Package.EditorTests.dll not valid. Loading of assembly skipped.
Assembly Unity.Collections.BurstCompatibilityGen.dll at Library/ScriptAssemblies/Unity.Collections.BurstCompatibilityGen.dll not valid. Loading of assembly skipped.
Assembly Unity.Collections.DocCodeSamples.dll at Library/ScriptAssemblies/Unity.Collections.DocCodeSamples.dll not valid. Loading of assembly skipped.
Assembly Unity.Collections.PerformanceTests.dll at Library/ScriptAssemblies/Unity.Collections.PerformanceTests.dll not valid. Loading of assembly skipped.
Assembly Unity.Collections.Tests.dll at Library/ScriptAssemblies/Unity.Collections.Tests.dll not valid. Loading of assembly skipped.
Assembly Unity.Collections.Tests.Playmode.dll at Library/ScriptAssemblies/Unity.Collections.Tests.Playmode.dll not valid. Loading of assembly skipped.
Assembly Unity.InputSystem.IntegrationTests.dll at Library/ScriptAssemblies/Unity.InputSystem.IntegrationTests.dll not valid. Loading of assembly skipped.
Assembly Unity.Mathematics.Tests.dll at Library/ScriptAssemblies/Unity.Mathematics.Tests.dll not valid. Loading of assembly skipped.
Assembly Unity.Multiplayer.Center.Editor.Tests.dll at Library/ScriptAssemblies/Unity.Multiplayer.Center.Editor.Tests.dll not valid. Loading of assembly skipped.
Assembly Unity.Multiplayer.Center.Tests.dll at Library/ScriptAssemblies/Unity.Multiplayer.Center.Tests.dll not valid. Loading of assembly skipped.
Assembly Unity.Nuget.Mono-Cecil.dll at Library/ScriptAssemblies/Unity.Nuget.Mono-Cecil.dll not valid. Loading of assembly skipped.
Assembly Unity.PathTracing.Editor.Tests.dll at Library/ScriptAssemblies/Unity.PathTracing.Editor.Tests.dll not valid. Loading of assembly skipped.
Assembly Unity.PathTracing.Runtime.Tests.dll at Library/ScriptAssemblies/Unity.PathTracing.Runtime.Tests.dll not valid. Loading of assembly skipped.
Assembly Unity.RenderPipelines.Core.Editor.Tests.dll at Library/ScriptAssemblies/Unity.RenderPipelines.Core.Editor.Tests.dll not valid. Loading of assembly skipped.
Assembly Unity.RenderPipelines.Core.Runtime.Tests.dll at Library/ScriptAssemblies/Unity.RenderPipelines.Core.Runtime.Tests.dll not valid. Loading of assembly skipped.
Assembly Unity.RenderPipelines.Universal.Config.Editor.Tests.dll at Library/ScriptAssemblies/Unity.RenderPipelines.Universal.Config.Editor.Tests.dll not valid. Loading of assembly skipped.
Assembly Unity.RenderPipelines.Universal.Editor.Tests.dll at Library/ScriptAssemblies/Unity.RenderPipelines.Universal.Editor.Tests.dll not valid. Loading of assembly skipped.
Assembly Unity.RenderPipelines.Universal.Runtime.Tests.dll at Library/ScriptAssemblies/Unity.RenderPipelines.Universal.Runtime.Tests.dll not valid. Loading of assembly skipped.
Assembly Unity.Searcher.EditorTests.dll at Library/ScriptAssemblies/Unity.Searcher.EditorTests.dll not valid. Loading of assembly skipped.
Assembly Unity.ShaderGraph.Editor.Tests.dll at Library/ScriptAssemblies/Unity.ShaderGraph.Editor.Tests.dll not valid. Loading of assembly skipped.
Assembly Unity.TextMeshPro.Editor.Tests.dll at Library/ScriptAssemblies/Unity.TextMeshPro.Editor.Tests.dll not valid. Loading of assembly skipped.
Assembly Unity.TextMeshPro.Tests.dll at Library/ScriptAssemblies/Unity.TextMeshPro.Tests.dll not valid. Loading of assembly skipped.
Assembly Unity.UnifiedRayTracing.Editor.Tests.dll at Library/ScriptAssemblies/Unity.UnifiedRayTracing.Editor.Tests.dll not valid. Loading of assembly skipped.
Assembly UnityEditor.UI.Common.Tests.dll at Library/ScriptAssemblies/UnityEditor.UI.Common.Tests.dll not valid. Loading of assembly skipped.
Assembly UnityEditor.UI.EditorTests.dll at Library/ScriptAssemblies/UnityEditor.UI.EditorTests.dll not valid. Loading of assembly skipped.
Assembly UnityEngine.UI.Tests.dll at Library/ScriptAssemblies/UnityEngine.UI.Tests.dll not valid. Loading of assembly skipped.
Native extension for WindowsStandalone target not found
Native extension for WebGL target not found
[Package Manager] Failed to launch server process. Reason: Unity was launched with the -noUpm command-line argument
[Package Manager] Unable to send message (not connected to server process).
[Package Manager] Cannot connect to Unity Package Manager local server
[Package Manager] Failed to launch server process. Reason: Unity was launched with the -noUpm command-line argument
[Package Manager] Unable to send message (not connected to server process).
[Package Manager] Cannot connect to Unity Package Manager local server
ScheduleIndexationOnStartup MainProcess:False IndexOnStartup:True
Mono: successfully reloaded assembly
- Finished resetting the current domain, in  0.681 seconds
Domain Reload Profiling: 1766ms
	BeginReloadAssembly (242ms)
		DisableScriptedObjects (11ms)
		CreateAndSetChildDomain (53ms)
	RebuildCommonClasses (47ms)
	RebuildNativeTypeToScriptingClass (19ms)
	initialDomainReloadingComplete (90ms)
	LoadAllAssembliesAndSetupDomain (686ms)
		LoadAssemblies (480ms)
		AnalyzeDomain (314ms)
			TypeCache.Refresh (16ms)
			BuildScriptInfoCaches (282ms)
			ResolveRequiredComponents (13ms)
	FinalizeReload (682ms)
		SetupLoadedEditorAssemblies (0ms)
			BeforeProcessingInitializeOnLoad (140ms)
			ProcessInitializeOnLoadAttributes (283ms)
			ProcessInitializeOnLoadMethodAttributes (77ms)
			AfterProcessingInitializeOnLoad (4ms)
		AwakeInstancesAfterBackupRestoration (17ms)
Unloading 24 Unused Serialized files (Serialized files now loaded: 0)
Unloading 7304 unused Assets / (5.9 MB). Loaded Objects now: 8286.
Memory consumption went from 174.1 MB to 168.2 MB.
Total: 8.898100 ms (FindLiveObjects: 0.998800 ms CreateObjectMapping: 0.675100 ms MarkObjects: 4.652000 ms  DeleteObjects: 2.569900 ms)

Prepare: number of updated asset objects reloaded= 0
========================================================================
Received Import Request.
  Time since last request: 12.631441 seconds.
  path: Assets/CameraFollow.cs
  importAddress: Guid(30b2af0ef1dd77c44852d9930abddd47) Importer(815301076,1909f56bfc062723c751e8b465ee728b)
Start importing Assets/CameraFollow.cs using Guid(30b2af0ef1dd77c44852d9930abddd47) Importer(815301076,1909f56bfc062723c751e8b465ee728b) (PreviewImporter) -> (Import Result ID: 'b33e21ddfed77c08a388909fc72c315d') in 0.0024309 seconds [static and dynamic dependencies]. Details - ImportResultOutputID=425aab692972e087d5f8833aa43ab702 DependenciesID=2b8efa4631890f96f612a06ad0295897 StaticDependenciesID=478a11471f22532c73902d6e610b9cf3 
Number of updated asset objects reloaded before import = 0Number of asset objects unloaded after import = 0

========================================================================
Received Prepare
Begin MonoManager ReloadAssembly
Assembly Assembly-CSharp-Editor-firstpass.dll at Library/ScriptAssemblies/Assembly-CSharp-Editor-firstpass.dll not valid. Loading of assembly skipped.
Assembly Assembly-CSharp-Editor.dll at Library/ScriptAssemblies/Assembly-CSharp-Editor.dll not valid. Loading of assembly skipped.
Assembly Assembly-CSharp-firstpass.dll at Library/ScriptAssemblies/Assembly-CSharp-firstpass.dll not valid. Loading of assembly skipped.
Assembly DocCodeExamples.dll at Library/ScriptAssemblies/DocCodeExamples.dll not valid. Loading of assembly skipped.
Assembly TestNewCustomAssembly.dll at Library/ScriptAssemblies/TestNewCustomAssembly.dll not valid. Loading of assembly skipped.
Assembly Unity.2D.Animation.EditorTests.dll at Library/ScriptAssemblies/Unity.2D.Animation.EditorTests.dll not valid. Loading of assembly skipped.
Assembly Unity.2D.Aseprite.EditorTests.dll at Library/ScriptAssemblies/Unity.2D.Aseprite.EditorTests.dll not valid. Loading of assembly skipped.
Assembly Unity.2D.Common.EditorTests.dll at Library/ScriptAssemblies/Unity.2D.Common.EditorTests.dll not valid. Loading of assembly skipped.
Assembly Unity.2D.Psdimporter.EditorTests.dll at Library/ScriptAssemblies/Unity.2D.Psdimporter.EditorTests.dll not valid. Loading of assembly skipped.
Assembly Unity.2D.Sprite.Package.EditorTests.dll at Library/ScriptAssemblies/Unity.2D.Sprite.Package.EditorTests.dll not valid. Loading of assembly skipped.
Assembly Unity.2D.SpriteShape.EditorTests.dll at Library/ScriptAssemblies/Unity.2D.SpriteShape.EditorTests.dll not valid. Loading of assembly skipped.
Assembly Unity.2D.Tilemap.Package.EditorTests.dll at Library/ScriptAssemblies/Unity.2D.Tilemap.Package.EditorTests.dll not valid. Loading of assembly skipped.
Assembly Unity.Collections.BurstCompatibilityGen.dll at Library/ScriptAssemblies/Unity.Collections.BurstCompatibilityGen.dll not valid. Loading of assembly skipped.
Assembly Unity.Collections.DocCodeSamples.dll at Library/ScriptAssemblies/Unity.Collections.DocCodeSamples.dll not valid. Loading of assembly skipped.
Assembly Unity.Collections.PerformanceTests.dll at Library/ScriptAssemblies/Unity.Collections.PerformanceTests.dll not valid. Loading of assembly skipped.
Assembly Unity.Collections.Tests.dll at Library/ScriptAssemblies/Unity.Collections.Tests.dll not valid. Loading of assembly skipped.
Assembly Unity.Collections.Tests.Playmode.dll at Library/ScriptAssemblies/Unity.Collections.Tests.Playmode.dll not valid. Loading of assembly skipped.
Assembly Unity.InputSystem.IntegrationTests.dll at Library/ScriptAssemblies/Unity.InputSystem.IntegrationTests.dll not valid. Loading of assembly skipped.
Assembly Unity.Mathematics.Tests.dll at Library/ScriptAssemblies/Unity.Mathematics.Tests.dll not valid. Loading of assembly skipped.
Assembly Unity.Multiplayer.Center.Editor.Tests.dll at Library/ScriptAssemblies/Unity.Multiplayer.Center.Editor.Tests.dll not valid. Loading of assembly skipped.
Assembly Unity.Multiplayer.Center.Tests.dll at Library/ScriptAssemblies/Unity.Multiplayer.Center.Tests.dll not valid. Loading of assembly skipped.
Assembly Unity.Nuget.Mono-Cecil.dll at Library/ScriptAssemblies/Unity.Nuget.Mono-Cecil.dll not valid. Loading of assembly skipped.
Assembly Unity.PathTracing.Editor.Tests.dll at Library/ScriptAssemblies/Unity.PathTracing.Editor.Tests.dll not valid. Loading of assembly skipped.
Assembly Unity.PathTracing.Runtime.Tests.dll at Library/ScriptAssemblies/Unity.PathTracing.Runtime.Tests.dll not valid. Loading of assembly skipped.
Assembly Unity.RenderPipelines.Core.Editor.Tests.dll at Library/ScriptAssemblies/Unity.RenderPipelines.Core.Editor.Tests.dll not valid. Loading of assembly skipped.
Assembly Unity.RenderPipelines.Core.Runtime.Tests.dll at Library/ScriptAssemblies/Unity.RenderPipelines.Core.Runtime.Tests.dll not valid. Loading of assembly skipped.
Assembly Unity.RenderPipelines.Universal.Config.Editor.Tests.dll at Library/ScriptAssemblies/Unity.RenderPipelines.Universal.Config.Editor.Tests.dll not valid. Loading of assembly skipped.
Assembly Unity.RenderPipelines.Universal.Editor.Tests.dll at Library/ScriptAssemblies/Unity.RenderPipelines.Universal.Editor.Tests.dll not valid. Loading of assembly skipped.
Assembly Unity.RenderPipelines.Universal.Runtime.Tests.dll at Library/ScriptAssemblies/Unity.RenderPipelines.Universal.Runtime.Tests.dll not valid. Loading of assembly skipped.
Assembly Unity.Searcher.EditorTests.dll at Library/ScriptAssemblies/Unity.Searcher.EditorTests.dll not valid. Loading of assembly skipped.
Assembly Unity.ShaderGraph.Editor.Tests.dll at Library/ScriptAssemblies/Unity.ShaderGraph.Editor.Tests.dll not valid. Loading of assembly skipped.
Assembly Unity.TextMeshPro.Editor.Tests.dll at Library/ScriptAssemblies/Unity.TextMeshPro.Editor.Tests.dll not valid. Loading of assembly skipped.
Assembly Unity.TextMeshPro.Tests.dll at Library/ScriptAssemblies/Unity.TextMeshPro.Tests.dll not valid. Loading of assembly skipped.
Assembly Unity.UnifiedRayTracing.Editor.Tests.dll at Library/ScriptAssemblies/Unity.UnifiedRayTracing.Editor.Tests.dll not valid. Loading of assembly skipped.
Assembly UnityEditor.UI.Common.Tests.dll at Library/ScriptAssemblies/UnityEditor.UI.Common.Tests.dll not valid. Loading of assembly skipped.
Assembly UnityEditor.UI.EditorTests.dll at Library/ScriptAssemblies/UnityEditor.UI.EditorTests.dll not valid. Loading of assembly skipped.
Assembly UnityEngine.UI.Tests.dll at Library/ScriptAssemblies/UnityEngine.UI.Tests.dll not valid. Loading of assembly skipped.
Native extension for WindowsStandalone target not found
Native extension for WebGL target not found
[Package Manager] Failed to launch server process. Reason: Unity was launched with the -noUpm command-line argument
[Package Manager] Unable to send message (not connected to server process).
[Package Manager] Cannot connect to Unity Package Manager local server
[Package Manager] Failed to launch server process. Reason: Unity was launched with the -noUpm command-line argument
[Package Manager] Unable to send message (not connected to server process).
[Package Manager] Cannot connect to Unity Package Manager local server
ScheduleIndexationOnStartup MainProcess:False IndexOnStartup:True
Mono: successfully reloaded assembly
- Finished resetting the current domain, in  0.691 seconds
Domain Reload Profiling: 1397ms
	BeginReloadAssembly (191ms)
		DisableScriptedObjects (12ms)
		CreateAndSetChildDomain (40ms)
	RebuildCommonClasses (32ms)
	RebuildNativeTypeToScriptingClass (11ms)
	initialDomainReloadingComplete (56ms)
	LoadAllAssembliesAndSetupDomain (415ms)
		LoadAssemblies (307ms)
		AnalyzeDomain (185ms)
			TypeCache.Refresh (11ms)
			BuildScriptInfoCaches (163ms)
			ResolveRequiredComponents (9ms)
	FinalizeReload (691ms)
		SetupLoadedEditorAssemblies (0ms)
			BeforeProcessingInitializeOnLoad (144ms)
			ProcessInitializeOnLoadAttributes (274ms)
			ProcessInitializeOnLoadMethodAttributes (81ms)
			AfterProcessingInitializeOnLoad (4ms)
		AwakeInstancesAfterBackupRestoration (17ms)
Unloading 24 Unused Serialized files (Serialized files now loaded: 0)
Unloading 7304 unused Assets / (5.7 MB). Loaded Objects now: 8289.
Memory consumption went from 174.2 MB to 168.4 MB.
Total: 8.519100 ms (FindLiveObjects: 0.712900 ms CreateObjectMapping: 0.587200 ms MarkObjects: 4.757500 ms  DeleteObjects: 2.459900 ms)

Prepare: number of updated asset objects reloaded= 0
========================================================================
Received Prepare
Begin MonoManager ReloadAssembly
Assembly Assembly-CSharp-Editor-firstpass.dll at Library/ScriptAssemblies/Assembly-CSharp-Editor-firstpass.dll not valid. Loading of assembly skipped.
Assembly Assembly-CSharp-Editor.dll at Library/ScriptAssemblies/Assembly-CSharp-Editor.dll not valid. Loading of assembly skipped.
Assembly Assembly-CSharp-firstpass.dll at Library/ScriptAssemblies/Assembly-CSharp-firstpass.dll not valid. Loading of assembly skipped.
Assembly DocCodeExamples.dll at Library/ScriptAssemblies/DocCodeExamples.dll not valid. Loading of assembly skipped.
Assembly TestNewCustomAssembly.dll at Library/ScriptAssemblies/TestNewCustomAssembly.dll not valid. Loading of assembly skipped.
Assembly Unity.2D.Animation.EditorTests.dll at Library/ScriptAssemblies/Unity.2D.Animation.EditorTests.dll not valid. Loading of assembly skipped.
Assembly Unity.2D.Aseprite.EditorTests.dll at Library/ScriptAssemblies/Unity.2D.Aseprite.EditorTests.dll not valid. Loading of assembly skipped.
Assembly Unity.2D.Common.EditorTests.dll at Library/ScriptAssemblies/Unity.2D.Common.EditorTests.dll not valid. Loading of assembly skipped.
Assembly Unity.2D.Psdimporter.EditorTests.dll at Library/ScriptAssemblies/Unity.2D.Psdimporter.EditorTests.dll not valid. Loading of assembly skipped.
Assembly Unity.2D.Sprite.Package.EditorTests.dll at Library/ScriptAssemblies/Unity.2D.Sprite.Package.EditorTests.dll not valid. Loading of assembly skipped.
Assembly Unity.2D.SpriteShape.EditorTests.dll at Library/ScriptAssemblies/Unity.2D.SpriteShape.EditorTests.dll not valid. Loading of assembly skipped.
Assembly Unity.2D.Tilemap.Package.EditorTests.dll at Library/ScriptAssemblies/Unity.2D.Tilemap.Package.EditorTests.dll not valid. Loading of assembly skipped.
Assembly Unity.Collections.BurstCompatibilityGen.dll at Library/ScriptAssemblies/Unity.Collections.BurstCompatibilityGen.dll not valid. Loading of assembly skipped.
Assembly Unity.Collections.DocCodeSamples.dll at Library/ScriptAssemblies/Unity.Collections.DocCodeSamples.dll not valid. Loading of assembly skipped.
Assembly Unity.Collections.PerformanceTests.dll at Library/ScriptAssemblies/Unity.Collections.PerformanceTests.dll not valid. Loading of assembly skipped.
Assembly Unity.Collections.Tests.dll at Library/ScriptAssemblies/Unity.Collections.Tests.dll not valid. Loading of assembly skipped.
Assembly Unity.Collections.Tests.Playmode.dll at Library/ScriptAssemblies/Unity.Collections.Tests.Playmode.dll not valid. Loading of assembly skipped.
Assembly Unity.InputSystem.IntegrationTests.dll at Library/ScriptAssemblies/Unity.InputSystem.IntegrationTests.dll not valid. Loading of assembly skipped.
Assembly Unity.Mathematics.Tests.dll at Library/ScriptAssemblies/Unity.Mathematics.Tests.dll not valid. Loading of assembly skipped.
Assembly Unity.Multiplayer.Center.Editor.Tests.dll at Library/ScriptAssemblies/Unity.Multiplayer.Center.Editor.Tests.dll not valid. Loading of assembly skipped.
Assembly Unity.Multiplayer.Center.Tests.dll at Library/ScriptAssemblies/Unity.Multiplayer.Center.Tests.dll not valid. Loading of assembly skipped.
Assembly Unity.Nuget.Mono-Cecil.dll at Library/ScriptAssemblies/Unity.Nuget.Mono-Cecil.dll not valid. Loading of assembly skipped.
Assembly Unity.PathTracing.Editor.Tests.dll at Library/ScriptAssemblies/Unity.PathTracing.Editor.Tests.dll not valid. Loading of assembly skipped.
Assembly Unity.PathTracing.Runtime.Tests.dll at Library/ScriptAssemblies/Unity.PathTracing.Runtime.Tests.dll not valid. Loading of assembly skipped.
Assembly Unity.RenderPipelines.Core.Editor.Tests.dll at Library/ScriptAssemblies/Unity.RenderPipelines.Core.Editor.Tests.dll not valid. Loading of assembly skipped.
Assembly Unity.RenderPipelines.Core.Runtime.Tests.dll at Library/ScriptAssemblies/Unity.RenderPipelines.Core.Runtime.Tests.dll not valid. Loading of assembly skipped.
Assembly Unity.RenderPipelines.Universal.Config.Editor.Tests.dll at Library/ScriptAssemblies/Unity.RenderPipelines.Universal.Config.Editor.Tests.dll not valid. Loading of assembly skipped.
Assembly Unity.RenderPipelines.Universal.Editor.Tests.dll at Library/ScriptAssemblies/Unity.RenderPipelines.Universal.Editor.Tests.dll not valid. Loading of assembly skipped.
Assembly Unity.RenderPipelines.Universal.Runtime.Tests.dll at Library/ScriptAssemblies/Unity.RenderPipelines.Universal.Runtime.Tests.dll not valid. Loading of assembly skipped.
Assembly Unity.Searcher.EditorTests.dll at Library/ScriptAssemblies/Unity.Searcher.EditorTests.dll not valid. Loading of assembly skipped.
Assembly Unity.ShaderGraph.Editor.Tests.dll at Library/ScriptAssemblies/Unity.ShaderGraph.Editor.Tests.dll not valid. Loading of assembly skipped.
Assembly Unity.TextMeshPro.Editor.Tests.dll at Library/ScriptAssemblies/Unity.TextMeshPro.Editor.Tests.dll not valid. Loading of assembly skipped.
Assembly Unity.TextMeshPro.Tests.dll at Library/ScriptAssemblies/Unity.TextMeshPro.Tests.dll not valid. Loading of assembly skipped.
Assembly Unity.UnifiedRayTracing.Editor.Tests.dll at Library/ScriptAssemblies/Unity.UnifiedRayTracing.Editor.Tests.dll not valid. Loading of assembly skipped.
Assembly UnityEditor.UI.Common.Tests.dll at Library/ScriptAssemblies/UnityEditor.UI.Common.Tests.dll not valid. Loading of assembly skipped.
Assembly UnityEditor.UI.EditorTests.dll at Library/ScriptAssemblies/UnityEditor.UI.EditorTests.dll not valid. Loading of assembly skipped.
Assembly UnityEngine.UI.Tests.dll at Library/ScriptAssemblies/UnityEngine.UI.Tests.dll not valid. Loading of assembly skipped.
Native extension for WindowsStandalone target not found
Native extension for WebGL target not found
[Package Manager] Failed to launch server process. Reason: Unity was launched with the -noUpm command-line argument
[Package Manager] Unable to send message (not connected to server process).
[Package Manager] Cannot connect to Unity Package Manager local server
[Package Manager] Failed to launch server process. Reason: Unity was launched with the -noUpm command-line argument
[Package Manager] Unable to send message (not connected to server process).
[Package Manager] Cannot connect to Unity Package Manager local server
ScheduleIndexationOnStartup MainProcess:False IndexOnStartup:True
Mono: successfully reloaded assembly
- Finished resetting the current domain, in  0.615 seconds
Domain Reload Profiling: 1296ms
	BeginReloadAssembly (186ms)
		DisableScriptedObjects (11ms)
		CreateAndSetChildDomain (43ms)
	RebuildCommonClasses (32ms)
	RebuildNativeTypeToScriptingClass (10ms)
	initialDomainReloadingComplete (52ms)
	LoadAllAssembliesAndSetupDomain (401ms)
		LoadAssemblies (293ms)
		AnalyzeDomain (182ms)
			TypeCache.Refresh (8ms)
			BuildScriptInfoCaches (163ms)
			ResolveRequiredComponents (9ms)
	FinalizeReload (615ms)
		SetupLoadedEditorAssemblies (0ms)
			BeforeProcessingInitializeOnLoad (136ms)
			ProcessInitializeOnLoadAttributes (249ms)
			ProcessInitializeOnLoadMethodAttributes (70ms)
			AfterProcessingInitializeOnLoad (3ms)
		AwakeInstancesAfterBackupRestoration (12ms)
Unloading 24 Unused Serialized files (Serialized files now loaded: 0)
Unloading 7304 unused Assets / (4.9 MB). Loaded Objects now: 8292.
Memory consumption went from 177.3 MB to 172.3 MB.
Total: 7.620200 ms (FindLiveObjects: 0.614400 ms CreateObjectMapping: 0.527800 ms MarkObjects: 4.275400 ms  DeleteObjects: 2.201200 ms)

Prepare: number of updated asset objects reloaded= 0
========================================================================
Received Prepare
Begin MonoManager ReloadAssembly
[Licensing::Client] Successfully resolved entitlement details
Assembly Assembly-CSharp-Editor-firstpass.dll at Library/ScriptAssemblies/Assembly-CSharp-Editor-firstpass.dll not valid. Loading of assembly skipped.
Assembly Assembly-CSharp-Editor.dll at Library/ScriptAssemblies/Assembly-CSharp-Editor.dll not valid. Loading of assembly skipped.
Assembly Assembly-CSharp-firstpass.dll at Library/ScriptAssemblies/Assembly-CSharp-firstpass.dll not valid. Loading of assembly skipped.
Assembly DocCodeExamples.dll at Library/ScriptAssemblies/DocCodeExamples.dll not valid. Loading of assembly skipped.
Assembly TestNewCustomAssembly.dll at Library/ScriptAssemblies/TestNewCustomAssembly.dll not valid. Loading of assembly skipped.
Assembly Unity.2D.Animation.EditorTests.dll at Library/ScriptAssemblies/Unity.2D.Animation.EditorTests.dll not valid. Loading of assembly skipped.
Assembly Unity.2D.Aseprite.EditorTests.dll at Library/ScriptAssemblies/Unity.2D.Aseprite.EditorTests.dll not valid. Loading of assembly skipped.
Assembly Unity.2D.Common.EditorTests.dll at Library/ScriptAssemblies/Unity.2D.Common.EditorTests.dll not valid. Loading of assembly skipped.
Assembly Unity.2D.Psdimporter.EditorTests.dll at Library/ScriptAssemblies/Unity.2D.Psdimporter.EditorTests.dll not valid. Loading of assembly skipped.
Assembly Unity.2D.Sprite.Package.EditorTests.dll at Library/ScriptAssemblies/Unity.2D.Sprite.Package.EditorTests.dll not valid. Loading of assembly skipped.
Assembly Unity.2D.SpriteShape.EditorTests.dll at Library/ScriptAssemblies/Unity.2D.SpriteShape.EditorTests.dll not valid. Loading of assembly skipped.
Assembly Unity.2D.Tilemap.Package.EditorTests.dll at Library/ScriptAssemblies/Unity.2D.Tilemap.Package.EditorTests.dll not valid. Loading of assembly skipped.
Assembly Unity.Collections.BurstCompatibilityGen.dll at Library/ScriptAssemblies/Unity.Collections.BurstCompatibilityGen.dll not valid. Loading of assembly skipped.
Assembly Unity.Collections.DocCodeSamples.dll at Library/ScriptAssemblies/Unity.Collections.DocCodeSamples.dll not valid. Loading of assembly skipped.
Assembly Unity.Collections.PerformanceTests.dll at Library/ScriptAssemblies/Unity.Collections.PerformanceTests.dll not valid. Loading of assembly skipped.
Assembly Unity.Collections.Tests.dll at Library/ScriptAssemblies/Unity.Collections.Tests.dll not valid. Loading of assembly skipped.
Assembly Unity.Collections.Tests.Playmode.dll at Library/ScriptAssemblies/Unity.Collections.Tests.Playmode.dll not valid. Loading of assembly skipped.
Assembly Unity.InputSystem.IntegrationTests.dll at Library/ScriptAssemblies/Unity.InputSystem.IntegrationTests.dll not valid. Loading of assembly skipped.
Assembly Unity.Mathematics.Tests.dll at Library/ScriptAssemblies/Unity.Mathematics.Tests.dll not valid. Loading of assembly skipped.
Assembly Unity.Multiplayer.Center.Editor.Tests.dll at Library/ScriptAssemblies/Unity.Multiplayer.Center.Editor.Tests.dll not valid. Loading of assembly skipped.
Assembly Unity.Multiplayer.Center.Tests.dll at Library/ScriptAssemblies/Unity.Multiplayer.Center.Tests.dll not valid. Loading of assembly skipped.
Assembly Unity.Nuget.Mono-Cecil.dll at Library/ScriptAssemblies/Unity.Nuget.Mono-Cecil.dll not valid. Loading of assembly skipped.
Assembly Unity.PathTracing.Editor.Tests.dll at Library/ScriptAssemblies/Unity.PathTracing.Editor.Tests.dll not valid. Loading of assembly skipped.
Assembly Unity.PathTracing.Runtime.Tests.dll at Library/ScriptAssemblies/Unity.PathTracing.Runtime.Tests.dll not valid. Loading of assembly skipped.
Assembly Unity.RenderPipelines.Core.Editor.Tests.dll at Library/ScriptAssemblies/Unity.RenderPipelines.Core.Editor.Tests.dll not valid. Loading of assembly skipped.
Assembly Unity.RenderPipelines.Core.Runtime.Tests.dll at Library/ScriptAssemblies/Unity.RenderPipelines.Core.Runtime.Tests.dll not valid. Loading of assembly skipped.
Assembly Unity.RenderPipelines.Universal.Config.Editor.Tests.dll at Library/ScriptAssemblies/Unity.RenderPipelines.Universal.Config.Editor.Tests.dll not valid. Loading of assembly skipped.
Assembly Unity.RenderPipelines.Universal.Editor.Tests.dll at Library/ScriptAssemblies/Unity.RenderPipelines.Universal.Editor.Tests.dll not valid. Loading of assembly skipped.
Assembly Unity.RenderPipelines.Universal.Runtime.Tests.dll at Library/ScriptAssemblies/Unity.RenderPipelines.Universal.Runtime.Tests.dll not valid. Loading of assembly skipped.
Assembly Unity.Searcher.EditorTests.dll at Library/ScriptAssemblies/Unity.Searcher.EditorTests.dll not valid. Loading of assembly skipped.
Assembly Unity.ShaderGraph.Editor.Tests.dll at Library/ScriptAssemblies/Unity.ShaderGraph.Editor.Tests.dll not valid. Loading of assembly skipped.
Assembly Unity.TextMeshPro.Editor.Tests.dll at Library/ScriptAssemblies/Unity.TextMeshPro.Editor.Tests.dll not valid. Loading of assembly skipped.
Assembly Unity.TextMeshPro.Tests.dll at Library/ScriptAssemblies/Unity.TextMeshPro.Tests.dll not valid. Loading of assembly skipped.
Assembly Unity.UnifiedRayTracing.Editor.Tests.dll at Library/ScriptAssemblies/Unity.UnifiedRayTracing.Editor.Tests.dll not valid. Loading of assembly skipped.
Assembly UnityEditor.UI.Common.Tests.dll at Library/ScriptAssemblies/UnityEditor.UI.Common.Tests.dll not valid. Loading of assembly skipped.
Assembly UnityEditor.UI.EditorTests.dll at Library/ScriptAssemblies/UnityEditor.UI.EditorTests.dll not valid. Loading of assembly skipped.
Assembly UnityEngine.UI.Tests.dll at Library/ScriptAssemblies/UnityEngine.UI.Tests.dll not valid. Loading of assembly skipped.
Native extension for WindowsStandalone target not found
Native extension for WebGL target not found
[Package Manager] Failed to launch server process. Reason: Unity was launched with the -noUpm command-line argument
[Package Manager] Unable to send message (not connected to server process).
[Package Manager] Cannot connect to Unity Package Manager local server
[Package Manager] Failed to launch server process. Reason: Unity was launched with the -noUpm command-line argument
[Package Manager] Unable to send message (not connected to server process).
[Package Manager] Cannot connect to Unity Package Manager local server
ScheduleIndexationOnStartup MainProcess:False IndexOnStartup:True
Mono: successfully reloaded assembly
- Finished resetting the current domain, in  0.631 seconds
Domain Reload Profiling: 1297ms
	BeginReloadAssembly (180ms)
		DisableScriptedObjects (13ms)
		CreateAndSetChildDomain (38ms)
	RebuildCommonClasses (31ms)
	RebuildNativeTypeToScriptingClass (11ms)
	initialDomainReloadingComplete (53ms)
	LoadAllAssembliesAndSetupDomain (391ms)
		LoadAssemblies (278ms)
		AnalyzeDomain (183ms)
			TypeCache.Refresh (8ms)
			BuildScriptInfoCaches (163ms)
			ResolveRequiredComponents (11ms)
	FinalizeReload (631ms)
		SetupLoadedEditorAssemblies (0ms)
			BeforeProcessingInitializeOnLoad (139ms)
			ProcessInitializeOnLoadAttributes (248ms)
			ProcessInitializeOnLoadMethodAttributes (72ms)
			AfterProcessingInitializeOnLoad (4ms)
		AwakeInstancesAfterBackupRestoration (12ms)
Unloading 24 Unused Serialized files (Serialized files now loaded: 0)
Unloading 7304 unused Assets / (5.4 MB). Loaded Objects now: 8295.
Memory consumption went from 180.4 MB to 175.0 MB.
Total: 8.785300 ms (FindLiveObjects: 0.699900 ms CreateObjectMapping: 0.596100 ms MarkObjects: 5.193500 ms  DeleteObjects: 2.294400 ms)

Prepare: number of updated asset objects reloaded= 0
========================================================================
Received Prepare
Begin MonoManager ReloadAssembly
Assembly Assembly-CSharp-Editor-firstpass.dll at Library/ScriptAssemblies/Assembly-CSharp-Editor-firstpass.dll not valid. Loading of assembly skipped.
Assembly Assembly-CSharp-Editor.dll at Library/ScriptAssemblies/Assembly-CSharp-Editor.dll not valid. Loading of assembly skipped.
Assembly Assembly-CSharp-firstpass.dll at Library/ScriptAssemblies/Assembly-CSharp-firstpass.dll not valid. Loading of assembly skipped.
Assembly DocCodeExamples.dll at Library/ScriptAssemblies/DocCodeExamples.dll not valid. Loading of assembly skipped.
Assembly TestNewCustomAssembly.dll at Library/ScriptAssemblies/TestNewCustomAssembly.dll not valid. Loading of assembly skipped.
Assembly Unity.2D.Animation.EditorTests.dll at Library/ScriptAssemblies/Unity.2D.Animation.EditorTests.dll not valid. Loading of assembly skipped.
Assembly Unity.2D.Aseprite.EditorTests.dll at Library/ScriptAssemblies/Unity.2D.Aseprite.EditorTests.dll not valid. Loading of assembly skipped.
Assembly Unity.2D.Common.EditorTests.dll at Library/ScriptAssemblies/Unity.2D.Common.EditorTests.dll not valid. Loading of assembly skipped.
Assembly Unity.2D.Psdimporter.EditorTests.dll at Library/ScriptAssemblies/Unity.2D.Psdimporter.EditorTests.dll not valid. Loading of assembly skipped.
Assembly Unity.2D.Sprite.Package.EditorTests.dll at Library/ScriptAssemblies/Unity.2D.Sprite.Package.EditorTests.dll not valid. Loading of assembly skipped.
Assembly Unity.2D.SpriteShape.EditorTests.dll at Library/ScriptAssemblies/Unity.2D.SpriteShape.EditorTests.dll not valid. Loading of assembly skipped.
Assembly Unity.2D.Tilemap.Package.EditorTests.dll at Library/ScriptAssemblies/Unity.2D.Tilemap.Package.EditorTests.dll not valid. Loading of assembly skipped.
Assembly Unity.Collections.BurstCompatibilityGen.dll at Library/ScriptAssemblies/Unity.Collections.BurstCompatibilityGen.dll not valid. Loading of assembly skipped.
Assembly Unity.Collections.DocCodeSamples.dll at Library/ScriptAssemblies/Unity.Collections.DocCodeSamples.dll not valid. Loading of assembly skipped.
Assembly Unity.Collections.PerformanceTests.dll at Library/ScriptAssemblies/Unity.Collections.PerformanceTests.dll not valid. Loading of assembly skipped.
Assembly Unity.Collections.Tests.dll at Library/ScriptAssemblies/Unity.Collections.Tests.dll not valid. Loading of assembly skipped.
Assembly Unity.Collections.Tests.Playmode.dll at Library/ScriptAssemblies/Unity.Collections.Tests.Playmode.dll not valid. Loading of assembly skipped.
Assembly Unity.InputSystem.IntegrationTests.dll at Library/ScriptAssemblies/Unity.InputSystem.IntegrationTests.dll not valid. Loading of assembly skipped.
Assembly Unity.Mathematics.Tests.dll at Library/ScriptAssemblies/Unity.Mathematics.Tests.dll not valid. Loading of assembly skipped.
Assembly Unity.Multiplayer.Center.Editor.Tests.dll at Library/ScriptAssemblies/Unity.Multiplayer.Center.Editor.Tests.dll not valid. Loading of assembly skipped.
Assembly Unity.Multiplayer.Center.Tests.dll at Library/ScriptAssemblies/Unity.Multiplayer.Center.Tests.dll not valid. Loading of assembly skipped.
Assembly Unity.Nuget.Mono-Cecil.dll at Library/ScriptAssemblies/Unity.Nuget.Mono-Cecil.dll not valid. Loading of assembly skipped.
Assembly Unity.PathTracing.Editor.Tests.dll at Library/ScriptAssemblies/Unity.PathTracing.Editor.Tests.dll not valid. Loading of assembly skipped.
Assembly Unity.PathTracing.Runtime.Tests.dll at Library/ScriptAssemblies/Unity.PathTracing.Runtime.Tests.dll not valid. Loading of assembly skipped.
Assembly Unity.RenderPipelines.Core.Editor.Tests.dll at Library/ScriptAssemblies/Unity.RenderPipelines.Core.Editor.Tests.dll not valid. Loading of assembly skipped.
Assembly Unity.RenderPipelines.Core.Runtime.Tests.dll at Library/ScriptAssemblies/Unity.RenderPipelines.Core.Runtime.Tests.dll not valid. Loading of assembly skipped.
Assembly Unity.RenderPipelines.Universal.Config.Editor.Tests.dll at Library/ScriptAssemblies/Unity.RenderPipelines.Universal.Config.Editor.Tests.dll not valid. Loading of assembly skipped.
Assembly Unity.RenderPipelines.Universal.Editor.Tests.dll at Library/ScriptAssemblies/Unity.RenderPipelines.Universal.Editor.Tests.dll not valid. Loading of assembly skipped.
Assembly Unity.RenderPipelines.Universal.Runtime.Tests.dll at Library/ScriptAssemblies/Unity.RenderPipelines.Universal.Runtime.Tests.dll not valid. Loading of assembly skipped.
Assembly Unity.Searcher.EditorTests.dll at Library/ScriptAssemblies/Unity.Searcher.EditorTests.dll not valid. Loading of assembly skipped.
Assembly Unity.ShaderGraph.Editor.Tests.dll at Library/ScriptAssemblies/Unity.ShaderGraph.Editor.Tests.dll not valid. Loading of assembly skipped.
Assembly Unity.TextMeshPro.Editor.Tests.dll at Library/ScriptAssemblies/Unity.TextMeshPro.Editor.Tests.dll not valid. Loading of assembly skipped.
Assembly Unity.TextMeshPro.Tests.dll at Library/ScriptAssemblies/Unity.TextMeshPro.Tests.dll not valid. Loading of assembly skipped.
Assembly Unity.UnifiedRayTracing.Editor.Tests.dll at Library/ScriptAssemblies/Unity.UnifiedRayTracing.Editor.Tests.dll not valid. Loading of assembly skipped.
Assembly UnityEditor.UI.Common.Tests.dll at Library/ScriptAssemblies/UnityEditor.UI.Common.Tests.dll not valid. Loading of assembly skipped.
Assembly UnityEditor.UI.EditorTests.dll at Library/ScriptAssemblies/UnityEditor.UI.EditorTests.dll not valid. Loading of assembly skipped.
Assembly UnityEngine.UI.Tests.dll at Library/ScriptAssemblies/UnityEngine.UI.Tests.dll not valid. Loading of assembly skipped.
Native extension for WindowsStandalone target not found
Native extension for WebGL target not found
[Package Manager] Failed to launch server process. Reason: Unity was launched with the -noUpm command-line argument
[Package Manager] Unable to send message (not connected to server process).
[Package Manager] Cannot connect to Unity Package Manager local server
[Package Manager] Failed to launch server process. Reason: Unity was launched with the -noUpm command-line argument
[Package Manager] Unable to send message (not connected to server process).
[Package Manager] Cannot connect to Unity Package Manager local server
ScheduleIndexationOnStartup MainProcess:False IndexOnStartup:True
Mono: successfully reloaded assembly
- Finished resetting the current domain, in  0.617 seconds
Domain Reload Profiling: 1283ms
	BeginReloadAssembly (169ms)
		DisableScriptedObjects (11ms)
		CreateAndSetChildDomain (38ms)
	RebuildCommonClasses (31ms)
	RebuildNativeTypeToScriptingClass (11ms)
	initialDomainReloadingComplete (53ms)
	LoadAllAssembliesAndSetupDomain (402ms)
		LoadAssemblies (271ms)
		AnalyzeDomain (192ms)
			TypeCache.Refresh (8ms)
			BuildScriptInfoCaches (172ms)
			ResolveRequiredComponents (10ms)
	FinalizeReload (618ms)
		SetupLoadedEditorAssemblies (0ms)
			BeforeProcessingInitializeOnLoad (131ms)
			ProcessInitializeOnLoadAttributes (247ms)
			ProcessInitializeOnLoadMethodAttributes (70ms)
			AfterProcessingInitializeOnLoad (4ms)
		AwakeInstancesAfterBackupRestoration (13ms)
Unloading 24 Unused Serialized files (Serialized files now loaded: 0)
Unloading 7304 unused Assets / (5.7 MB). Loaded Objects now: 8298.
Memory consumption went from 183.5 MB to 177.8 MB.
Total: 7.414600 ms (FindLiveObjects: 0.629000 ms CreateObjectMapping: 0.540000 ms MarkObjects: 4.016400 ms  DeleteObjects: 2.228400 ms)

Prepare: number of updated asset objects reloaded= 0
========================================================================
Received Prepare
Begin MonoManager ReloadAssembly
[Licensing::Client] Successfully resolved entitlement details
Assembly Assembly-CSharp-Editor-firstpass.dll at Library/ScriptAssemblies/Assembly-CSharp-Editor-firstpass.dll not valid. Loading of assembly skipped.
Assembly Assembly-CSharp-Editor.dll at Library/ScriptAssemblies/Assembly-CSharp-Editor.dll not valid. Loading of assembly skipped.
Assembly Assembly-CSharp-firstpass.dll at Library/ScriptAssemblies/Assembly-CSharp-firstpass.dll not valid. Loading of assembly skipped.
Assembly DocCodeExamples.dll at Library/ScriptAssemblies/DocCodeExamples.dll not valid. Loading of assembly skipped.
Assembly TestNewCustomAssembly.dll at Library/ScriptAssemblies/TestNewCustomAssembly.dll not valid. Loading of assembly skipped.
Assembly Unity.2D.Animation.EditorTests.dll at Library/ScriptAssemblies/Unity.2D.Animation.EditorTests.dll not valid. Loading of assembly skipped.
Assembly Unity.2D.Aseprite.EditorTests.dll at Library/ScriptAssemblies/Unity.2D.Aseprite.EditorTests.dll not valid. Loading of assembly skipped.
Assembly Unity.2D.Common.EditorTests.dll at Library/ScriptAssemblies/Unity.2D.Common.EditorTests.dll not valid. Loading of assembly skipped.
Assembly Unity.2D.Psdimporter.EditorTests.dll at Library/ScriptAssemblies/Unity.2D.Psdimporter.EditorTests.dll not valid. Loading of assembly skipped.
Assembly Unity.2D.Sprite.Package.EditorTests.dll at Library/ScriptAssemblies/Unity.2D.Sprite.Package.EditorTests.dll not valid. Loading of assembly skipped.
Assembly Unity.2D.SpriteShape.EditorTests.dll at Library/ScriptAssemblies/Unity.2D.SpriteShape.EditorTests.dll not valid. Loading of assembly skipped.
Assembly Unity.2D.Tilemap.Package.EditorTests.dll at Library/ScriptAssemblies/Unity.2D.Tilemap.Package.EditorTests.dll not valid. Loading of assembly skipped.
Assembly Unity.Collections.BurstCompatibilityGen.dll at Library/ScriptAssemblies/Unity.Collections.BurstCompatibilityGen.dll not valid. Loading of assembly skipped.
Assembly Unity.Collections.DocCodeSamples.dll at Library/ScriptAssemblies/Unity.Collections.DocCodeSamples.dll not valid. Loading of assembly skipped.
Assembly Unity.Collections.PerformanceTests.dll at Library/ScriptAssemblies/Unity.Collections.PerformanceTests.dll not valid. Loading of assembly skipped.
Assembly Unity.Collections.Tests.dll at Library/ScriptAssemblies/Unity.Collections.Tests.dll not valid. Loading of assembly skipped.
Assembly Unity.Collections.Tests.Playmode.dll at Library/ScriptAssemblies/Unity.Collections.Tests.Playmode.dll not valid. Loading of assembly skipped.
Assembly Unity.InputSystem.IntegrationTests.dll at Library/ScriptAssemblies/Unity.InputSystem.IntegrationTests.dll not valid. Loading of assembly skipped.
Assembly Unity.Mathematics.Tests.dll at Library/ScriptAssemblies/Unity.Mathematics.Tests.dll not valid. Loading of assembly skipped.
Assembly Unity.Multiplayer.Center.Editor.Tests.dll at Library/ScriptAssemblies/Unity.Multiplayer.Center.Editor.Tests.dll not valid. Loading of assembly skipped.
Assembly Unity.Multiplayer.Center.Tests.dll at Library/ScriptAssemblies/Unity.Multiplayer.Center.Tests.dll not valid. Loading of assembly skipped.
Assembly Unity.Nuget.Mono-Cecil.dll at Library/ScriptAssemblies/Unity.Nuget.Mono-Cecil.dll not valid. Loading of assembly skipped.
Assembly Unity.PathTracing.Editor.Tests.dll at Library/ScriptAssemblies/Unity.PathTracing.Editor.Tests.dll not valid. Loading of assembly skipped.
Assembly Unity.PathTracing.Runtime.Tests.dll at Library/ScriptAssemblies/Unity.PathTracing.Runtime.Tests.dll not valid. Loading of assembly skipped.
Assembly Unity.RenderPipelines.Core.Editor.Tests.dll at Library/ScriptAssemblies/Unity.RenderPipelines.Core.Editor.Tests.dll not valid. Loading of assembly skipped.
Assembly Unity.RenderPipelines.Core.Runtime.Tests.dll at Library/ScriptAssemblies/Unity.RenderPipelines.Core.Runtime.Tests.dll not valid. Loading of assembly skipped.
Assembly Unity.RenderPipelines.Universal.Config.Editor.Tests.dll at Library/ScriptAssemblies/Unity.RenderPipelines.Universal.Config.Editor.Tests.dll not valid. Loading of assembly skipped.
Assembly Unity.RenderPipelines.Universal.Editor.Tests.dll at Library/ScriptAssemblies/Unity.RenderPipelines.Universal.Editor.Tests.dll not valid. Loading of assembly skipped.
Assembly Unity.RenderPipelines.Universal.Runtime.Tests.dll at Library/ScriptAssemblies/Unity.RenderPipelines.Universal.Runtime.Tests.dll not valid. Loading of assembly skipped.
Assembly Unity.Searcher.EditorTests.dll at Library/ScriptAssemblies/Unity.Searcher.EditorTests.dll not valid. Loading of assembly skipped.
Assembly Unity.ShaderGraph.Editor.Tests.dll at Library/ScriptAssemblies/Unity.ShaderGraph.Editor.Tests.dll not valid. Loading of assembly skipped.
Assembly Unity.TextMeshPro.Editor.Tests.dll at Library/ScriptAssemblies/Unity.TextMeshPro.Editor.Tests.dll not valid. Loading of assembly skipped.
Assembly Unity.TextMeshPro.Tests.dll at Library/ScriptAssemblies/Unity.TextMeshPro.Tests.dll not valid. Loading of assembly skipped.
Assembly Unity.UnifiedRayTracing.Editor.Tests.dll at Library/ScriptAssemblies/Unity.UnifiedRayTracing.Editor.Tests.dll not valid. Loading of assembly skipped.
Assembly UnityEditor.UI.Common.Tests.dll at Library/ScriptAssemblies/UnityEditor.UI.Common.Tests.dll not valid. Loading of assembly skipped.
Assembly UnityEditor.UI.EditorTests.dll at Library/ScriptAssemblies/UnityEditor.UI.EditorTests.dll not valid. Loading of assembly skipped.
Assembly UnityEngine.UI.Tests.dll at Library/ScriptAssemblies/UnityEngine.UI.Tests.dll not valid. Loading of assembly skipped.
Native extension for WindowsStandalone target not found
Native extension for WebGL target not found
[Package Manager] Failed to launch server process. Reason: Unity was launched with the -noUpm command-line argument
[Package Manager] Unable to send message (not connected to server process).
[Package Manager] Cannot connect to Unity Package Manager local server
[Package Manager] Failed to launch server process. Reason: Unity was launched with the -noUpm command-line argument
[Package Manager] Unable to send message (not connected to server process).
[Package Manager] Cannot connect to Unity Package Manager local server
ScheduleIndexationOnStartup MainProcess:False IndexOnStartup:True
Mono: successfully reloaded assembly
- Finished resetting the current domain, in  0.612 seconds
Domain Reload Profiling: 1314ms
	BeginReloadAssembly (195ms)
		DisableScriptedObjects (15ms)
		CreateAndSetChildDomain (46ms)
	RebuildCommonClasses (31ms)
	RebuildNativeTypeToScriptingClass (11ms)
	initialDomainReloadingComplete (59ms)
	LoadAllAssembliesAndSetupDomain (405ms)
		LoadAssemblies (304ms)
		AnalyzeDomain (173ms)
			TypeCache.Refresh (8ms)
			BuildScriptInfoCaches (155ms)
			ResolveRequiredComponents (9ms)
	FinalizeReload (612ms)
		SetupLoadedEditorAssemblies (0ms)
			BeforeProcessingInitializeOnLoad (132ms)
			ProcessInitializeOnLoadAttributes (243ms)
			ProcessInitializeOnLoadMethodAttributes (67ms)
			AfterProcessingInitializeOnLoad (4ms)
		AwakeInstancesAfterBackupRestoration (12ms)
Unloading 24 Unused Serialized files (Serialized files now loaded: 0)
Unloading 7304 unused Assets / (5.9 MB). Loaded Objects now: 8301.
Memory consumption went from 186.6 MB to 180.7 MB.
Total: 7.787000 ms (FindLiveObjects: 0.672200 ms CreateObjectMapping: 0.535100 ms MarkObjects: 4.188900 ms  DeleteObjects: 2.389400 ms)

Prepare: number of updated asset objects reloaded= 0
========================================================================
Received Prepare
Begin MonoManager ReloadAssembly
[Licensing::Client] Successfully resolved entitlement details
Assembly Assembly-CSharp-Editor-firstpass.dll at Library/ScriptAssemblies/Assembly-CSharp-Editor-firstpass.dll not valid. Loading of assembly skipped.
Assembly Assembly-CSharp-Editor.dll at Library/ScriptAssemblies/Assembly-CSharp-Editor.dll not valid. Loading of assembly skipped.
Assembly Assembly-CSharp-firstpass.dll at Library/ScriptAssemblies/Assembly-CSharp-firstpass.dll not valid. Loading of assembly skipped.
Assembly DocCodeExamples.dll at Library/ScriptAssemblies/DocCodeExamples.dll not valid. Loading of assembly skipped.
Assembly TestNewCustomAssembly.dll at Library/ScriptAssemblies/TestNewCustomAssembly.dll not valid. Loading of assembly skipped.
Assembly Unity.2D.Animation.EditorTests.dll at Library/ScriptAssemblies/Unity.2D.Animation.EditorTests.dll not valid. Loading of assembly skipped.
Assembly Unity.2D.Aseprite.EditorTests.dll at Library/ScriptAssemblies/Unity.2D.Aseprite.EditorTests.dll not valid. Loading of assembly skipped.
Assembly Unity.2D.Common.EditorTests.dll at Library/ScriptAssemblies/Unity.2D.Common.EditorTests.dll not valid. Loading of assembly skipped.
Assembly Unity.2D.Psdimporter.EditorTests.dll at Library/ScriptAssemblies/Unity.2D.Psdimporter.EditorTests.dll not valid. Loading of assembly skipped.
Assembly Unity.2D.Sprite.Package.EditorTests.dll at Library/ScriptAssemblies/Unity.2D.Sprite.Package.EditorTests.dll not valid. Loading of assembly skipped.
Assembly Unity.2D.SpriteShape.EditorTests.dll at Library/ScriptAssemblies/Unity.2D.SpriteShape.EditorTests.dll not valid. Loading of assembly skipped.
Assembly Unity.2D.Tilemap.Package.EditorTests.dll at Library/ScriptAssemblies/Unity.2D.Tilemap.Package.EditorTests.dll not valid. Loading of assembly skipped.
Assembly Unity.Collections.BurstCompatibilityGen.dll at Library/ScriptAssemblies/Unity.Collections.BurstCompatibilityGen.dll not valid. Loading of assembly skipped.
Assembly Unity.Collections.DocCodeSamples.dll at Library/ScriptAssemblies/Unity.Collections.DocCodeSamples.dll not valid. Loading of assembly skipped.
Assembly Unity.Collections.PerformanceTests.dll at Library/ScriptAssemblies/Unity.Collections.PerformanceTests.dll not valid. Loading of assembly skipped.
Assembly Unity.Collections.Tests.dll at Library/ScriptAssemblies/Unity.Collections.Tests.dll not valid. Loading of assembly skipped.
Assembly Unity.Collections.Tests.Playmode.dll at Library/ScriptAssemblies/Unity.Collections.Tests.Playmode.dll not valid. Loading of assembly skipped.
Assembly Unity.InputSystem.IntegrationTests.dll at Library/ScriptAssemblies/Unity.InputSystem.IntegrationTests.dll not valid. Loading of assembly skipped.
Assembly Unity.Mathematics.Tests.dll at Library/ScriptAssemblies/Unity.Mathematics.Tests.dll not valid. Loading of assembly skipped.
Assembly Unity.Multiplayer.Center.Editor.Tests.dll at Library/ScriptAssemblies/Unity.Multiplayer.Center.Editor.Tests.dll not valid. Loading of assembly skipped.
Assembly Unity.Multiplayer.Center.Tests.dll at Library/ScriptAssemblies/Unity.Multiplayer.Center.Tests.dll not valid. Loading of assembly skipped.
Assembly Unity.Nuget.Mono-Cecil.dll at Library/ScriptAssemblies/Unity.Nuget.Mono-Cecil.dll not valid. Loading of assembly skipped.
Assembly Unity.PathTracing.Editor.Tests.dll at Library/ScriptAssemblies/Unity.PathTracing.Editor.Tests.dll not valid. Loading of assembly skipped.
Assembly Unity.PathTracing.Runtime.Tests.dll at Library/ScriptAssemblies/Unity.PathTracing.Runtime.Tests.dll not valid. Loading of assembly skipped.
Assembly Unity.RenderPipelines.Core.Editor.Tests.dll at Library/ScriptAssemblies/Unity.RenderPipelines.Core.Editor.Tests.dll not valid. Loading of assembly skipped.
Assembly Unity.RenderPipelines.Core.Runtime.Tests.dll at Library/ScriptAssemblies/Unity.RenderPipelines.Core.Runtime.Tests.dll not valid. Loading of assembly skipped.
Assembly Unity.RenderPipelines.Universal.Config.Editor.Tests.dll at Library/ScriptAssemblies/Unity.RenderPipelines.Universal.Config.Editor.Tests.dll not valid. Loading of assembly skipped.
Assembly Unity.RenderPipelines.Universal.Editor.Tests.dll at Library/ScriptAssemblies/Unity.RenderPipelines.Universal.Editor.Tests.dll not valid. Loading of assembly skipped.
Assembly Unity.RenderPipelines.Universal.Runtime.Tests.dll at Library/ScriptAssemblies/Unity.RenderPipelines.Universal.Runtime.Tests.dll not valid. Loading of assembly skipped.
Assembly Unity.Searcher.EditorTests.dll at Library/ScriptAssemblies/Unity.Searcher.EditorTests.dll not valid. Loading of assembly skipped.
Assembly Unity.ShaderGraph.Editor.Tests.dll at Library/ScriptAssemblies/Unity.ShaderGraph.Editor.Tests.dll not valid. Loading of assembly skipped.
Assembly Unity.TextMeshPro.Editor.Tests.dll at Library/ScriptAssemblies/Unity.TextMeshPro.Editor.Tests.dll not valid. Loading of assembly skipped.
Assembly Unity.TextMeshPro.Tests.dll at Library/ScriptAssemblies/Unity.TextMeshPro.Tests.dll not valid. Loading of assembly skipped.
Assembly Unity.UnifiedRayTracing.Editor.Tests.dll at Library/ScriptAssemblies/Unity.UnifiedRayTracing.Editor.Tests.dll not valid. Loading of assembly skipped.
Assembly UnityEditor.UI.Common.Tests.dll at Library/ScriptAssemblies/UnityEditor.UI.Common.Tests.dll not valid. Loading of assembly skipped.
Assembly UnityEditor.UI.EditorTests.dll at Library/ScriptAssemblies/UnityEditor.UI.EditorTests.dll not valid. Loading of assembly skipped.
Assembly UnityEngine.UI.Tests.dll at Library/ScriptAssemblies/UnityEngine.UI.Tests.dll not valid. Loading of assembly skipped.
Native extension for WindowsStandalone target not found
Native extension for WebGL target not found
[Package Manager] Failed to launch server process. Reason: Unity was launched with the -noUpm command-line argument
[Package Manager] Unable to send message (not connected to server process).
[Package Manager] Cannot connect to Unity Package Manager local server
[Package Manager] Failed to launch server process. Reason: Unity was launched with the -noUpm command-line argument
[Package Manager] Unable to send message (not connected to server process).
[Package Manager] Cannot connect to Unity Package Manager local server
ScheduleIndexationOnStartup MainProcess:False IndexOnStartup:True
Mono: successfully reloaded assembly
- Finished resetting the current domain, in  0.636 seconds
Domain Reload Profiling: 1717ms
	BeginReloadAssembly (275ms)
		DisableScriptedObjects (23ms)
		CreateAndSetChildDomain (53ms)
	RebuildCommonClasses (47ms)
	RebuildNativeTypeToScriptingClass (17ms)
	initialDomainReloadingComplete (96ms)
	LoadAllAssembliesAndSetupDomain (645ms)
		LoadAssemblies (491ms)
		AnalyzeDomain (266ms)
			TypeCache.Refresh (15ms)
			BuildScriptInfoCaches (239ms)
			ResolveRequiredComponents (10ms)
	FinalizeReload (636ms)
		SetupLoadedEditorAssemblies (0ms)
			BeforeProcessingInitializeOnLoad (140ms)
			ProcessInitializeOnLoadAttributes (249ms)
			ProcessInitializeOnLoadMethodAttributes (66ms)
			AfterProcessingInitializeOnLoad (4ms)
		AwakeInstancesAfterBackupRestoration (12ms)
Unloading 24 Unused Serialized files (Serialized files now loaded: 0)
Unloading 7304 unused Assets / (5.8 MB). Loaded Objects now: 8304.
Memory consumption went from 189.7 MB to 183.9 MB.
Total: 7.530400 ms (FindLiveObjects: 0.625700 ms CreateObjectMapping: 0.544700 ms MarkObjects: 4.095800 ms  DeleteObjects: 2.263300 ms)

Prepare: number of updated asset objects reloaded= 0
========================================================================
Received Prepare
Begin MonoManager ReloadAssembly
Assembly Assembly-CSharp-Editor-firstpass.dll at Library/ScriptAssemblies/Assembly-CSharp-Editor-firstpass.dll not valid. Loading of assembly skipped.
Assembly Assembly-CSharp-Editor.dll at Library/ScriptAssemblies/Assembly-CSharp-Editor.dll not valid. Loading of assembly skipped.
Assembly Assembly-CSharp-firstpass.dll at Library/ScriptAssemblies/Assembly-CSharp-firstpass.dll not valid. Loading of assembly skipped.
Assembly DocCodeExamples.dll at Library/ScriptAssemblies/DocCodeExamples.dll not valid. Loading of assembly skipped.
Assembly TestNewCustomAssembly.dll at Library/ScriptAssemblies/TestNewCustomAssembly.dll not valid. Loading of assembly skipped.
Assembly Unity.2D.Animation.EditorTests.dll at Library/ScriptAssemblies/Unity.2D.Animation.EditorTests.dll not valid. Loading of assembly skipped.
Assembly Unity.2D.Aseprite.EditorTests.dll at Library/ScriptAssemblies/Unity.2D.Aseprite.EditorTests.dll not valid. Loading of assembly skipped.
Assembly Unity.2D.Common.EditorTests.dll at Library/ScriptAssemblies/Unity.2D.Common.EditorTests.dll not valid. Loading of assembly skipped.
Assembly Unity.2D.Psdimporter.EditorTests.dll at Library/ScriptAssemblies/Unity.2D.Psdimporter.EditorTests.dll not valid. Loading of assembly skipped.
Assembly Unity.2D.Sprite.Package.EditorTests.dll at Library/ScriptAssemblies/Unity.2D.Sprite.Package.EditorTests.dll not valid. Loading of assembly skipped.
Assembly Unity.2D.SpriteShape.EditorTests.dll at Library/ScriptAssemblies/Unity.2D.SpriteShape.EditorTests.dll not valid. Loading of assembly skipped.
Assembly Unity.2D.Tilemap.Package.EditorTests.dll at Library/ScriptAssemblies/Unity.2D.Tilemap.Package.EditorTests.dll not valid. Loading of assembly skipped.
Assembly Unity.Collections.BurstCompatibilityGen.dll at Library/ScriptAssemblies/Unity.Collections.BurstCompatibilityGen.dll not valid. Loading of assembly skipped.
Assembly Unity.Collections.DocCodeSamples.dll at Library/ScriptAssemblies/Unity.Collections.DocCodeSamples.dll not valid. Loading of assembly skipped.
Assembly Unity.Collections.PerformanceTests.dll at Library/ScriptAssemblies/Unity.Collections.PerformanceTests.dll not valid. Loading of assembly skipped.
Assembly Unity.Collections.Tests.dll at Library/ScriptAssemblies/Unity.Collections.Tests.dll not valid. Loading of assembly skipped.
Assembly Unity.Collections.Tests.Playmode.dll at Library/ScriptAssemblies/Unity.Collections.Tests.Playmode.dll not valid. Loading of assembly skipped.
Assembly Unity.InputSystem.IntegrationTests.dll at Library/ScriptAssemblies/Unity.InputSystem.IntegrationTests.dll not valid. Loading of assembly skipped.
Assembly Unity.Mathematics.Tests.dll at Library/ScriptAssemblies/Unity.Mathematics.Tests.dll not valid. Loading of assembly skipped.
Assembly Unity.Multiplayer.Center.Editor.Tests.dll at Library/ScriptAssemblies/Unity.Multiplayer.Center.Editor.Tests.dll not valid. Loading of assembly skipped.
Assembly Unity.Multiplayer.Center.Tests.dll at Library/ScriptAssemblies/Unity.Multiplayer.Center.Tests.dll not valid. Loading of assembly skipped.
Assembly Unity.Nuget.Mono-Cecil.dll at Library/ScriptAssemblies/Unity.Nuget.Mono-Cecil.dll not valid. Loading of assembly skipped.
Assembly Unity.PathTracing.Editor.Tests.dll at Library/ScriptAssemblies/Unity.PathTracing.Editor.Tests.dll not valid. Loading of assembly skipped.
Assembly Unity.PathTracing.Runtime.Tests.dll at Library/ScriptAssemblies/Unity.PathTracing.Runtime.Tests.dll not valid. Loading of assembly skipped.
Assembly Unity.RenderPipelines.Core.Editor.Tests.dll at Library/ScriptAssemblies/Unity.RenderPipelines.Core.Editor.Tests.dll not valid. Loading of assembly skipped.
Assembly Unity.RenderPipelines.Core.Runtime.Tests.dll at Library/ScriptAssemblies/Unity.RenderPipelines.Core.Runtime.Tests.dll not valid. Loading of assembly skipped.
Assembly Unity.RenderPipelines.Universal.Config.Editor.Tests.dll at Library/ScriptAssemblies/Unity.RenderPipelines.Universal.Config.Editor.Tests.dll not valid. Loading of assembly skipped.
Assembly Unity.RenderPipelines.Universal.Editor.Tests.dll at Library/ScriptAssemblies/Unity.RenderPipelines.Universal.Editor.Tests.dll not valid. Loading of assembly skipped.
Assembly Unity.RenderPipelines.Universal.Runtime.Tests.dll at Library/ScriptAssemblies/Unity.RenderPipelines.Universal.Runtime.Tests.dll not valid. Loading of assembly skipped.
Assembly Unity.Searcher.EditorTests.dll at Library/ScriptAssemblies/Unity.Searcher.EditorTests.dll not valid. Loading of assembly skipped.
Assembly Unity.ShaderGraph.Editor.Tests.dll at Library/ScriptAssemblies/Unity.ShaderGraph.Editor.Tests.dll not valid. Loading of assembly skipped.
Assembly Unity.TextMeshPro.Editor.Tests.dll at Library/ScriptAssemblies/Unity.TextMeshPro.Editor.Tests.dll not valid. Loading of assembly skipped.
Assembly Unity.TextMeshPro.Tests.dll at Library/ScriptAssemblies/Unity.TextMeshPro.Tests.dll not valid. Loading of assembly skipped.
Assembly Unity.UnifiedRayTracing.Editor.Tests.dll at Library/ScriptAssemblies/Unity.UnifiedRayTracing.Editor.Tests.dll not valid. Loading of assembly skipped.
Assembly UnityEditor.UI.Common.Tests.dll at Library/ScriptAssemblies/UnityEditor.UI.Common.Tests.dll not valid. Loading of assembly skipped.
Assembly UnityEditor.UI.EditorTests.dll at Library/ScriptAssemblies/UnityEditor.UI.EditorTests.dll not valid. Loading of assembly skipped.
Assembly UnityEngine.UI.Tests.dll at Library/ScriptAssemblies/UnityEngine.UI.Tests.dll not valid. Loading of assembly skipped.
Native extension for WindowsStandalone target not found
Native extension for WebGL target not found
[Package Manager] Failed to launch server process. Reason: Unity was launched with the -noUpm command-line argument
[Package Manager] Unable to send message (not connected to server process).
[Package Manager] Cannot connect to Unity Package Manager local server
[Package Manager] Failed to launch server process. Reason: Unity was launched with the -noUpm command-line argument
[Package Manager] Unable to send message (not connected to server process).
[Package Manager] Cannot connect to Unity Package Manager local server
ScheduleIndexationOnStartup MainProcess:False IndexOnStartup:True
Mono: successfully reloaded assembly
- Finished resetting the current domain, in  0.633 seconds
Domain Reload Profiling: 1292ms
	BeginReloadAssembly (177ms)
		DisableScriptedObjects (10ms)
		CreateAndSetChildDomain (39ms)
	RebuildCommonClasses (31ms)
	RebuildNativeTypeToScriptingClass (10ms)
	initialDomainReloadingComplete (49ms)
	LoadAllAssembliesAndSetupDomain (391ms)
		LoadAssemblies (276ms)
		AnalyzeDomain (184ms)
			TypeCache.Refresh (8ms)
			BuildScriptInfoCaches (166ms)
			ResolveRequiredComponents (10ms)
	FinalizeReload (634ms)
		SetupLoadedEditorAssemblies (0ms)
			BeforeProcessingInitializeOnLoad (135ms)
			ProcessInitializeOnLoadAttributes (250ms)
			ProcessInitializeOnLoadMethodAttributes (81ms)
			AfterProcessingInitializeOnLoad (4ms)
		AwakeInstancesAfterBackupRestoration (14ms)
Unloading 24 Unused Serialized files (Serialized files now loaded: 0)
Unloading 7304 unused Assets / (5.7 MB). Loaded Objects now: 8307.
Memory consumption went from 192.8 MB to 187.1 MB.
Total: 9.494100 ms (FindLiveObjects: 0.823800 ms CreateObjectMapping: 0.682300 ms MarkObjects: 4.858200 ms  DeleteObjects: 3.128300 ms)

Prepare: number of updated asset objects reloaded= 0
========================================================================
Received Import Request.
  Time since last request: 326.297896 seconds.
  path: Assets/CameraFollow.cs
  importAddress: Guid(30b2af0ef1dd77c44852d9930abddd47) Importer(815301076,1909f56bfc062723c751e8b465ee728b)
Start importing Assets/CameraFollow.cs using Guid(30b2af0ef1dd77c44852d9930abddd47) Importer(815301076,1909f56bfc062723c751e8b465ee728b) (PreviewImporter) -> (Import Result ID: 'b4e9f2d0425480794923f2c60c21867d') in 0.0024904 seconds [static and dynamic dependencies]. Details - ImportResultOutputID=425aab692972e087d5f8833aa43ab702 DependenciesID=4398f29e95d3f1b81d1c14693197d4da StaticDependenciesID=7ea757de69919c74ba98f87962f500a0 
Number of updated asset objects reloaded before import = 0Number of asset objects unloaded after import = 0

========================================================================
Received Prepare
Begin MonoManager ReloadAssembly
Assembly Assembly-CSharp-Editor-firstpass.dll at Library/ScriptAssemblies/Assembly-CSharp-Editor-firstpass.dll not valid. Loading of assembly skipped.
Assembly Assembly-CSharp-Editor.dll at Library/ScriptAssemblies/Assembly-CSharp-Editor.dll not valid. Loading of assembly skipped.
Assembly Assembly-CSharp-firstpass.dll at Library/ScriptAssemblies/Assembly-CSharp-firstpass.dll not valid. Loading of assembly skipped.
Assembly DocCodeExamples.dll at Library/ScriptAssemblies/DocCodeExamples.dll not valid. Loading of assembly skipped.
Assembly TestNewCustomAssembly.dll at Library/ScriptAssemblies/TestNewCustomAssembly.dll not valid. Loading of assembly skipped.
Assembly Unity.2D.Animation.EditorTests.dll at Library/ScriptAssemblies/Unity.2D.Animation.EditorTests.dll not valid. Loading of assembly skipped.
Assembly Unity.2D.Aseprite.EditorTests.dll at Library/ScriptAssemblies/Unity.2D.Aseprite.EditorTests.dll not valid. Loading of assembly skipped.
Assembly Unity.2D.Common.EditorTests.dll at Library/ScriptAssemblies/Unity.2D.Common.EditorTests.dll not valid. Loading of assembly skipped.
Assembly Unity.2D.Psdimporter.EditorTests.dll at Library/ScriptAssemblies/Unity.2D.Psdimporter.EditorTests.dll not valid. Loading of assembly skipped.
Assembly Unity.2D.Sprite.Package.EditorTests.dll at Library/ScriptAssemblies/Unity.2D.Sprite.Package.EditorTests.dll not valid. Loading of assembly skipped.
Assembly Unity.2D.SpriteShape.EditorTests.dll at Library/ScriptAssemblies/Unity.2D.SpriteShape.EditorTests.dll not valid. Loading of assembly skipped.
Assembly Unity.2D.Tilemap.Package.EditorTests.dll at Library/ScriptAssemblies/Unity.2D.Tilemap.Package.EditorTests.dll not valid. Loading of assembly skipped.
Assembly Unity.Collections.BurstCompatibilityGen.dll at Library/ScriptAssemblies/Unity.Collections.BurstCompatibilityGen.dll not valid. Loading of assembly skipped.
Assembly Unity.Collections.DocCodeSamples.dll at Library/ScriptAssemblies/Unity.Collections.DocCodeSamples.dll not valid. Loading of assembly skipped.
Assembly Unity.Collections.PerformanceTests.dll at Library/ScriptAssemblies/Unity.Collections.PerformanceTests.dll not valid. Loading of assembly skipped.
Assembly Unity.Collections.Tests.dll at Library/ScriptAssemblies/Unity.Collections.Tests.dll not valid. Loading of assembly skipped.
Assembly Unity.Collections.Tests.Playmode.dll at Library/ScriptAssemblies/Unity.Collections.Tests.Playmode.dll not valid. Loading of assembly skipped.
Assembly Unity.InputSystem.IntegrationTests.dll at Library/ScriptAssemblies/Unity.InputSystem.IntegrationTests.dll not valid. Loading of assembly skipped.
Assembly Unity.Mathematics.Tests.dll at Library/ScriptAssemblies/Unity.Mathematics.Tests.dll not valid. Loading of assembly skipped.
Assembly Unity.Multiplayer.Center.Editor.Tests.dll at Library/ScriptAssemblies/Unity.Multiplayer.Center.Editor.Tests.dll not valid. Loading of assembly skipped.
Assembly Unity.Multiplayer.Center.Tests.dll at Library/ScriptAssemblies/Unity.Multiplayer.Center.Tests.dll not valid. Loading of assembly skipped.
Assembly Unity.Nuget.Mono-Cecil.dll at Library/ScriptAssemblies/Unity.Nuget.Mono-Cecil.dll not valid. Loading of assembly skipped.
Assembly Unity.PathTracing.Editor.Tests.dll at Library/ScriptAssemblies/Unity.PathTracing.Editor.Tests.dll not valid. Loading of assembly skipped.
Assembly Unity.PathTracing.Runtime.Tests.dll at Library/ScriptAssemblies/Unity.PathTracing.Runtime.Tests.dll not valid. Loading of assembly skipped.
Assembly Unity.RenderPipelines.Core.Editor.Tests.dll at Library/ScriptAssemblies/Unity.RenderPipelines.Core.Editor.Tests.dll not valid. Loading of assembly skipped.
Assembly Unity.RenderPipelines.Core.Runtime.Tests.dll at Library/ScriptAssemblies/Unity.RenderPipelines.Core.Runtime.Tests.dll not valid. Loading of assembly skipped.
Assembly Unity.RenderPipelines.Universal.Config.Editor.Tests.dll at Library/ScriptAssemblies/Unity.RenderPipelines.Universal.Config.Editor.Tests.dll not valid. Loading of assembly skipped.
Assembly Unity.RenderPipelines.Universal.Editor.Tests.dll at Library/ScriptAssemblies/Unity.RenderPipelines.Universal.Editor.Tests.dll not valid. Loading of assembly skipped.
Assembly Unity.RenderPipelines.Universal.Runtime.Tests.dll at Library/ScriptAssemblies/Unity.RenderPipelines.Universal.Runtime.Tests.dll not valid. Loading of assembly skipped.
Assembly Unity.Searcher.EditorTests.dll at Library/ScriptAssemblies/Unity.Searcher.EditorTests.dll not valid. Loading of assembly skipped.
Assembly Unity.ShaderGraph.Editor.Tests.dll at Library/ScriptAssemblies/Unity.ShaderGraph.Editor.Tests.dll not valid. Loading of assembly skipped.
Assembly Unity.TextMeshPro.Editor.Tests.dll at Library/ScriptAssemblies/Unity.TextMeshPro.Editor.Tests.dll not valid. Loading of assembly skipped.
Assembly Unity.TextMeshPro.Tests.dll at Library/ScriptAssemblies/Unity.TextMeshPro.Tests.dll not valid. Loading of assembly skipped.
Assembly Unity.UnifiedRayTracing.Editor.Tests.dll at Library/ScriptAssemblies/Unity.UnifiedRayTracing.Editor.Tests.dll not valid. Loading of assembly skipped.
Assembly UnityEditor.UI.Common.Tests.dll at Library/ScriptAssemblies/UnityEditor.UI.Common.Tests.dll not valid. Loading of assembly skipped.
Assembly UnityEditor.UI.EditorTests.dll at Library/ScriptAssemblies/UnityEditor.UI.EditorTests.dll not valid. Loading of assembly skipped.
Assembly UnityEngine.UI.Tests.dll at Library/ScriptAssemblies/UnityEngine.UI.Tests.dll not valid. Loading of assembly skipped.
Native extension for WindowsStandalone target not found
Native extension for WebGL target not found
[Package Manager] Failed to launch server process. Reason: Unity was launched with the -noUpm command-line argument
[Package Manager] Unable to send message (not connected to server process).
[Package Manager] Cannot connect to Unity Package Manager local server
[Package Manager] Failed to launch server process. Reason: Unity was launched with the -noUpm command-line argument
[Package Manager] Unable to send message (not connected to server process).
[Package Manager] Cannot connect to Unity Package Manager local server
ScheduleIndexationOnStartup MainProcess:False IndexOnStartup:True
Mono: successfully reloaded assembly
- Finished resetting the current domain, in  0.615 seconds
Domain Reload Profiling: 1298ms
	BeginReloadAssembly (186ms)
		DisableScriptedObjects (11ms)
		CreateAndSetChildDomain (39ms)
	RebuildCommonClasses (31ms)
	RebuildNativeTypeToScriptingClass (11ms)
	initialDomainReloadingComplete (52ms)
	LoadAllAssembliesAndSetupDomain (402ms)
		LoadAssemblies (298ms)
		AnalyzeDomain (176ms)
			TypeCache.Refresh (8ms)
			BuildScriptInfoCaches (158ms)
			ResolveRequiredComponents (9ms)
	FinalizeReload (616ms)
		SetupLoadedEditorAssemblies (0ms)
			BeforeProcessingInitializeOnLoad (139ms)
			ProcessInitializeOnLoadAttributes (254ms)
			ProcessInitializeOnLoadMethodAttributes (65ms)
			AfterProcessingInitializeOnLoad (4ms)
		AwakeInstancesAfterBackupRestoration (12ms)
Unloading 24 Unused Serialized files (Serialized files now loaded: 0)
Unloading 7304 unused Assets / (5.6 MB). Loaded Objects now: 8310.
Memory consumption went from 174.5 MB to 169.0 MB.
Total: 7.801700 ms (FindLiveObjects: 0.777200 ms CreateObjectMapping: 0.536900 ms MarkObjects: 4.331400 ms  DeleteObjects: 2.155200 ms)

Prepare: number of updated asset objects reloaded= 0
========================================================================
Received Prepare
Begin MonoManager ReloadAssembly
[Licensing::Client] Successfully resolved entitlement details
Assembly Assembly-CSharp-Editor-firstpass.dll at Library/ScriptAssemblies/Assembly-CSharp-Editor-firstpass.dll not valid. Loading of assembly skipped.
Assembly Assembly-CSharp-Editor.dll at Library/ScriptAssemblies/Assembly-CSharp-Editor.dll not valid. Loading of assembly skipped.
Assembly Assembly-CSharp-firstpass.dll at Library/ScriptAssemblies/Assembly-CSharp-firstpass.dll not valid. Loading of assembly skipped.
Assembly DocCodeExamples.dll at Library/ScriptAssemblies/DocCodeExamples.dll not valid. Loading of assembly skipped.
Assembly TestNewCustomAssembly.dll at Library/ScriptAssemblies/TestNewCustomAssembly.dll not valid. Loading of assembly skipped.
Assembly Unity.2D.Animation.EditorTests.dll at Library/ScriptAssemblies/Unity.2D.Animation.EditorTests.dll not valid. Loading of assembly skipped.
Assembly Unity.2D.Aseprite.EditorTests.dll at Library/ScriptAssemblies/Unity.2D.Aseprite.EditorTests.dll not valid. Loading of assembly skipped.
Assembly Unity.2D.Common.EditorTests.dll at Library/ScriptAssemblies/Unity.2D.Common.EditorTests.dll not valid. Loading of assembly skipped.
Assembly Unity.2D.Psdimporter.EditorTests.dll at Library/ScriptAssemblies/Unity.2D.Psdimporter.EditorTests.dll not valid. Loading of assembly skipped.
Assembly Unity.2D.Sprite.Package.EditorTests.dll at Library/ScriptAssemblies/Unity.2D.Sprite.Package.EditorTests.dll not valid. Loading of assembly skipped.
Assembly Unity.2D.SpriteShape.EditorTests.dll at Library/ScriptAssemblies/Unity.2D.SpriteShape.EditorTests.dll not valid. Loading of assembly skipped.
Assembly Unity.2D.Tilemap.Package.EditorTests.dll at Library/ScriptAssemblies/Unity.2D.Tilemap.Package.EditorTests.dll not valid. Loading of assembly skipped.
Assembly Unity.Collections.BurstCompatibilityGen.dll at Library/ScriptAssemblies/Unity.Collections.BurstCompatibilityGen.dll not valid. Loading of assembly skipped.
Assembly Unity.Collections.DocCodeSamples.dll at Library/ScriptAssemblies/Unity.Collections.DocCodeSamples.dll not valid. Loading of assembly skipped.
Assembly Unity.Collections.PerformanceTests.dll at Library/ScriptAssemblies/Unity.Collections.PerformanceTests.dll not valid. Loading of assembly skipped.
Assembly Unity.Collections.Tests.dll at Library/ScriptAssemblies/Unity.Collections.Tests.dll not valid. Loading of assembly skipped.
Assembly Unity.Collections.Tests.Playmode.dll at Library/ScriptAssemblies/Unity.Collections.Tests.Playmode.dll not valid. Loading of assembly skipped.
Assembly Unity.InputSystem.IntegrationTests.dll at Library/ScriptAssemblies/Unity.InputSystem.IntegrationTests.dll not valid. Loading of assembly skipped.
Assembly Unity.Mathematics.Tests.dll at Library/ScriptAssemblies/Unity.Mathematics.Tests.dll not valid. Loading of assembly skipped.
Assembly Unity.Multiplayer.Center.Editor.Tests.dll at Library/ScriptAssemblies/Unity.Multiplayer.Center.Editor.Tests.dll not valid. Loading of assembly skipped.
Assembly Unity.Multiplayer.Center.Tests.dll at Library/ScriptAssemblies/Unity.Multiplayer.Center.Tests.dll not valid. Loading of assembly skipped.
Assembly Unity.Nuget.Mono-Cecil.dll at Library/ScriptAssemblies/Unity.Nuget.Mono-Cecil.dll not valid. Loading of assembly skipped.
Assembly Unity.PathTracing.Editor.Tests.dll at Library/ScriptAssemblies/Unity.PathTracing.Editor.Tests.dll not valid. Loading of assembly skipped.
Assembly Unity.PathTracing.Runtime.Tests.dll at Library/ScriptAssemblies/Unity.PathTracing.Runtime.Tests.dll not valid. Loading of assembly skipped.
Assembly Unity.RenderPipelines.Core.Editor.Tests.dll at Library/ScriptAssemblies/Unity.RenderPipelines.Core.Editor.Tests.dll not valid. Loading of assembly skipped.
Assembly Unity.RenderPipelines.Core.Runtime.Tests.dll at Library/ScriptAssemblies/Unity.RenderPipelines.Core.Runtime.Tests.dll not valid. Loading of assembly skipped.
Assembly Unity.RenderPipelines.Universal.Config.Editor.Tests.dll at Library/ScriptAssemblies/Unity.RenderPipelines.Universal.Config.Editor.Tests.dll not valid. Loading of assembly skipped.
Assembly Unity.RenderPipelines.Universal.Editor.Tests.dll at Library/ScriptAssemblies/Unity.RenderPipelines.Universal.Editor.Tests.dll not valid. Loading of assembly skipped.
Assembly Unity.RenderPipelines.Universal.Runtime.Tests.dll at Library/ScriptAssemblies/Unity.RenderPipelines.Universal.Runtime.Tests.dll not valid. Loading of assembly skipped.
Assembly Unity.Searcher.EditorTests.dll at Library/ScriptAssemblies/Unity.Searcher.EditorTests.dll not valid. Loading of assembly skipped.
Assembly Unity.ShaderGraph.Editor.Tests.dll at Library/ScriptAssemblies/Unity.ShaderGraph.Editor.Tests.dll not valid. Loading of assembly skipped.
Assembly Unity.TextMeshPro.Editor.Tests.dll at Library/ScriptAssemblies/Unity.TextMeshPro.Editor.Tests.dll not valid. Loading of assembly skipped.
Assembly Unity.TextMeshPro.Tests.dll at Library/ScriptAssemblies/Unity.TextMeshPro.Tests.dll not valid. Loading of assembly skipped.
Assembly Unity.UnifiedRayTracing.Editor.Tests.dll at Library/ScriptAssemblies/Unity.UnifiedRayTracing.Editor.Tests.dll not valid. Loading of assembly skipped.
Assembly UnityEditor.UI.Common.Tests.dll at Library/ScriptAssemblies/UnityEditor.UI.Common.Tests.dll not valid. Loading of assembly skipped.
Assembly UnityEditor.UI.EditorTests.dll at Library/ScriptAssemblies/UnityEditor.UI.EditorTests.dll not valid. Loading of assembly skipped.
Assembly UnityEngine.UI.Tests.dll at Library/ScriptAssemblies/UnityEngine.UI.Tests.dll not valid. Loading of assembly skipped.
Native extension for WindowsStandalone target not found
Native extension for WebGL target not found
[Package Manager] Failed to launch server process. Reason: Unity was launched with the -noUpm command-line argument
[Package Manager] Unable to send message (not connected to server process).
[Package Manager] Cannot connect to Unity Package Manager local server
[Package Manager] Failed to launch server process. Reason: Unity was launched with the -noUpm command-line argument
[Package Manager] Unable to send message (not connected to server process).
[Package Manager] Cannot connect to Unity Package Manager local server
ScheduleIndexationOnStartup MainProcess:False IndexOnStartup:True
Mono: successfully reloaded assembly
- Finished resetting the current domain, in  0.609 seconds
Domain Reload Profiling: 1273ms
	BeginReloadAssembly (177ms)
		DisableScriptedObjects (12ms)
		CreateAndSetChildDomain (38ms)
	RebuildCommonClasses (31ms)
	RebuildNativeTypeToScriptingClass (10ms)
	initialDomainReloadingComplete (48ms)
	LoadAllAssembliesAndSetupDomain (397ms)
		LoadAssemblies (278ms)
		AnalyzeDomain (186ms)
			TypeCache.Refresh (8ms)
			BuildScriptInfoCaches (168ms)
			ResolveRequiredComponents (9ms)
	FinalizeReload (609ms)
		SetupLoadedEditorAssemblies (0ms)
			BeforeProcessingInitializeOnLoad (132ms)
			ProcessInitializeOnLoadAttributes (251ms)
			ProcessInitializeOnLoadMethodAttributes (68ms)
			AfterProcessingInitializeOnLoad (4ms)
		AwakeInstancesAfterBackupRestoration (12ms)
Unloading 24 Unused Serialized files (Serialized files now loaded: 0)
Unloading 7304 unused Assets / (4.8 MB). Loaded Objects now: 8313.
Memory consumption went from 177.6 MB to 172.8 MB.
Total: 7.665100 ms (FindLiveObjects: 0.636300 ms CreateObjectMapping: 0.525600 ms MarkObjects: 4.335800 ms  DeleteObjects: 2.165800 ms)

Prepare: number of updated asset objects reloaded= 0
========================================================================
Received Prepare
Begin MonoManager ReloadAssembly
Assembly Assembly-CSharp-Editor-firstpass.dll at Library/ScriptAssemblies/Assembly-CSharp-Editor-firstpass.dll not valid. Loading of assembly skipped.
Assembly Assembly-CSharp-Editor.dll at Library/ScriptAssemblies/Assembly-CSharp-Editor.dll not valid. Loading of assembly skipped.
Assembly Assembly-CSharp-firstpass.dll at Library/ScriptAssemblies/Assembly-CSharp-firstpass.dll not valid. Loading of assembly skipped.
Assembly DocCodeExamples.dll at Library/ScriptAssemblies/DocCodeExamples.dll not valid. Loading of assembly skipped.
Assembly TestNewCustomAssembly.dll at Library/ScriptAssemblies/TestNewCustomAssembly.dll not valid. Loading of assembly skipped.
Assembly Unity.2D.Animation.EditorTests.dll at Library/ScriptAssemblies/Unity.2D.Animation.EditorTests.dll not valid. Loading of assembly skipped.
Assembly Unity.2D.Aseprite.EditorTests.dll at Library/ScriptAssemblies/Unity.2D.Aseprite.EditorTests.dll not valid. Loading of assembly skipped.
Assembly Unity.2D.Common.EditorTests.dll at Library/ScriptAssemblies/Unity.2D.Common.EditorTests.dll not valid. Loading of assembly skipped.
Assembly Unity.2D.Psdimporter.EditorTests.dll at Library/ScriptAssemblies/Unity.2D.Psdimporter.EditorTests.dll not valid. Loading of assembly skipped.
Assembly Unity.2D.Sprite.Package.EditorTests.dll at Library/ScriptAssemblies/Unity.2D.Sprite.Package.EditorTests.dll not valid. Loading of assembly skipped.
Assembly Unity.2D.SpriteShape.EditorTests.dll at Library/ScriptAssemblies/Unity.2D.SpriteShape.EditorTests.dll not valid. Loading of assembly skipped.
Assembly Unity.2D.Tilemap.Package.EditorTests.dll at Library/ScriptAssemblies/Unity.2D.Tilemap.Package.EditorTests.dll not valid. Loading of assembly skipped.
Assembly Unity.Collections.BurstCompatibilityGen.dll at Library/ScriptAssemblies/Unity.Collections.BurstCompatibilityGen.dll not valid. Loading of assembly skipped.
Assembly Unity.Collections.DocCodeSamples.dll at Library/ScriptAssemblies/Unity.Collections.DocCodeSamples.dll not valid. Loading of assembly skipped.
Assembly Unity.Collections.PerformanceTests.dll at Library/ScriptAssemblies/Unity.Collections.PerformanceTests.dll not valid. Loading of assembly skipped.
Assembly Unity.Collections.Tests.dll at Library/ScriptAssemblies/Unity.Collections.Tests.dll not valid. Loading of assembly skipped.
Assembly Unity.Collections.Tests.Playmode.dll at Library/ScriptAssemblies/Unity.Collections.Tests.Playmode.dll not valid. Loading of assembly skipped.
Assembly Unity.InputSystem.IntegrationTests.dll at Library/ScriptAssemblies/Unity.InputSystem.IntegrationTests.dll not valid. Loading of assembly skipped.
Assembly Unity.Mathematics.Tests.dll at Library/ScriptAssemblies/Unity.Mathematics.Tests.dll not valid. Loading of assembly skipped.
Assembly Unity.Multiplayer.Center.Editor.Tests.dll at Library/ScriptAssemblies/Unity.Multiplayer.Center.Editor.Tests.dll not valid. Loading of assembly skipped.
Assembly Unity.Multiplayer.Center.Tests.dll at Library/ScriptAssemblies/Unity.Multiplayer.Center.Tests.dll not valid. Loading of assembly skipped.
Assembly Unity.Nuget.Mono-Cecil.dll at Library/ScriptAssemblies/Unity.Nuget.Mono-Cecil.dll not valid. Loading of assembly skipped.
Assembly Unity.PathTracing.Editor.Tests.dll at Library/ScriptAssemblies/Unity.PathTracing.Editor.Tests.dll not valid. Loading of assembly skipped.
Assembly Unity.PathTracing.Runtime.Tests.dll at Library/ScriptAssemblies/Unity.PathTracing.Runtime.Tests.dll not valid. Loading of assembly skipped.
Assembly Unity.RenderPipelines.Core.Editor.Tests.dll at Library/ScriptAssemblies/Unity.RenderPipelines.Core.Editor.Tests.dll not valid. Loading of assembly skipped.
Assembly Unity.RenderPipelines.Core.Runtime.Tests.dll at Library/ScriptAssemblies/Unity.RenderPipelines.Core.Runtime.Tests.dll not valid. Loading of assembly skipped.
Assembly Unity.RenderPipelines.Universal.Config.Editor.Tests.dll at Library/ScriptAssemblies/Unity.RenderPipelines.Universal.Config.Editor.Tests.dll not valid. Loading of assembly skipped.
Assembly Unity.RenderPipelines.Universal.Editor.Tests.dll at Library/ScriptAssemblies/Unity.RenderPipelines.Universal.Editor.Tests.dll not valid. Loading of assembly skipped.
Assembly Unity.RenderPipelines.Universal.Runtime.Tests.dll at Library/ScriptAssemblies/Unity.RenderPipelines.Universal.Runtime.Tests.dll not valid. Loading of assembly skipped.
Assembly Unity.Searcher.EditorTests.dll at Library/ScriptAssemblies/Unity.Searcher.EditorTests.dll not valid. Loading of assembly skipped.
Assembly Unity.ShaderGraph.Editor.Tests.dll at Library/ScriptAssemblies/Unity.ShaderGraph.Editor.Tests.dll not valid. Loading of assembly skipped.
Assembly Unity.TextMeshPro.Editor.Tests.dll at Library/ScriptAssemblies/Unity.TextMeshPro.Editor.Tests.dll not valid. Loading of assembly skipped.
Assembly Unity.TextMeshPro.Tests.dll at Library/ScriptAssemblies/Unity.TextMeshPro.Tests.dll not valid. Loading of assembly skipped.
Assembly Unity.UnifiedRayTracing.Editor.Tests.dll at Library/ScriptAssemblies/Unity.UnifiedRayTracing.Editor.Tests.dll not valid. Loading of assembly skipped.
Assembly UnityEditor.UI.Common.Tests.dll at Library/ScriptAssemblies/UnityEditor.UI.Common.Tests.dll not valid. Loading of assembly skipped.
Assembly UnityEditor.UI.EditorTests.dll at Library/ScriptAssemblies/UnityEditor.UI.EditorTests.dll not valid. Loading of assembly skipped.
Assembly UnityEngine.UI.Tests.dll at Library/ScriptAssemblies/UnityEngine.UI.Tests.dll not valid. Loading of assembly skipped.
Native extension for WindowsStandalone target not found
Native extension for WebGL target not found
[Package Manager] Failed to launch server process. Reason: Unity was launched with the -noUpm command-line argument
[Package Manager] Unable to send message (not connected to server process).
[Package Manager] Cannot connect to Unity Package Manager local server
[Package Manager] Failed to launch server process. Reason: Unity was launched with the -noUpm command-line argument
[Package Manager] Unable to send message (not connected to server process).
[Package Manager] Cannot connect to Unity Package Manager local server
ScheduleIndexationOnStartup MainProcess:False IndexOnStartup:True
Mono: successfully reloaded assembly
- Finished resetting the current domain, in  0.640 seconds
Domain Reload Profiling: 1306ms
	BeginReloadAssembly (175ms)
		DisableScriptedObjects (11ms)
		CreateAndSetChildDomain (40ms)
	RebuildCommonClasses (31ms)
	RebuildNativeTypeToScriptingClass (11ms)
	initialDomainReloadingComplete (49ms)
	LoadAllAssembliesAndSetupDomain (399ms)
		LoadAssemblies (270ms)
		AnalyzeDomain (194ms)
			TypeCache.Refresh (8ms)
			BuildScriptInfoCaches (174ms)
			ResolveRequiredComponents (11ms)
	FinalizeReload (641ms)
		SetupLoadedEditorAssemblies (0ms)
			BeforeProcessingInitializeOnLoad (135ms)
			ProcessInitializeOnLoadAttributes (259ms)
			ProcessInitializeOnLoadMethodAttributes (75ms)
			AfterProcessingInitializeOnLoad (4ms)
		AwakeInstancesAfterBackupRestoration (14ms)
Unloading 24 Unused Serialized files (Serialized files now loaded: 0)
Unloading 7304 unused Assets / (5.2 MB). Loaded Objects now: 8316.
Memory consumption went from 180.7 MB to 175.5 MB.
Total: 8.057300 ms (FindLiveObjects: 0.661500 ms CreateObjectMapping: 0.564700 ms MarkObjects: 4.541000 ms  DeleteObjects: 2.289200 ms)

Prepare: number of updated asset objects reloaded= 0
========================================================================
Received Prepare
Unloading 24 Unused Serialized files (Serialized files now loaded: 0)
Unloading 7289 unused Assets / (5.4 MB). Loaded Objects now: 8316.
Memory consumption went from 183.9 MB to 178.4 MB.
Total: 8.787000 ms (FindLiveObjects: 0.654100 ms CreateObjectMapping: 0.685300 ms MarkObjects: 5.152200 ms  DeleteObjects: 2.292800 ms)

Prepare: number of updated asset objects reloaded= 0
========================================================================
Received Prepare
Begin MonoManager ReloadAssembly
[Licensing::Client] Successfully resolved entitlement details
Assembly Assembly-CSharp-Editor-firstpass.dll at Library/ScriptAssemblies/Assembly-CSharp-Editor-firstpass.dll not valid. Loading of assembly skipped.
Assembly Assembly-CSharp-Editor.dll at Library/ScriptAssemblies/Assembly-CSharp-Editor.dll not valid. Loading of assembly skipped.
Assembly Assembly-CSharp-firstpass.dll at Library/ScriptAssemblies/Assembly-CSharp-firstpass.dll not valid. Loading of assembly skipped.
Assembly DocCodeExamples.dll at Library/ScriptAssemblies/DocCodeExamples.dll not valid. Loading of assembly skipped.
Assembly TestNewCustomAssembly.dll at Library/ScriptAssemblies/TestNewCustomAssembly.dll not valid. Loading of assembly skipped.
Assembly Unity.2D.Animation.EditorTests.dll at Library/ScriptAssemblies/Unity.2D.Animation.EditorTests.dll not valid. Loading of assembly skipped.
Assembly Unity.2D.Aseprite.EditorTests.dll at Library/ScriptAssemblies/Unity.2D.Aseprite.EditorTests.dll not valid. Loading of assembly skipped.
Assembly Unity.2D.Common.EditorTests.dll at Library/ScriptAssemblies/Unity.2D.Common.EditorTests.dll not valid. Loading of assembly skipped.
Assembly Unity.2D.Psdimporter.EditorTests.dll at Library/ScriptAssemblies/Unity.2D.Psdimporter.EditorTests.dll not valid. Loading of assembly skipped.
Assembly Unity.2D.Sprite.Package.EditorTests.dll at Library/ScriptAssemblies/Unity.2D.Sprite.Package.EditorTests.dll not valid. Loading of assembly skipped.
Assembly Unity.2D.SpriteShape.EditorTests.dll at Library/ScriptAssemblies/Unity.2D.SpriteShape.EditorTests.dll not valid. Loading of assembly skipped.
Assembly Unity.2D.Tilemap.Package.EditorTests.dll at Library/ScriptAssemblies/Unity.2D.Tilemap.Package.EditorTests.dll not valid. Loading of assembly skipped.
Assembly Unity.Collections.BurstCompatibilityGen.dll at Library/ScriptAssemblies/Unity.Collections.BurstCompatibilityGen.dll not valid. Loading of assembly skipped.
Assembly Unity.Collections.DocCodeSamples.dll at Library/ScriptAssemblies/Unity.Collections.DocCodeSamples.dll not valid. Loading of assembly skipped.
Assembly Unity.Collections.PerformanceTests.dll at Library/ScriptAssemblies/Unity.Collections.PerformanceTests.dll not valid. Loading of assembly skipped.
Assembly Unity.Collections.Tests.dll at Library/ScriptAssemblies/Unity.Collections.Tests.dll not valid. Loading of assembly skipped.
Assembly Unity.Collections.Tests.Playmode.dll at Library/ScriptAssemblies/Unity.Collections.Tests.Playmode.dll not valid. Loading of assembly skipped.
Assembly Unity.InputSystem.IntegrationTests.dll at Library/ScriptAssemblies/Unity.InputSystem.IntegrationTests.dll not valid. Loading of assembly skipped.
Assembly Unity.Mathematics.Tests.dll at Library/ScriptAssemblies/Unity.Mathematics.Tests.dll not valid. Loading of assembly skipped.
Assembly Unity.Multiplayer.Center.Editor.Tests.dll at Library/ScriptAssemblies/Unity.Multiplayer.Center.Editor.Tests.dll not valid. Loading of assembly skipped.
Assembly Unity.Multiplayer.Center.Tests.dll at Library/ScriptAssemblies/Unity.Multiplayer.Center.Tests.dll not valid. Loading of assembly skipped.
Assembly Unity.Nuget.Mono-Cecil.dll at Library/ScriptAssemblies/Unity.Nuget.Mono-Cecil.dll not valid. Loading of assembly skipped.
Assembly Unity.PathTracing.Editor.Tests.dll at Library/ScriptAssemblies/Unity.PathTracing.Editor.Tests.dll not valid. Loading of assembly skipped.
Assembly Unity.PathTracing.Runtime.Tests.dll at Library/ScriptAssemblies/Unity.PathTracing.Runtime.Tests.dll not valid. Loading of assembly skipped.
Assembly Unity.RenderPipelines.Core.Editor.Tests.dll at Library/ScriptAssemblies/Unity.RenderPipelines.Core.Editor.Tests.dll not valid. Loading of assembly skipped.
Assembly Unity.RenderPipelines.Core.Runtime.Tests.dll at Library/ScriptAssemblies/Unity.RenderPipelines.Core.Runtime.Tests.dll not valid. Loading of assembly skipped.
Assembly Unity.RenderPipelines.Universal.Config.Editor.Tests.dll at Library/ScriptAssemblies/Unity.RenderPipelines.Universal.Config.Editor.Tests.dll not valid. Loading of assembly skipped.
Assembly Unity.RenderPipelines.Universal.Editor.Tests.dll at Library/ScriptAssemblies/Unity.RenderPipelines.Universal.Editor.Tests.dll not valid. Loading of assembly skipped.
Assembly Unity.RenderPipelines.Universal.Runtime.Tests.dll at Library/ScriptAssemblies/Unity.RenderPipelines.Universal.Runtime.Tests.dll not valid. Loading of assembly skipped.
Assembly Unity.Searcher.EditorTests.dll at Library/ScriptAssemblies/Unity.Searcher.EditorTests.dll not valid. Loading of assembly skipped.
Assembly Unity.ShaderGraph.Editor.Tests.dll at Library/ScriptAssemblies/Unity.ShaderGraph.Editor.Tests.dll not valid. Loading of assembly skipped.
Assembly Unity.TextMeshPro.Editor.Tests.dll at Library/ScriptAssemblies/Unity.TextMeshPro.Editor.Tests.dll not valid. Loading of assembly skipped.
Assembly Unity.TextMeshPro.Tests.dll at Library/ScriptAssemblies/Unity.TextMeshPro.Tests.dll not valid. Loading of assembly skipped.
Assembly Unity.UnifiedRayTracing.Editor.Tests.dll at Library/ScriptAssemblies/Unity.UnifiedRayTracing.Editor.Tests.dll not valid. Loading of assembly skipped.
Assembly UnityEditor.UI.Common.Tests.dll at Library/ScriptAssemblies/UnityEditor.UI.Common.Tests.dll not valid. Loading of assembly skipped.
Assembly UnityEditor.UI.EditorTests.dll at Library/ScriptAssemblies/UnityEditor.UI.EditorTests.dll not valid. Loading of assembly skipped.
Assembly UnityEngine.UI.Tests.dll at Library/ScriptAssemblies/UnityEngine.UI.Tests.dll not valid. Loading of assembly skipped.
Native extension for WindowsStandalone target not found
Native extension for WebGL target not found
[Package Manager] Failed to launch server process. Reason: Unity was launched with the -noUpm command-line argument
[Package Manager] Unable to send message (not connected to server process).
[Package Manager] Cannot connect to Unity Package Manager local server
[Package Manager] Failed to launch server process. Reason: Unity was launched with the -noUpm command-line argument
[Package Manager] Unable to send message (not connected to server process).
[Package Manager] Cannot connect to Unity Package Manager local server
ScheduleIndexationOnStartup MainProcess:False IndexOnStartup:True
Mono: successfully reloaded assembly
- Finished resetting the current domain, in  0.612 seconds
Domain Reload Profiling: 1296ms
	BeginReloadAssembly (181ms)
		DisableScriptedObjects (11ms)
		CreateAndSetChildDomain (40ms)
	RebuildCommonClasses (31ms)
	RebuildNativeTypeToScriptingClass (11ms)
	initialDomainReloadingComplete (49ms)
	LoadAllAssembliesAndSetupDomain (412ms)
		LoadAssemblies (296ms)
		AnalyzeDomain (187ms)
			TypeCache.Refresh (11ms)
			BuildScriptInfoCaches (166ms)
			ResolveRequiredComponents (9ms)
	FinalizeReload (612ms)
		SetupLoadedEditorAssemblies (0ms)
			BeforeProcessingInitializeOnLoad (136ms)
			ProcessInitializeOnLoadAttributes (239ms)
			ProcessInitializeOnLoadMethodAttributes (66ms)
			AfterProcessingInitializeOnLoad (4ms)
		AwakeInstancesAfterBackupRestoration (12ms)
Unloading 24 Unused Serialized files (Serialized files now loaded: 0)
Unloading 7304 unused Assets / (5.8 MB). Loaded Objects now: 8319.
Memory consumption went from 186.9 MB to 181.0 MB.
Total: 7.774200 ms (FindLiveObjects: 0.617800 ms CreateObjectMapping: 0.598900 ms MarkObjects: 4.216300 ms  DeleteObjects: 2.340300 ms)

Prepare: number of updated asset objects reloaded= 0
========================================================================
Received Prepare
Begin MonoManager ReloadAssembly
Assembly Assembly-CSharp-Editor-firstpass.dll at Library/ScriptAssemblies/Assembly-CSharp-Editor-firstpass.dll not valid. Loading of assembly skipped.
Assembly Assembly-CSharp-Editor.dll at Library/ScriptAssemblies/Assembly-CSharp-Editor.dll not valid. Loading of assembly skipped.
Assembly Assembly-CSharp-firstpass.dll at Library/ScriptAssemblies/Assembly-CSharp-firstpass.dll not valid. Loading of assembly skipped.
Assembly DocCodeExamples.dll at Library/ScriptAssemblies/DocCodeExamples.dll not valid. Loading of assembly skipped.
Assembly TestNewCustomAssembly.dll at Library/ScriptAssemblies/TestNewCustomAssembly.dll not valid. Loading of assembly skipped.
Assembly Unity.2D.Animation.EditorTests.dll at Library/ScriptAssemblies/Unity.2D.Animation.EditorTests.dll not valid. Loading of assembly skipped.
Assembly Unity.2D.Aseprite.EditorTests.dll at Library/ScriptAssemblies/Unity.2D.Aseprite.EditorTests.dll not valid. Loading of assembly skipped.
Assembly Unity.2D.Common.EditorTests.dll at Library/ScriptAssemblies/Unity.2D.Common.EditorTests.dll not valid. Loading of assembly skipped.
Assembly Unity.2D.Psdimporter.EditorTests.dll at Library/ScriptAssemblies/Unity.2D.Psdimporter.EditorTests.dll not valid. Loading of assembly skipped.
Assembly Unity.2D.Sprite.Package.EditorTests.dll at Library/ScriptAssemblies/Unity.2D.Sprite.Package.EditorTests.dll not valid. Loading of assembly skipped.
Assembly Unity.2D.SpriteShape.EditorTests.dll at Library/ScriptAssemblies/Unity.2D.SpriteShape.EditorTests.dll not valid. Loading of assembly skipped.
Assembly Unity.2D.Tilemap.Package.EditorTests.dll at Library/ScriptAssemblies/Unity.2D.Tilemap.Package.EditorTests.dll not valid. Loading of assembly skipped.
Assembly Unity.Collections.BurstCompatibilityGen.dll at Library/ScriptAssemblies/Unity.Collections.BurstCompatibilityGen.dll not valid. Loading of assembly skipped.
Assembly Unity.Collections.DocCodeSamples.dll at Library/ScriptAssemblies/Unity.Collections.DocCodeSamples.dll not valid. Loading of assembly skipped.
Assembly Unity.Collections.PerformanceTests.dll at Library/ScriptAssemblies/Unity.Collections.PerformanceTests.dll not valid. Loading of assembly skipped.
Assembly Unity.Collections.Tests.dll at Library/ScriptAssemblies/Unity.Collections.Tests.dll not valid. Loading of assembly skipped.
Assembly Unity.Collections.Tests.Playmode.dll at Library/ScriptAssemblies/Unity.Collections.Tests.Playmode.dll not valid. Loading of assembly skipped.
Assembly Unity.InputSystem.IntegrationTests.dll at Library/ScriptAssemblies/Unity.InputSystem.IntegrationTests.dll not valid. Loading of assembly skipped.
Assembly Unity.Mathematics.Tests.dll at Library/ScriptAssemblies/Unity.Mathematics.Tests.dll not valid. Loading of assembly skipped.
Assembly Unity.Multiplayer.Center.Editor.Tests.dll at Library/ScriptAssemblies/Unity.Multiplayer.Center.Editor.Tests.dll not valid. Loading of assembly skipped.
Assembly Unity.Multiplayer.Center.Tests.dll at Library/ScriptAssemblies/Unity.Multiplayer.Center.Tests.dll not valid. Loading of assembly skipped.
Assembly Unity.Nuget.Mono-Cecil.dll at Library/ScriptAssemblies/Unity.Nuget.Mono-Cecil.dll not valid. Loading of assembly skipped.
Assembly Unity.PathTracing.Editor.Tests.dll at Library/ScriptAssemblies/Unity.PathTracing.Editor.Tests.dll not valid. Loading of assembly skipped.
Assembly Unity.PathTracing.Runtime.Tests.dll at Library/ScriptAssemblies/Unity.PathTracing.Runtime.Tests.dll not valid. Loading of assembly skipped.
Assembly Unity.RenderPipelines.Core.Editor.Tests.dll at Library/ScriptAssemblies/Unity.RenderPipelines.Core.Editor.Tests.dll not valid. Loading of assembly skipped.
Assembly Unity.RenderPipelines.Core.Runtime.Tests.dll at Library/ScriptAssemblies/Unity.RenderPipelines.Core.Runtime.Tests.dll not valid. Loading of assembly skipped.
Assembly Unity.RenderPipelines.Universal.Config.Editor.Tests.dll at Library/ScriptAssemblies/Unity.RenderPipelines.Universal.Config.Editor.Tests.dll not valid. Loading of assembly skipped.
Assembly Unity.RenderPipelines.Universal.Editor.Tests.dll at Library/ScriptAssemblies/Unity.RenderPipelines.Universal.Editor.Tests.dll not valid. Loading of assembly skipped.
Assembly Unity.RenderPipelines.Universal.Runtime.Tests.dll at Library/ScriptAssemblies/Unity.RenderPipelines.Universal.Runtime.Tests.dll not valid. Loading of assembly skipped.
Assembly Unity.Searcher.EditorTests.dll at Library/ScriptAssemblies/Unity.Searcher.EditorTests.dll not valid. Loading of assembly skipped.
Assembly Unity.ShaderGraph.Editor.Tests.dll at Library/ScriptAssemblies/Unity.ShaderGraph.Editor.Tests.dll not valid. Loading of assembly skipped.
Assembly Unity.TextMeshPro.Editor.Tests.dll at Library/ScriptAssemblies/Unity.TextMeshPro.Editor.Tests.dll not valid. Loading of assembly skipped.
Assembly Unity.TextMeshPro.Tests.dll at Library/ScriptAssemblies/Unity.TextMeshPro.Tests.dll not valid. Loading of assembly skipped.
Assembly Unity.UnifiedRayTracing.Editor.Tests.dll at Library/ScriptAssemblies/Unity.UnifiedRayTracing.Editor.Tests.dll not valid. Loading of assembly skipped.
Assembly UnityEditor.UI.Common.Tests.dll at Library/ScriptAssemblies/UnityEditor.UI.Common.Tests.dll not valid. Loading of assembly skipped.
Assembly UnityEditor.UI.EditorTests.dll at Library/ScriptAssemblies/UnityEditor.UI.EditorTests.dll not valid. Loading of assembly skipped.
Assembly UnityEngine.UI.Tests.dll at Library/ScriptAssemblies/UnityEngine.UI.Tests.dll not valid. Loading of assembly skipped.
Native extension for WindowsStandalone target not found
Native extension for WebGL target not found
[Package Manager] Failed to launch server process. Reason: Unity was launched with the -noUpm command-line argument
[Package Manager] Unable to send message (not connected to server process).
[Package Manager] Cannot connect to Unity Package Manager local server
[Package Manager] Failed to launch server process. Reason: Unity was launched with the -noUpm command-line argument
[Package Manager] Unable to send message (not connected to server process).
[Package Manager] Cannot connect to Unity Package Manager local server
ScheduleIndexationOnStartup MainProcess:False IndexOnStartup:True
Mono: successfully reloaded assembly
- Finished resetting the current domain, in  0.631 seconds
Domain Reload Profiling: 1305ms
	BeginReloadAssembly (175ms)
		DisableScriptedObjects (11ms)
		CreateAndSetChildDomain (41ms)
	RebuildCommonClasses (31ms)
	RebuildNativeTypeToScriptingClass (11ms)
	initialDomainReloadingComplete (50ms)
	LoadAllAssembliesAndSetupDomain (406ms)
		LoadAssemblies (284ms)
		AnalyzeDomain (185ms)
			TypeCache.Refresh (8ms)
			BuildScriptInfoCaches (166ms)
			ResolveRequiredComponents (10ms)
	FinalizeReload (632ms)
		SetupLoadedEditorAssemblies (0ms)
			BeforeProcessingInitializeOnLoad (138ms)
			ProcessInitializeOnLoadAttributes (247ms)
			ProcessInitializeOnLoadMethodAttributes (78ms)
			AfterProcessingInitializeOnLoad (4ms)
		AwakeInstancesAfterBackupRestoration (13ms)
Unloading 24 Unused Serialized files (Serialized files now loaded: 0)
Unloading 7304 unused Assets / (4.8 MB). Loaded Objects now: 8322.
Memory consumption went from 190.0 MB to 185.1 MB.
Total: 7.768100 ms (FindLiveObjects: 0.669000 ms CreateObjectMapping: 0.555500 ms MarkObjects: 4.209900 ms  DeleteObjects: 2.332600 ms)

Prepare: number of updated asset objects reloaded= 0
========================================================================
Received Prepare
Begin MonoManager ReloadAssembly
Assembly Assembly-CSharp-Editor-firstpass.dll at Library/ScriptAssemblies/Assembly-CSharp-Editor-firstpass.dll not valid. Loading of assembly skipped.
Assembly Assembly-CSharp-Editor.dll at Library/ScriptAssemblies/Assembly-CSharp-Editor.dll not valid. Loading of assembly skipped.
Assembly Assembly-CSharp-firstpass.dll at Library/ScriptAssemblies/Assembly-CSharp-firstpass.dll not valid. Loading of assembly skipped.
Assembly DocCodeExamples.dll at Library/ScriptAssemblies/DocCodeExamples.dll not valid. Loading of assembly skipped.
Assembly TestNewCustomAssembly.dll at Library/ScriptAssemblies/TestNewCustomAssembly.dll not valid. Loading of assembly skipped.
Assembly Unity.2D.Animation.EditorTests.dll at Library/ScriptAssemblies/Unity.2D.Animation.EditorTests.dll not valid. Loading of assembly skipped.
Assembly Unity.2D.Aseprite.EditorTests.dll at Library/ScriptAssemblies/Unity.2D.Aseprite.EditorTests.dll not valid. Loading of assembly skipped.
Assembly Unity.2D.Common.EditorTests.dll at Library/ScriptAssemblies/Unity.2D.Common.EditorTests.dll not valid. Loading of assembly skipped.
Assembly Unity.2D.Psdimporter.EditorTests.dll at Library/ScriptAssemblies/Unity.2D.Psdimporter.EditorTests.dll not valid. Loading of assembly skipped.
Assembly Unity.2D.Sprite.Package.EditorTests.dll at Library/ScriptAssemblies/Unity.2D.Sprite.Package.EditorTests.dll not valid. Loading of assembly skipped.
Assembly Unity.2D.SpriteShape.EditorTests.dll at Library/ScriptAssemblies/Unity.2D.SpriteShape.EditorTests.dll not valid. Loading of assembly skipped.
Assembly Unity.2D.Tilemap.Package.EditorTests.dll at Library/ScriptAssemblies/Unity.2D.Tilemap.Package.EditorTests.dll not valid. Loading of assembly skipped.
Assembly Unity.Collections.BurstCompatibilityGen.dll at Library/ScriptAssemblies/Unity.Collections.BurstCompatibilityGen.dll not valid. Loading of assembly skipped.
Assembly Unity.Collections.DocCodeSamples.dll at Library/ScriptAssemblies/Unity.Collections.DocCodeSamples.dll not valid. Loading of assembly skipped.
Assembly Unity.Collections.PerformanceTests.dll at Library/ScriptAssemblies/Unity.Collections.PerformanceTests.dll not valid. Loading of assembly skipped.
Assembly Unity.Collections.Tests.dll at Library/ScriptAssemblies/Unity.Collections.Tests.dll not valid. Loading of assembly skipped.
Assembly Unity.Collections.Tests.Playmode.dll at Library/ScriptAssemblies/Unity.Collections.Tests.Playmode.dll not valid. Loading of assembly skipped.
Assembly Unity.InputSystem.IntegrationTests.dll at Library/ScriptAssemblies/Unity.InputSystem.IntegrationTests.dll not valid. Loading of assembly skipped.
Assembly Unity.Mathematics.Tests.dll at Library/ScriptAssemblies/Unity.Mathematics.Tests.dll not valid. Loading of assembly skipped.
Assembly Unity.Multiplayer.Center.Editor.Tests.dll at Library/ScriptAssemblies/Unity.Multiplayer.Center.Editor.Tests.dll not valid. Loading of assembly skipped.
Assembly Unity.Multiplayer.Center.Tests.dll at Library/ScriptAssemblies/Unity.Multiplayer.Center.Tests.dll not valid. Loading of assembly skipped.
Assembly Unity.Nuget.Mono-Cecil.dll at Library/ScriptAssemblies/Unity.Nuget.Mono-Cecil.dll not valid. Loading of assembly skipped.
Assembly Unity.PathTracing.Editor.Tests.dll at Library/ScriptAssemblies/Unity.PathTracing.Editor.Tests.dll not valid. Loading of assembly skipped.
Assembly Unity.PathTracing.Runtime.Tests.dll at Library/ScriptAssemblies/Unity.PathTracing.Runtime.Tests.dll not valid. Loading of assembly skipped.
Assembly Unity.RenderPipelines.Core.Editor.Tests.dll at Library/ScriptAssemblies/Unity.RenderPipelines.Core.Editor.Tests.dll not valid. Loading of assembly skipped.
Assembly Unity.RenderPipelines.Core.Runtime.Tests.dll at Library/ScriptAssemblies/Unity.RenderPipelines.Core.Runtime.Tests.dll not valid. Loading of assembly skipped.
Assembly Unity.RenderPipelines.Universal.Config.Editor.Tests.dll at Library/ScriptAssemblies/Unity.RenderPipelines.Universal.Config.Editor.Tests.dll not valid. Loading of assembly skipped.
Assembly Unity.RenderPipelines.Universal.Editor.Tests.dll at Library/ScriptAssemblies/Unity.RenderPipelines.Universal.Editor.Tests.dll not valid. Loading of assembly skipped.
Assembly Unity.RenderPipelines.Universal.Runtime.Tests.dll at Library/ScriptAssemblies/Unity.RenderPipelines.Universal.Runtime.Tests.dll not valid. Loading of assembly skipped.
Assembly Unity.Searcher.EditorTests.dll at Library/ScriptAssemblies/Unity.Searcher.EditorTests.dll not valid. Loading of assembly skipped.
Assembly Unity.ShaderGraph.Editor.Tests.dll at Library/ScriptAssemblies/Unity.ShaderGraph.Editor.Tests.dll not valid. Loading of assembly skipped.
Assembly Unity.TextMeshPro.Editor.Tests.dll at Library/ScriptAssemblies/Unity.TextMeshPro.Editor.Tests.dll not valid. Loading of assembly skipped.
Assembly Unity.TextMeshPro.Tests.dll at Library/ScriptAssemblies/Unity.TextMeshPro.Tests.dll not valid. Loading of assembly skipped.
Assembly Unity.UnifiedRayTracing.Editor.Tests.dll at Library/ScriptAssemblies/Unity.UnifiedRayTracing.Editor.Tests.dll not valid. Loading of assembly skipped.
Assembly UnityEditor.UI.Common.Tests.dll at Library/ScriptAssemblies/UnityEditor.UI.Common.Tests.dll not valid. Loading of assembly skipped.
Assembly UnityEditor.UI.EditorTests.dll at Library/ScriptAssemblies/UnityEditor.UI.EditorTests.dll not valid. Loading of assembly skipped.
Assembly UnityEngine.UI.Tests.dll at Library/ScriptAssemblies/UnityEngine.UI.Tests.dll not valid. Loading of assembly skipped.
Native extension for WindowsStandalone target not found
Native extension for WebGL target not found
[Package Manager] Failed to launch server process. Reason: Unity was launched with the -noUpm command-line argument
[Package Manager] Unable to send message (not connected to server process).
[Package Manager] Cannot connect to Unity Package Manager local server
[Package Manager] Failed to launch server process. Reason: Unity was launched with the -noUpm command-line argument
[Package Manager] Unable to send message (not connected to server process).
[Package Manager] Cannot connect to Unity Package Manager local server
ScheduleIndexationOnStartup MainProcess:False IndexOnStartup:True
Mono: successfully reloaded assembly
- Finished resetting the current domain, in  0.607 seconds
Domain Reload Profiling: 1286ms
	BeginReloadAssembly (179ms)
		DisableScriptedObjects (11ms)
		CreateAndSetChildDomain (39ms)
	RebuildCommonClasses (30ms)
	RebuildNativeTypeToScriptingClass (11ms)
	initialDomainReloadingComplete (51ms)
	LoadAllAssembliesAndSetupDomain (408ms)
		LoadAssemblies (292ms)
		AnalyzeDomain (187ms)
			TypeCache.Refresh (8ms)
			BuildScriptInfoCaches (168ms)
			ResolveRequiredComponents (9ms)
	FinalizeReload (607ms)
		SetupLoadedEditorAssemblies (0ms)
			BeforeProcessingInitializeOnLoad (136ms)
			ProcessInitializeOnLoadAttributes (249ms)
			ProcessInitializeOnLoadMethodAttributes (65ms)
			AfterProcessingInitializeOnLoad (4ms)
		AwakeInstancesAfterBackupRestoration (12ms)
Unloading 24 Unused Serialized files (Serialized files now loaded: 0)
Unloading 7304 unused Assets / (5.1 MB). Loaded Objects now: 8325.
Memory consumption went from 193.1 MB to 188.0 MB.
Total: 7.298400 ms (FindLiveObjects: 0.623700 ms CreateObjectMapping: 0.538300 ms MarkObjects: 4.122000 ms  DeleteObjects: 2.013200 ms)

Prepare: number of updated asset objects reloaded= 0
========================================================================
Received Prepare
Begin MonoManager ReloadAssembly
[Licensing::Client] Successfully resolved entitlement details
Assembly Assembly-CSharp-Editor-firstpass.dll at Library/ScriptAssemblies/Assembly-CSharp-Editor-firstpass.dll not valid. Loading of assembly skipped.
Assembly Assembly-CSharp-Editor.dll at Library/ScriptAssemblies/Assembly-CSharp-Editor.dll not valid. Loading of assembly skipped.
Assembly Assembly-CSharp-firstpass.dll at Library/ScriptAssemblies/Assembly-CSharp-firstpass.dll not valid. Loading of assembly skipped.
Assembly DocCodeExamples.dll at Library/ScriptAssemblies/DocCodeExamples.dll not valid. Loading of assembly skipped.
Assembly TestNewCustomAssembly.dll at Library/ScriptAssemblies/TestNewCustomAssembly.dll not valid. Loading of assembly skipped.
Assembly Unity.2D.Animation.EditorTests.dll at Library/ScriptAssemblies/Unity.2D.Animation.EditorTests.dll not valid. Loading of assembly skipped.
Assembly Unity.2D.Aseprite.EditorTests.dll at Library/ScriptAssemblies/Unity.2D.Aseprite.EditorTests.dll not valid. Loading of assembly skipped.
Assembly Unity.2D.Common.EditorTests.dll at Library/ScriptAssemblies/Unity.2D.Common.EditorTests.dll not valid. Loading of assembly skipped.
Assembly Unity.2D.Psdimporter.EditorTests.dll at Library/ScriptAssemblies/Unity.2D.Psdimporter.EditorTests.dll not valid. Loading of assembly skipped.
Assembly Unity.2D.Sprite.Package.EditorTests.dll at Library/ScriptAssemblies/Unity.2D.Sprite.Package.EditorTests.dll not valid. Loading of assembly skipped.
Assembly Unity.2D.SpriteShape.EditorTests.dll at Library/ScriptAssemblies/Unity.2D.SpriteShape.EditorTests.dll not valid. Loading of assembly skipped.
Assembly Unity.2D.Tilemap.Package.EditorTests.dll at Library/ScriptAssemblies/Unity.2D.Tilemap.Package.EditorTests.dll not valid. Loading of assembly skipped.
Assembly Unity.Collections.BurstCompatibilityGen.dll at Library/ScriptAssemblies/Unity.Collections.BurstCompatibilityGen.dll not valid. Loading of assembly skipped.
Assembly Unity.Collections.DocCodeSamples.dll at Library/ScriptAssemblies/Unity.Collections.DocCodeSamples.dll not valid. Loading of assembly skipped.
Assembly Unity.Collections.PerformanceTests.dll at Library/ScriptAssemblies/Unity.Collections.PerformanceTests.dll not valid. Loading of assembly skipped.
Assembly Unity.Collections.Tests.dll at Library/ScriptAssemblies/Unity.Collections.Tests.dll not valid. Loading of assembly skipped.
Assembly Unity.Collections.Tests.Playmode.dll at Library/ScriptAssemblies/Unity.Collections.Tests.Playmode.dll not valid. Loading of assembly skipped.
Assembly Unity.InputSystem.IntegrationTests.dll at Library/ScriptAssemblies/Unity.InputSystem.IntegrationTests.dll not valid. Loading of assembly skipped.
Assembly Unity.Mathematics.Tests.dll at Library/ScriptAssemblies/Unity.Mathematics.Tests.dll not valid. Loading of assembly skipped.
Assembly Unity.Multiplayer.Center.Editor.Tests.dll at Library/ScriptAssemblies/Unity.Multiplayer.Center.Editor.Tests.dll not valid. Loading of assembly skipped.
Assembly Unity.Multiplayer.Center.Tests.dll at Library/ScriptAssemblies/Unity.Multiplayer.Center.Tests.dll not valid. Loading of assembly skipped.
Assembly Unity.Nuget.Mono-Cecil.dll at Library/ScriptAssemblies/Unity.Nuget.Mono-Cecil.dll not valid. Loading of assembly skipped.
Assembly Unity.PathTracing.Editor.Tests.dll at Library/ScriptAssemblies/Unity.PathTracing.Editor.Tests.dll not valid. Loading of assembly skipped.
Assembly Unity.PathTracing.Runtime.Tests.dll at Library/ScriptAssemblies/Unity.PathTracing.Runtime.Tests.dll not valid. Loading of assembly skipped.
Assembly Unity.RenderPipelines.Core.Editor.Tests.dll at Library/ScriptAssemblies/Unity.RenderPipelines.Core.Editor.Tests.dll not valid. Loading of assembly skipped.
Assembly Unity.RenderPipelines.Core.Runtime.Tests.dll at Library/ScriptAssemblies/Unity.RenderPipelines.Core.Runtime.Tests.dll not valid. Loading of assembly skipped.
Assembly Unity.RenderPipelines.Universal.Config.Editor.Tests.dll at Library/ScriptAssemblies/Unity.RenderPipelines.Universal.Config.Editor.Tests.dll not valid. Loading of assembly skipped.
Assembly Unity.RenderPipelines.Universal.Editor.Tests.dll at Library/ScriptAssemblies/Unity.RenderPipelines.Universal.Editor.Tests.dll not valid. Loading of assembly skipped.
Assembly Unity.RenderPipelines.Universal.Runtime.Tests.dll at Library/ScriptAssemblies/Unity.RenderPipelines.Universal.Runtime.Tests.dll not valid. Loading of assembly skipped.
Assembly Unity.Searcher.EditorTests.dll at Library/ScriptAssemblies/Unity.Searcher.EditorTests.dll not valid. Loading of assembly skipped.
Assembly Unity.ShaderGraph.Editor.Tests.dll at Library/ScriptAssemblies/Unity.ShaderGraph.Editor.Tests.dll not valid. Loading of assembly skipped.
Assembly Unity.TextMeshPro.Editor.Tests.dll at Library/ScriptAssemblies/Unity.TextMeshPro.Editor.Tests.dll not valid. Loading of assembly skipped.
Assembly Unity.TextMeshPro.Tests.dll at Library/ScriptAssemblies/Unity.TextMeshPro.Tests.dll not valid. Loading of assembly skipped.
Assembly Unity.UnifiedRayTracing.Editor.Tests.dll at Library/ScriptAssemblies/Unity.UnifiedRayTracing.Editor.Tests.dll not valid. Loading of assembly skipped.
Assembly UnityEditor.UI.Common.Tests.dll at Library/ScriptAssemblies/UnityEditor.UI.Common.Tests.dll not valid. Loading of assembly skipped.
Assembly UnityEditor.UI.EditorTests.dll at Library/ScriptAssemblies/UnityEditor.UI.EditorTests.dll not valid. Loading of assembly skipped.
Assembly UnityEngine.UI.Tests.dll at Library/ScriptAssemblies/UnityEngine.UI.Tests.dll not valid. Loading of assembly skipped.
Native extension for WindowsStandalone target not found
Native extension for WebGL target not found
[Package Manager] Failed to launch server process. Reason: Unity was launched with the -noUpm command-line argument
[Package Manager] Unable to send message (not connected to server process).
[Package Manager] Cannot connect to Unity Package Manager local server
[Package Manager] Failed to launch server process. Reason: Unity was launched with the -noUpm command-line argument
[Package Manager] Unable to send message (not connected to server process).
[Package Manager] Cannot connect to Unity Package Manager local server
ScheduleIndexationOnStartup MainProcess:False IndexOnStartup:True
Mono: successfully reloaded assembly
- Finished resetting the current domain, in  0.683 seconds
Domain Reload Profiling: 1382ms
	BeginReloadAssembly (184ms)
		DisableScriptedObjects (15ms)
		CreateAndSetChildDomain (40ms)
	RebuildCommonClasses (37ms)
	RebuildNativeTypeToScriptingClass (13ms)
	initialDomainReloadingComplete (59ms)
	LoadAllAssembliesAndSetupDomain (406ms)
		LoadAssemblies (282ms)
		AnalyzeDomain (191ms)
			TypeCache.Refresh (11ms)
			BuildScriptInfoCaches (168ms)
			ResolveRequiredComponents (10ms)
	FinalizeReload (683ms)
		SetupLoadedEditorAssemblies (0ms)
			BeforeProcessingInitializeOnLoad (142ms)
			ProcessInitializeOnLoadAttributes (281ms)
			ProcessInitializeOnLoadMethodAttributes (80ms)
			AfterProcessingInitializeOnLoad (5ms)
		AwakeInstancesAfterBackupRestoration (16ms)
Unloading 24 Unused Serialized files (Serialized files now loaded: 0)
Unloading 7304 unused Assets / (5.5 MB). Loaded Objects now: 8328.
Memory consumption went from 196.2 MB to 190.7 MB.
Total: 9.719800 ms (FindLiveObjects: 0.745900 ms CreateObjectMapping: 1.720000 ms MarkObjects: 4.583200 ms  DeleteObjects: 2.669400 ms)

Prepare: number of updated asset objects reloaded= 0
========================================================================
Received Prepare
Begin MonoManager ReloadAssembly
Assembly Assembly-CSharp-Editor-firstpass.dll at Library/ScriptAssemblies/Assembly-CSharp-Editor-firstpass.dll not valid. Loading of assembly skipped.
Assembly Assembly-CSharp-Editor.dll at Library/ScriptAssemblies/Assembly-CSharp-Editor.dll not valid. Loading of assembly skipped.
Assembly Assembly-CSharp-firstpass.dll at Library/ScriptAssemblies/Assembly-CSharp-firstpass.dll not valid. Loading of assembly skipped.
Assembly DocCodeExamples.dll at Library/ScriptAssemblies/DocCodeExamples.dll not valid. Loading of assembly skipped.
Assembly TestNewCustomAssembly.dll at Library/ScriptAssemblies/TestNewCustomAssembly.dll not valid. Loading of assembly skipped.
Assembly Unity.2D.Animation.EditorTests.dll at Library/ScriptAssemblies/Unity.2D.Animation.EditorTests.dll not valid. Loading of assembly skipped.
Assembly Unity.2D.Aseprite.EditorTests.dll at Library/ScriptAssemblies/Unity.2D.Aseprite.EditorTests.dll not valid. Loading of assembly skipped.
Assembly Unity.2D.Common.EditorTests.dll at Library/ScriptAssemblies/Unity.2D.Common.EditorTests.dll not valid. Loading of assembly skipped.
Assembly Unity.2D.Psdimporter.EditorTests.dll at Library/ScriptAssemblies/Unity.2D.Psdimporter.EditorTests.dll not valid. Loading of assembly skipped.
Assembly Unity.2D.Sprite.Package.EditorTests.dll at Library/ScriptAssemblies/Unity.2D.Sprite.Package.EditorTests.dll not valid. Loading of assembly skipped.
Assembly Unity.2D.SpriteShape.EditorTests.dll at Library/ScriptAssemblies/Unity.2D.SpriteShape.EditorTests.dll not valid. Loading of assembly skipped.
Assembly Unity.2D.Tilemap.Package.EditorTests.dll at Library/ScriptAssemblies/Unity.2D.Tilemap.Package.EditorTests.dll not valid. Loading of assembly skipped.
Assembly Unity.Collections.BurstCompatibilityGen.dll at Library/ScriptAssemblies/Unity.Collections.BurstCompatibilityGen.dll not valid. Loading of assembly skipped.
Assembly Unity.Collections.DocCodeSamples.dll at Library/ScriptAssemblies/Unity.Collections.DocCodeSamples.dll not valid. Loading of assembly skipped.
Assembly Unity.Collections.PerformanceTests.dll at Library/ScriptAssemblies/Unity.Collections.PerformanceTests.dll not valid. Loading of assembly skipped.
Assembly Unity.Collections.Tests.dll at Library/ScriptAssemblies/Unity.Collections.Tests.dll not valid. Loading of assembly skipped.
Assembly Unity.Collections.Tests.Playmode.dll at Library/ScriptAssemblies/Unity.Collections.Tests.Playmode.dll not valid. Loading of assembly skipped.
Assembly Unity.InputSystem.IntegrationTests.dll at Library/ScriptAssemblies/Unity.InputSystem.IntegrationTests.dll not valid. Loading of assembly skipped.
Assembly Unity.Mathematics.Tests.dll at Library/ScriptAssemblies/Unity.Mathematics.Tests.dll not valid. Loading of assembly skipped.
Assembly Unity.Multiplayer.Center.Editor.Tests.dll at Library/ScriptAssemblies/Unity.Multiplayer.Center.Editor.Tests.dll not valid. Loading of assembly skipped.
Assembly Unity.Multiplayer.Center.Tests.dll at Library/ScriptAssemblies/Unity.Multiplayer.Center.Tests.dll not valid. Loading of assembly skipped.
Assembly Unity.Nuget.Mono-Cecil.dll at Library/ScriptAssemblies/Unity.Nuget.Mono-Cecil.dll not valid. Loading of assembly skipped.
Assembly Unity.PathTracing.Editor.Tests.dll at Library/ScriptAssemblies/Unity.PathTracing.Editor.Tests.dll not valid. Loading of assembly skipped.
Assembly Unity.PathTracing.Runtime.Tests.dll at Library/ScriptAssemblies/Unity.PathTracing.Runtime.Tests.dll not valid. Loading of assembly skipped.
Assembly Unity.RenderPipelines.Core.Editor.Tests.dll at Library/ScriptAssemblies/Unity.RenderPipelines.Core.Editor.Tests.dll not valid. Loading of assembly skipped.
Assembly Unity.RenderPipelines.Core.Runtime.Tests.dll at Library/ScriptAssemblies/Unity.RenderPipelines.Core.Runtime.Tests.dll not valid. Loading of assembly skipped.
Assembly Unity.RenderPipelines.Universal.Config.Editor.Tests.dll at Library/ScriptAssemblies/Unity.RenderPipelines.Universal.Config.Editor.Tests.dll not valid. Loading of assembly skipped.
Assembly Unity.RenderPipelines.Universal.Editor.Tests.dll at Library/ScriptAssemblies/Unity.RenderPipelines.Universal.Editor.Tests.dll not valid. Loading of assembly skipped.
Assembly Unity.RenderPipelines.Universal.Runtime.Tests.dll at Library/ScriptAssemblies/Unity.RenderPipelines.Universal.Runtime.Tests.dll not valid. Loading of assembly skipped.
Assembly Unity.Searcher.EditorTests.dll at Library/ScriptAssemblies/Unity.Searcher.EditorTests.dll not valid. Loading of assembly skipped.
Assembly Unity.ShaderGraph.Editor.Tests.dll at Library/ScriptAssemblies/Unity.ShaderGraph.Editor.Tests.dll not valid. Loading of assembly skipped.
Assembly Unity.TextMeshPro.Editor.Tests.dll at Library/ScriptAssemblies/Unity.TextMeshPro.Editor.Tests.dll not valid. Loading of assembly skipped.
Assembly Unity.TextMeshPro.Tests.dll at Library/ScriptAssemblies/Unity.TextMeshPro.Tests.dll not valid. Loading of assembly skipped.
Assembly Unity.UnifiedRayTracing.Editor.Tests.dll at Library/ScriptAssemblies/Unity.UnifiedRayTracing.Editor.Tests.dll not valid. Loading of assembly skipped.
Assembly UnityEditor.UI.Common.Tests.dll at Library/ScriptAssemblies/UnityEditor.UI.Common.Tests.dll not valid. Loading of assembly skipped.
Assembly UnityEditor.UI.EditorTests.dll at Library/ScriptAssemblies/UnityEditor.UI.EditorTests.dll not valid. Loading of assembly skipped.
Assembly UnityEngine.UI.Tests.dll at Library/ScriptAssemblies/UnityEngine.UI.Tests.dll not valid. Loading of assembly skipped.
Native extension for WindowsStandalone target not found
Native extension for WebGL target not found
[Package Manager] Failed to launch server process. Reason: Unity was launched with the -noUpm command-line argument
[Package Manager] Unable to send message (not connected to server process).
[Package Manager] Cannot connect to Unity Package Manager local server
[Package Manager] Failed to launch server process. Reason: Unity was launched with the -noUpm command-line argument
[Package Manager] Unable to send message (not connected to server process).
[Package Manager] Cannot connect to Unity Package Manager local server
ScheduleIndexationOnStartup MainProcess:False IndexOnStartup:True
Mono: successfully reloaded assembly
- Finished resetting the current domain, in  0.620 seconds
Domain Reload Profiling: 1309ms
	BeginReloadAssembly (193ms)
		DisableScriptedObjects (11ms)
		CreateAndSetChildDomain (42ms)
	RebuildCommonClasses (33ms)
	RebuildNativeTypeToScriptingClass (10ms)
	initialDomainReloadingComplete (52ms)
	LoadAllAssembliesAndSetupDomain (400ms)
		LoadAssemblies (295ms)
		AnalyzeDomain (186ms)
			TypeCache.Refresh (7ms)
			BuildScriptInfoCaches (167ms)
			ResolveRequiredComponents (10ms)
	FinalizeReload (620ms)
		SetupLoadedEditorAssemblies (0ms)
			BeforeProcessingInitializeOnLoad (134ms)
			ProcessInitializeOnLoadAttributes (249ms)
			ProcessInitializeOnLoadMethodAttributes (70ms)
			AfterProcessingInitializeOnLoad (5ms)
		AwakeInstancesAfterBackupRestoration (13ms)
Unloading 24 Unused Serialized files (Serialized files now loaded: 0)
Unloading 7304 unused Assets / (5.0 MB). Loaded Objects now: 8331.
Memory consumption went from 199.3 MB to 194.3 MB.
Total: 8.302300 ms (FindLiveObjects: 0.779200 ms CreateObjectMapping: 0.523700 ms MarkObjects: 4.597800 ms  DeleteObjects: 2.400500 ms)

Prepare: number of updated asset objects reloaded= 0
